country,CHL,CHL,CHL,CHL,CHL,CHL,CHL,CHL,CHL,CHL,CHL,CHL,CHL,CHL,CHL,CHL,CHL,CHL,CHL,CHL,CHL,CHL,CHL,CHL,CHL,CHL,CHL,CHL,CHL,CHL,CHL,CHL,CHL,CHL,CHL,CHL,CHL,CHL,CHL,CHL,CHL,CHL,CHL,CHL,CHL,CHL,CHL,CHL,CHL,CHL,CHL,CHL,CHL,CHL,CHL,CHL,CHL,CHL,CHL,CHL,CHL,CHL,CHL,CHL,CHL,CHL,CHL,CHL,CHL,CHL,CHL,CHL,CHL,CHL,CHL,CHL,CHL,CHL,CHL,CHL,CHL,CHL,CHL,CHL,CHL,CHL,CHL,CHL,CHL,CHL,CHL,CHL,CHL,CHL,CHL,CHL,CHL,CHL,CHL,CHL,CHL,CHL,CHL,CHL,CHL,CHL,CHL,CHL,CHL,CHL,CHL,CHL,CHL,CHL,CHL,CHL,CHL,CHL,CHL,CHL,CHL,CHL,CHL,CHL,CHL,CHL,CHL,CHL,CHL,CHL,CHL,CHL,CHL,CHL,CHL,CHL,CHL,CHL,CHL,CHL,CHL,CHL,CHL,CHL,CHL,CHL,CHL,CHL,CHL,CHL,CHL,CHL,CHL,CHL,CHL,CHL,CHL,CHL,CHL,CHL,CHL,CHL,CHL,CHL,CHL,CHL,CHL,CHL,CHL,CHL,CHL,CHL,CHL,CHL,CHL,CHL,CHL,CHL,CHL,CHL,CHL,CHL,CHL,CHL,CHL,CHL,CHL,CHL,CHL,CHL,CHL,CHL,CHL,CHL,CHL,CHL,CHL,CHL,CHL,CHL,CHL,CHL,CHL,CHL,CHL,CHL,CHL,CHL,CHL,CHL,CHL,CHL,CHL,CHL,CHL,CHL,CHL,CHL,CHL,CHL,CHL,CHL,CHL,CHL,CHL,CHL,CHL,CHL,CHL,CHL,CHL,CHL,CHL,CHL,CHL,CHL,CHL,CHL,CHL,CHL,CHL,CHL,CHL,CHL,CHL,CHL,CHL,CHL,CHL,CHL,CHL,CHL,CHL,CHL,CHL,CHL,CHL,CHL,CHL,CHL,CHL,CHL,CHL,CHL,CHL,CHL,CHL,CHL,CHL,CHL,CHL,CHL,CHL,CHL,CHL,CHL,CHL,CHL,CHL,CHL,CHL,CHL,CHL,CHL,CHL,CHL,CHL,CHL,CHL,CHL,CHL,CHL,CHL,CHL,CHL,CHL,CHL,CHL,CHL,CHL,CHL,CHL,CHL,CHL,CHL,CHL,CHL,CHL,CHL,CHL,CHL,CHL,CHL,CHL,CHL,CHL,CHL,CHL,CHL,CHL,CHL,CHL,CHL
subject,B11,B11,B11,B11,B1G,B1G,B1G,B1G,B1GVA,B1GVA,B1GVA,B1GVA,B1GVB_E,B1GVB_E,B1GVB_E,B1GVC,B1GVC,B1GVC,B1GVC,B1GVF,B1GVF,B1GVF,B1GVF,B1GVG_I,B1GVG_I,B1GVG_I,B1GVG_I,B1GVG_U,B1GVG_U,B1GVG_U,B1GVG_U,B1GVJ,B1GVJ,B1GVJ,B1GVJ,B1GVK,B1GVK,B1GVK,B1GVK,B1GVL,B1GVL,B1GVL,B1GVL,B1GVM_N,B1GVM_N,B1GVM_N,B1GVM_N,B1GVO_Q,B1GVO_Q,B1GVO_Q,B1GVO_Q,B1_GA,B1_GA,B1_GA,B1_GA,B1_GE,B1_GE,B1_GE,B1_GE,B1_GE,B1_GE,B1_GE,B1_GE,B1_GE,B1_GE,B1_GE,B1_GE,B1_GE,B1_GE,B1_GE,B1_GS1,B1_GS1,B5_GS1,B5_NS1,B6GS1,B6NS1,B8GS1,D1_D4FRS2,D1_D4NFRS2,D1_D4TOS2,D21S1,D21S1,D21S1,D21S1,D21_D31,D21_D31,D21_D31,D21_D31,D5_D7FRS2,D5_D7NFRS2,D5_D7TOS2,EEM,EEM,EEMNC,EEMVA,EEMVA,EEMVB_E,EEMVB_E,EEMVC,EEMVC,EEMVF,EEMVF,EEMVG_I,EEMVG_I,EEMVJ,EEMVJ,EEMVK,EEMVK,EEMVL,EEMVL,EEMVM_N,EEMVM_N,EEMVO_Q,EEMVO_Q,EEMVR_U,EEMVR_U,ESE,ESE,ESENC,ESEVA,ESEVA,ESEVB_E,ESEVB_E,ESEVC,ESEVC,ESEVF,ESEVF,ESEVG_I,ESEVG_I,ESEVJ,ESEVJ,ESEVK,ESEVK,ESEVL,ESEVL,ESEVM_N,ESEVM_N,ESEVO_Q,ESEVO_Q,ESEVR_U,ESEVR_U,ETO,ETO,ETONC,ETOVA,ETOVA,ETOVB_E,ETOVB_E,ETOVC,ETOVC,ETOVF,ETOVF,ETOVG_I,ETOVG_I,ETOVJ,ETOVJ,ETOVK,ETOVK,ETOVL,ETOVL,ETOVM_N,ETOVM_N,ETOVO_Q,ETOVO_Q,ETOVR_U,ETOVR_U,P3,P3,P3,P3,P3,P311B,P311B,P311B,P311B,P312N,P312N,P312N,P312N,P313B,P313B,P313B,P313B,P314B,P314B,P314B,P314B,P31DC,P31DC,P31DC,P31DC,P31NC,P31NC,P31NC,P31NC,P31S14_S15,P31S14_S15,P31S14_S15,P31S14_S15,P31S14_S15,P31S14_S15,P31S14_S15,P31S14_S15,P31S14_S15,P31S14_S15,P31S14_S15,P31S14_S15,P31S14_S15,P31S14_S15B,P31S14_S15B,P31S14_S15B,P31S14_S15B,P3S1,P3S13,P3S13,P3S13,P3S13,P3S13,P3S13,P3S13,P3S13,P3S13,P3S13,P3S13,P3S13,P3S13,P3_P5,P3_P5,P3_P5,P3_P5,P5,P5,P5,P5,P5,P51,P51,P51,P51,P51,P51,P51,P51,P51,P51,P51,P51,P51,P51A,P51A,P51A,P51A,P51N1112,P51N1112,P51N1112,P51N1112,P51N1113,P51N1113,P51N1113,P51N1113,P52,P52,P52_P53,P52_P53,P5S1,P6,P6,P6,P6,P6,P6,P6,P6,P6,P6,P6,P6,P6,P61,P61,P61,P61,P62,P62,P62,P62,P7,P7,P7,P7,P7,P7,P7,P7,P7,P7,P7,P7,P7,P71,P71,P71,P71,P72,P72,P72,P72,POPNC,POPNC,PPPGDP,RB1_GA,RB1_GA,RB1_GE,RB1_GE,RB1_GE,RB1_GE,RB1_GE,RB1_GE,RB1_GS1,RP51,RP51,RP51,RP51
measure,CQR,CQRSA,LNBQR,LNBQRSA,CQR,CQRSA,LNBQR,LNBQRSA,CQR,CQRSA,LNBQR,LNBQRSA,CQRSA,LNBQR,LNBQRSA,CQR,CQRSA,LNBQR,LNBQRSA,CQR,CQRSA,LNBQR,LNBQRSA,CQR,CQRSA,LNBQR,LNBQRSA,CQR,CQRSA,LNBQR,LNBQRSA,CQR,CQRSA,LNBQR,LNBQRSA,CQR,CQRSA,LNBQR,LNBQRSA,CQR,CQRSA,LNBQR,LNBQRSA,CQR,CQRSA,LNBQR,LNBQRSA,CQR,CQRSA,LNBQR,LNBQRSA,CQR,CQRSA,LNBQR,LNBQRSA,CARSA,CPCARSA,CQR,CQRSA,DNBSA,DOBSA,GPSA,GYSA,HCPCARSA,HVPVOBARSA,LNBQR,LNBQRSA,VIXOBSA,VOBARSA,VPVOBARSA,CQR,LNBQR,CQR,CQR,CQR,CQR,CQR,CQR,CQR,CQR,CQR,CQRSA,LNBQR,LNBQRSA,CQR,CQRSA,LNBQR,LNBQRSA,CQR,CQR,CQR,HRS,PER,PER,HRS,PER,HRS,PER,HRS,PER,HRS,PER,HRS,PER,HRS,PER,HRS,PER,HRS,PER,HRS,PER,HRS,PER,HRS,PER,HRS,PER,PER,HRS,PER,HRS,PER,HRS,PER,HRS,PER,HRS,PER,HRS,PER,HRS,PER,HRS,PER,HRS,PER,HRS,PER,HRS,PER,HRS,PER,PER,HRS,PER,HRS,PER,HRS,PER,HRS,PER,HRS,PER,HRS,PER,HRS,PER,HRS,PER,HRS,PER,HRS,PER,HRS,PER,CQR,CQRSA,DNBSA,LNBQR,LNBQRSA,CQR,CQRSA,LNBQR,LNBQRSA,CQR,CQRSA,LNBQR,LNBQRSA,CQR,CQRSA,LNBQR,LNBQRSA,CQR,CQRSA,LNBQR,LNBQRSA,CQR,CQRSA,LNBQR,LNBQRSA,CQR,CQRSA,LNBQR,LNBQRSA,CARSA,CPCARSA,CQR,CQRSA,DNBSA,DOBSA,GPSA,GYSA,LNBQR,LNBQRSA,VIXOBSA,VOBARSA,VPVOBARSA,CQR,CQRSA,LNBQR,LNBQRSA,CQR,CARSA,CPCARSA,CQR,CQRSA,DNBSA,DOBSA,GPSA,GYSA,LNBQR,LNBQRSA,VIXOBSA,VOBARSA,VPVOBARSA,CQR,CQRSA,LNBQR,LNBQRSA,CQR,CQRSA,DNBSA,LNBQR,LNBQRSA,CARSA,CPCARSA,CQR,CQRSA,DNBSA,DOBSA,GPSA,GYSA,LNBQR,LNBQRSA,VIXOBSA,VOBARSA,VPVOBARSA,CQR,CQRSA,LNBQR,LNBQRSA,CQR,CQRSA,LNBQR,LNBQRSA,CQR,CQRSA,LNBQR,LNBQRSA,CQR,CQRSA,CQR,CQRSA,CQR,CARSA,CPCARSA,CQR,CQRSA,DNBSA,DOBSA,GPSA,GYSA,LNBQR,LNBQRSA,VIXOBSA,VOBARSA,VPVOBARSA,CQR,CQRSA,LNBQR,LNBQRSA,CQR,CQRSA,LNBQR,LNBQRSA,CARSA,CPCARSA,CQR,CQRSA,DNBSA,DOBSA,GPSA,GYSA,LNBQR,LNBQRSA,VIXOBSA,VOBARSA,VPVOBARSA,CQR,CQRSA,LNBQR,LNBQRSA,CQR,CQRSA,LNBQR,LNBQRSA,PER,PERSA,CD,CQR,LNBQR,CARSA,CQR,CQRSA,LNBQR,LNBQRSA,VOBARSA,CQR,CQR,CQRSA,LNBQR,LNBQRSA
unit,Chilean Peso,Chilean Peso,Chilean Peso,Chilean Peso,Chilean Peso,Chilean Peso,Chilean Peso,Chilean Peso,Chilean Peso,Chilean Peso,Chilean Peso,Chilean Peso,Chilean Peso,Chilean Peso,Chilean Peso,Chilean Peso,Chilean Peso,Chilean Peso,Chilean Peso,Chilean Peso,Chilean Peso,Chilean Peso,Chilean Peso,Chilean Peso,Chilean Peso,Chilean Peso,Chilean Peso,Chilean Peso,Chilean Peso,Chilean Peso,Chilean Peso,Chilean Peso,Chilean Peso,Chilean Peso,Chilean Peso,Chilean Peso,Chilean Peso,Chilean Peso,Chilean Peso,Chilean Peso,Chilean Peso,Chilean Peso,Chilean Peso,Chilean Peso,Chilean Peso,Chilean Peso,Chilean Peso,Chilean Peso,Chilean Peso,Chilean Peso,Chilean Peso,Chilean Peso,Chilean Peso,Chilean Peso,Chilean Peso,Chilean Peso,US Dollar,Chilean Peso,Chilean Peso,Index,Index,Percentage,Percentage,US Dollar,US Dollar,Chilean Peso,Chilean Peso,Index,Chilean Peso,US Dollar,Chilean Peso,Chilean Peso,Chilean Peso,Chilean Peso,Chilean Peso,Chilean Peso,Chilean Peso,Chilean Peso,Chilean Peso,Chilean Peso,Chilean Peso,Chilean Peso,Chilean Peso,Chilean Peso,Chilean Peso,Chilean Peso,Chilean Peso,Chilean Peso,Chilean Peso,Chilean Peso,Chilean Peso,Hours,Persons,Persons,Hours,Persons,Hours,Persons,Hours,Persons,Hours,Persons,Hours,Persons,Hours,Persons,Hours,Persons,Hours,Persons,Hours,Persons,Hours,Persons,Hours,Persons,Hours,Persons,Persons,Hours,Persons,Hours,Persons,Hours,Persons,Hours,Persons,Hours,Persons,Hours,Persons,Hours,Persons,Hours,Persons,Hours,Persons,Hours,Persons,Hours,Persons,Hours,Persons,Persons,Hours,Persons,Hours,Persons,Hours,Persons,Hours,Persons,Hours,Persons,Hours,Persons,Hours,Persons,Hours,Persons,Hours,Persons,Hours,Persons,Hours,Persons,Chilean Peso,Chilean Peso,Index,Chilean Peso,Chilean Peso,Chilean Peso,Chilean Peso,Chilean Peso,Chilean Peso,Chilean Peso,Chilean Peso,Chilean Peso,Chilean Peso,Chilean Peso,Chilean Peso,Chilean Peso,Chilean Peso,Chilean Peso,Chilean Peso,Chilean Peso,Chilean Peso,Chilean Peso,Chilean Peso,Chilean Peso,Chilean Peso,Chilean Peso,Chilean Peso,Chilean Peso,Chilean Peso,Chilean Peso,US Dollar,Chilean Peso,Chilean Peso,Index,Index,Percentage,Percentage,Chilean Peso,Chilean Peso,Index,Chilean Peso,US Dollar,Chilean Peso,Chilean Peso,Chilean Peso,Chilean Peso,Chilean Peso,Chilean Peso,US Dollar,Chilean Peso,Chilean Peso,Index,Index,Percentage,Percentage,Chilean Peso,Chilean Peso,Index,Chilean Peso,US Dollar,Chilean Peso,Chilean Peso,Chilean Peso,Chilean Peso,Chilean Peso,Chilean Peso,Index,Chilean Peso,Chilean Peso,Chilean Peso,US Dollar,Chilean Peso,Chilean Peso,Index,Index,Percentage,Percentage,Chilean Peso,Chilean Peso,Index,Chilean Peso,US Dollar,Chilean Peso,Chilean Peso,Chilean Peso,Chilean Peso,Chilean Peso,Chilean Peso,Chilean Peso,Chilean Peso,Chilean Peso,Chilean Peso,Chilean Peso,Chilean Peso,Chilean Peso,Chilean Peso,Chilean Peso,Chilean Peso,Chilean Peso,Chilean Peso,US Dollar,Chilean Peso,Chilean Peso,Index,Index,Percentage,Percentage,Chilean Peso,Chilean Peso,Index,Chilean Peso,US Dollar,Chilean Peso,Chilean Peso,Chilean Peso,Chilean Peso,Chilean Peso,Chilean Peso,Chilean Peso,Chilean Peso,Chilean Peso,US Dollar,Chilean Peso,Chilean Peso,Index,Index,Percentage,Percentage,Chilean Peso,Chilean Peso,Index,Chilean Peso,US Dollar,Chilean Peso,Chilean Peso,Chilean Peso,Chilean Peso,Chilean Peso,Chilean Peso,Chilean Peso,Chilean Peso,Persons,Persons,Chilean Peso,Chilean Peso,Chilean Peso,Chilean Peso,Chilean Peso,Chilean Peso,Chilean Peso,Chilean Peso,Chilean Peso,Chilean Peso,Chilean Peso,Chilean Peso,Chilean Peso,Chilean Peso
powercode,Millions,Millions,Millions,Millions,Millions,Millions,Millions,Millions,Millions,Millions,Millions,Millions,Millions,Millions,Millions,Millions,Millions,Millions,Millions,Millions,Millions,Millions,Millions,Millions,Millions,Millions,Millions,Millions,Millions,Millions,Millions,Millions,Millions,Millions,Millions,Millions,Millions,Millions,Millions,Millions,Millions,Millions,Millions,Millions,Millions,Millions,Millions,Millions,Millions,Millions,Millions,Millions,Millions,Millions,Millions,Millions,Millions,Millions,Millions,Units,Units,Units,Units,Units,Units,Millions,Millions,Units,Millions,Millions,Millions,Millions,Millions,Millions,Millions,Millions,Millions,Millions,Millions,Millions,Millions,Millions,Millions,Millions,Millions,Millions,Millions,Millions,Millions,Millions,Millions,Millions,Thousands,Thousands,Millions,Thousands,Millions,Thousands,Millions,Thousands,Millions,Thousands,Millions,Thousands,Millions,Thousands,Millions,Thousands,Millions,Thousands,Millions,Thousands,Millions,Thousands,Millions,Thousands,Millions,Thousands,Thousands,Millions,Thousands,Millions,Thousands,Millions,Thousands,Millions,Thousands,Millions,Thousands,Millions,Thousands,Millions,Thousands,Millions,Thousands,Millions,Thousands,Millions,Thousands,Millions,Thousands,Millions,Thousands,Thousands,Millions,Thousands,Millions,Thousands,Millions,Thousands,Millions,Thousands,Millions,Thousands,Millions,Thousands,Millions,Thousands,Millions,Thousands,Millions,Thousands,Millions,Thousands,Millions,Thousands,Millions,Millions,Units,Millions,Millions,Millions,Millions,Millions,Millions,Millions,Millions,Millions,Millions,Millions,Millions,Millions,Millions,Millions,Millions,Millions,Millions,Millions,Millions,Millions,Millions,Millions,Millions,Millions,Millions,Millions,Millions,Millions,Millions,Units,Units,Units,Units,Millions,Millions,Units,Millions,Millions,Millions,Millions,Millions,Millions,Millions,Millions,Millions,Millions,Millions,Units,Units,Units,Units,Millions,Millions,Units,Millions,Millions,Millions,Millions,Millions,Millions,Millions,Millions,Units,Millions,Millions,Millions,Millions,Millions,Millions,Units,Units,Units,Units,Millions,Millions,Units,Millions,Millions,Millions,Millions,Millions,Millions,Millions,Millions,Millions,Millions,Millions,Millions,Millions,Millions,Millions,Millions,Millions,Millions,Millions,Millions,Millions,Millions,Millions,Units,Units,Units,Units,Millions,Millions,Units,Millions,Millions,Millions,Millions,Millions,Millions,Millions,Millions,Millions,Millions,Millions,Millions,Millions,Millions,Units,Units,Units,Units,Millions,Millions,Units,Millions,Millions,Millions,Millions,Millions,Millions,Millions,Millions,Millions,Millions,Thousands,Thousands,Units,Millions,Millions,Millions,Millions,Millions,Millions,Millions,Millions,Millions,Millions,Millions,Millions,Millions
reference_period,,,2018,2018,,,2018,2018,,,2018,2018,,2018,2018,,,2018,2018,,,2018,2018,,,2018,2018,,,2018,2018,,,2018,2018,,,2018,2018,,,2018,2018,,,2018,2018,,,2018,2018,,,2018,2018,,,,,2018,2015,,,,2015,2018,2018,2015,2015,2015,,2018,,,,,,,,,,,2018,2018,,,2018,2018,,,,,,,,,,,,,,,,,,,,,,,,,,,,,,,,,,,,,,,,,,,,,,,,,,,,,,,,,,,,,,,,,,,,,,,,,,,,,,,,,2018,2018,2018,,,2018,2018,,,2018,2018,,,2018,2018,,,2018,2018,,,2018,2018,,,2018,2018,,,,,2018,2015,,,2018,2018,2015,2015,2015,,,2018,2018,,,,,,2018,2015,,,2018,2018,2015,2015,2015,,,2018,2018,,,2018,2018,2018,,,,,2018,2015,,,2018,2018,2015,2015,2015,,,2018,2018,,,2018,2018,,,2018,2018,,,,,,,,,,2018,2015,,,2018,2018,2015,2015,2015,,,2018,2018,,,2018,2018,,,,,2018,2015,,,2018,2018,2015,2015,2015,,,2018,2018,,,2018,2018,,,,,2018,,,,2018,2018,2015,,,,2018,2018
time,,,,,,,,,,,,,,,,,,,,,,,,,,,,,,,,,,,,,,,,,,,,,,,,,,,,,,,,,,,,,,,,,,,,,,,,,,,,,,,,,,,,,,,,,,,,,,,,,,,,,,,,,,,,,,,,,,,,,,,,,,,,,,,,,,,,,,,,,,,,,,,,,,,,,,,,,,,,,,,,,,,,,,,,,,,,,,,,,,,,,,,,,,,,,,,,,,,,,,,,,,,,,,,,,,,,,,,,,,,,,,,,,,,,,,,,,,,,,,,,,,,,,,,,,,,,,,,,,,,,,,,,,,,,,,,,,,,,,,,,,,,,,,,,,,,,,,,,,,,,,,,,,,,,,,,,,,,,,,,,,,,
1986,,,,,,,,,,,,,,,,,,,,,,,,,,,,,,,,,,,,,,,,,,,,,,,,,,,,,,,,,,,,,,,,,,,,,,,,,,,,,,,,,,,,,,,,,,,,,,,,,,,,,,,,,,,,,,,,,,,,,,,,,,,,,,,,,,,,,,,,,,,,,,,,,,,,,,,,,,,,,,,,,,,,,,,,,,,,,,,,,,,,,,,,,,,,,,,,,,,,,,,,,,,,,,,,,,,,,,,,,,,,,,,,,,,,,,,,,,,,,,,,,,,,,,,,,,,,,,,,,,,,,,,,,,,,,,,,,,,,,,,,,,,,,,,,,,,,,,,,,,,,,,,,,,,,,,94.59981,,,,,,,,,,,,,
1987,,,,,,,,,,,,,,,,,,,,,,,,,,,,,,,,,,,,,,,,,,,,,,,,,,,,,,,,,,,,,,,,,,,,,,,,,,,,,,,,,,,,,,,,,,,,,,,,,,,,,,,,,,,,,,,,,,,,,,,,,,,,,,,,,,,,,,,,,,,,,,,,,,,,,,,,,,,,,,,,,,,,,,,,,,,,,,,,,,,,,,,,,,,,,,,,,,,,,,,,,,,,,,,,,,,,,,,,,,,,,,,,,,,,,,,,,,,,,,,,,,,,,,,,,,,,,,,,,,,,,,,,,,,,,,,,,,,,,,,,,,,,,,,,,,,,,,,,,,,,,,,,,,,,,,115.00881,,,,,,,,,,,,,
1988,,,,,,,,,,,,,,,,,,,,,,,,,,,,,,,,,,,,,,,,,,,,,,,,,,,,,,,,,,,,,,,,,,,,,,,,,,,,,,,,,,,,,,,,,,,,,,,,,,,,,,,,,,,,,,,,,,,,,,,,,,,,,,,,,,,,,,,,,,,,,,,,,,,,,,,,,,,,,,,,,,,,,,,,,,,,,,,,,,,,,,,,,,,,,,,,,,,,,,,,,,,,,,,,,,,,,,,,,,,,,,,,,,,,,,,,,,,,,,,,,,,,,,,,,,,,,,,,,,,,,,,,,,,,,,,,,,,,,,,,,,,,,,,,,,,,,,,,,,,,,,,,,,,,,,134.92343,,,,,,,,,,,,,
1989,,,,,,,,,,,,,,,,,,,,,,,,,,,,,,,,,,,,,,,,,,,,,,,,,,,,,,,,,,,,,,,,,,,,,,,,,,,,,,,,,,,,,,,,,,,,,,,,,,,,,,,,,,,,,,,,,,,,,,,,,,,,,,,,,,,,,,,,,,,,,,,,,,,,,,,,,,,,,,,,,,,,,,,,,,,,,,,,,,,,,,,,,,,,,,,,,,,,,,,,,,,,,,,,,,,,,,,,,,,,,,,,,,,,,,,,,,,,,,,,,,,,,,,,,,,,,,,,,,,,,,,,,,,,,,,,,,,,,,,,,,,,,,,,,,,,,,,,,,,,,,,,,,,,,,145.92489,,,,,,,,,,,,,
1990,,,,,,,,,,,,,,,,,,,,,,,,,,,,,,,,,,,,,,,,,,,,,,,,,,,,,,,,,,,,,,,,,,,,,,,,,,,,,,,,,,,,,,,,,,,,,,,,,,,,,,,,,,,,,,,,,,,,,,,,,,,,,,,,,,,,,,,,,,,,,,,,,,,,,,,,,,,,,,,,,,,,,,,,,,,,,,,,,,,,,,,,,,,,,,,,,,,,,,,,,,,,,,,,,,,,,,,,,,,,,,,,,,,,,,,,,,,,,,,,,,,,,,,,,,,,,,,,,,,,,,,,,,,,,,,,,,,,,,,,,,,,,,,,,,,,,,,,,,,,,,,,,,,,,,170.53893,,,,,,,,,,,,,
1991,,,,,,,,,,,,,,,,,,,,,,,,,,,,,,,,,,,,,,,,,,,,,,,,,,,,,,,,,,,,,,,,,,,,,,,,,,,,,,,,,,,,,,,,,,,,,,,,,,,,,,,,,,,,,,,,,,,,,,,,,,,,,,,,,,,,,,,,,,,,,,,,,,,,,,,,,,,,,,,,,,,,,,,,,,,,,,,,,,,,,,,,,,,,,,,,,,,,,,,,,,,,,,,,,,,,,,,,,,,,,,,,,,,,,,,,,,,,,,,,,,,,,,,,,,,,,,,,,,,,,,,,,,,,,,,,,,,,,,,,,,,,,,,,,,,,,,,,,,,,,,,,,,,,,,199.96259,,,,,,,,,,,,,
1992,,,,,,,,,,,,,,,,,,,,,,,,,,,,,,,,,,,,,,,,,,,,,,,,,,,,,,,,,,,,,,,,,,,,,,,,,,,,,,,,,,,,,,,,,,,,,,,,,,,,,,,,,,,,,,,,,,,,,,,,,,,,,,,,,,,,,,,,,,,,,,,,,,,,,,,,,,,,,,,,,,,,,,,,,,,,,,,,,,,,,,,,,,,,,,,,,,,,,,,,,,,,,,,,,,,,,,,,,,,,,,,,,,,,,,,,,,,,,,,,,,,,,,,,,,,,,,,,,,,,,,,,,,,,,,,,,,,,,,,,,,,,,,,,,,,,,,,,,,,,,,,,,,,,,,218.52081,,,,,,,,,,,,,
1993,,,,,,,,,,,,,,,,,,,,,,,,,,,,,,,,,,,,,,,,,,,,,,,,,,,,,,,,,,,,,,,,,,,,,,,,,,,,,,,,,,,,,,,,,,,,,,,,,,,,,,,,,,,,,,,,,,,,,,,,,,,,,,,,,,,,,,,,,,,,,,,,,,,,,,,,,,,,,,,,,,,,,,,,,,,,,,,,,,,,,,,,,,,,,,,,,,,,,,,,,,,,,,,,,,,,,,,,,,,,,,,,,,,,,,,,,,,,,,,,,,,,,,,,,,,,,,,,,,,,,,,,,,,,,,,,,,,,,,,,,,,,,,,,,,,,,,,,,,,,,,,,,,,,,,236.17298,,,,,,,,,,,,,
1994,,,,,,,,,,,,,,,,,,,,,,,,,,,,,,,,,,,,,,,,,,,,,,,,,,,,,,,,,,,,,,,,,,,,,,,,,,,,,,,,,,,,,,,,,,,,,,,,,,,,,,,,,,,,,,,,,,,,,,,,,,,,,,,,,,,,,,,,,,,,,,,,,,,,,,,,,,,,,,,,,,,,,,,,,,,,,,,,,,,,,,,,,,,,,,,,,,,,,,,,,,,,,,,,,,,,,,,,,,,,,,,,,,,,,,,,,,,,,,,,,,,,,,,,,,,,,,,,,,,,,,,,,,,,,,,,,,,,,,,,,,,,,,,,,,,,,,,,,,,,,,,,,,,,,,260.3722,,,,,,,,,,,,,
1995,,,,,,,,,,,,,,,,,,,,,,,,,,,,,,,,,,,,,,,,,,,,,,,,,,,,,,,,,,,,,,,,,,,,,,,,,,,,,,,,,,,,,,,,,,,,,,,,,,,,,,,,,,,,,,,,,,,,,,,,,,,,,,,,,,,,,,,,,,,,,,,,,,,,,,,,,,,,,,,,,,,,,,,,,,,,,,,,,,,,,,,,,,,,,,,,,,,,,,,,,,,,,,,,,,,,,,,,,,,,,,,,,,,,,,,,,,,,,,,,,,,,,,,,,,,,,,,,,,,,,,,,,,,,,,,,,,,,,,,,,,,,,,,,,,,,,,,,,,,,,,,,,,,,,,278.80154,,,,,,,,,,,,,
1996,-654309.0,-654309.0,8130659.3,8130659.3,28601729.2,28570379.2,74628527.1,74628527.1,1626028.9,1626028.9,2750203.1,2750203.1,7560753.3,26800035.9,26800035.9,4932643.0,4932643.0,10470069.6,10470069.6,2408783.2,2408783.2,8878784.6,8878784.6,5772819.3,5772819.3,10946835.9,10946835.9,,,,,890800.8,890800.8,673393.9,673393.9,,,,,2841658.8,2841658.8,6960447.4,6960447.4,,,,,4612714.5,4612714.5,16432649.0,16432649.0,32393861.8,32393861.8,81635498.6,81635498.6,32393861.8,116331.7,32393861.8,32393861.8,39.681097556,,,,8068.3,12998.3,81635498.6,81635498.6,46.218404339,73312974.6,187415.5,32393861.8,81635498.6,31360833.8,31360833.8,,31570675.8,8202183.3,373135.0,-1033028.0,1406163.0,3792132.6,3792132.6,6961535.9,6961535.9,3792132.6,3792132.6,6961535.9,6961535.9,274813.0,209842.0,64971.0,,,3985.2,,,,,,,,,,,,,,,,,,,,,,,,,1196.9,,,,,,,,,,,,,,,,,,,,,,,,,5182.1,,,,,,,,,,,,,,,,,,,,,,,23368492.6,23368492.6,42.892933845,54480984.3,54480984.3,1674552.2,1674552.2,1916838.0,1916838.0,18032060.9,18032060.9,41386026.8,41386026.8,9867211.2,9867211.2,21177706.8,21177706.8,8164849.7,8164849.7,20057559.7,20057559.7,19706613.1,19706613.1,42415749.4,42415749.4,19706613.1,19706613.1,42415749.4,42415749.4,19706613.1,70769.7,19706613.1,19706613.1,46.460603341,,,,42415749.4,42415749.4,40.054797627,39249666.6,100336.9,19706613.1,19706613.1,42415749.4,42415749.4,23368492.6,3661879.5,13150.4,3661879.5,3661879.5,29.013741294,,,,12621190.3,12621190.3,52.055062624,11223181.7,28690.7,33048170.8,33048170.8,69272322.3,,9679678.3,9679678.3,64.396011865,15031487.2,15031487.2,9036999.3,32453.4,9036999.3,9036999.3,64.672445181,,,,13973492.5,13973492.5,32.169147979,12996928.3,33225.0,9036999.3,9036999.3,13973492.5,13973492.5,5711425.4,5711425.4,11380231.5,11380231.5,3325573.9,3325573.9,3290660.5,3290660.5,642679.0,642679.0,642679.0,642679.0,9679678.3,8406352.1,30188.6,8406352.1,8406352.1,36.3348856,,,,23135760.5,23135760.5,44.734739769,20713856.5,52952.4,6778666.5,6778666.5,20154722.8,20135881.7,1627685.6,1627685.6,2885201.4,2885201.4,9060661.1,32538.3,9060661.1,9060661.1,60.383872104,,,,15005101.2,15005101.2,30.662465981,14668170.7,37497.4,7986065.5,7986065.5,12706963.9,12705850.6,1074595.6,1074595.6,2233237.4,2233237.4,14418.4,14418.4,278.46109,0.0,45435.6,642679.0,0.0,0.0,3436412.5,3436412.5,3797512.2,0.0,0.0,0.0,-697399.6,-697399.6
1997,-842342.0,-842342.0,9078218.3,9078218.3,31749216.7,31749745.8,80017176.5,80017176.5,1799703.9,1799703.9,2907484.6,2907484.6,7989329.8,28497564.0,28497564.0,5349104.7,5349104.7,11010098.9,11010098.9,2796752.6,2796752.6,9246385.6,9246385.6,6427295.3,6427295.3,12102702.5,12102702.5,,,,,1019886.3,1019886.3,803160.1,803160.1,,,,,3180114.0,3180114.0,7350832.9,7350832.9,,,,,5216185.1,5216185.1,17007274.0,17007274.0,35946985.0,35946985.0,87669781.8,87669781.8,35946985.0,127085.0,35946985.0,35946985.0,41.002708454,,7.391739268,7.391739268,8691.3,13764.8,87669781.8,87669781.8,49.634748282,78732078.5,201268.7,35946985.0,87669781.8,34851881.4,34851881.4,,35070756.4,9014935.2,533283.3,-1095103.6,1628387.0,4197768.4,4197768.4,7565958.4,7565958.4,4197768.4,4197768.4,7565958.4,7565958.4,350657.4,218875.0,131782.4,,,4052.7,,,,,,,,,,,,,,,,,,,,,,,,,1228.6,,,,,,,,,,,,,,,,,,,,,,,,,5281.3,,,,,,,,,,,,,,,,,,,,,,,26055821.3,26055821.3,44.681586166,58314450.1,58314450.1,1951833.0,1951833.0,2239757.2,2239757.2,19992500.2,19992500.2,44131130.9,44131130.9,10632204.3,10632204.3,22510345.5,22510345.5,9360295.9,9360295.9,21470443.9,21470443.9,21944333.1,21944333.1,45597274.3,45597274.3,21944333.1,21944333.1,45597274.3,45597274.3,21944333.1,77580.8,21944333.1,21944333.1,48.126414358,,7.500810335,7.500810335,45597274.3,45597274.3,43.059232027,42193709.7,107863.0,21944333.1,21944333.1,45597274.3,45597274.3,26055821.3,4111488.1,14535.5,4111488.1,4111488.1,31.162316641,,4.536748794,4.536748794,13193782.0,13193782.0,54.41667005,11732349.3,29992.3,36789327.0,36789327.0,74561167.7,,10733505.8,10733505.8,65.462907467,16396316.9,16396316.9,10293361.7,36390.6,10293361.7,10293361.7,65.197740876,,12.984722134,12.984722134,15787911.6,15787911.6,36.346222457,14684543.3,37539.2,10293361.7,10293361.7,15787911.6,15787911.6,6475196.1,6475196.1,12553422.1,12553422.1,3818165.7,3818165.7,3869159.9,3869159.9,440144.0,440144.0,440144.0,440144.0,10733505.8,9302362.3,32887.0,9302362.3,9302362.3,35.709417632,,12.596969988,12.596969988,26050165.3,26050165.3,50.369961512,23323174.8,59622.8,7436081.9,7436081.9,22641473.0,22620307.2,1866280.4,1866280.4,3279730.4,3279730.4,10144704.3,35865.0,10144704.3,10144704.3,59.773367707,,13.107847796,13.107847796,16971947.0,16971947.0,34.681655352,16590852.2,42412.4,8864420.4,8864420.4,14296390.4,14295137.9,1280283.9,1280283.9,2625470.4,2625470.4,14622.0,14622.0,282.85792,0.0,86646.9,440144.0,0.0,0.0,3404190.4,3404190.4,3389153.7,0.0,0.0,0.0,-634670.3,-634670.3
1998,-1339456.0,-1339456.0,9585678.5,9585678.5,33154386.8,33152529.0,83335201.7,83335201.7,2035870.4,2035870.4,3105560.7,3105560.7,7585125.3,29098973.3,29098973.3,5441418.9,5441418.9,10956999.0,10956999.0,2730947.6,2730947.6,9106326.9,9106326.9,7121685.5,7121685.5,12769134.8,12769134.8,,,,,1232230.9,1232230.9,890790.3,890790.3,,,,,3087714.0,3087714.0,7582844.4,7582844.4,,,,,5723304.0,5723304.0,17312589.4,17312589.4,37741618.7,37741618.7,91335156.0,91335156.0,37741618.7,133888.5,37741618.7,37741618.7,41.322115538,,4.180886627,4.180886627,9028.9,14140.2,91335156.0,91335156.0,51.709920835,82023777.5,209683.6,37741618.7,91335156.0,36896711.9,36896711.9,,37111532.0,8831612.8,680807.4,-844906.8,1525714.2,4587231.9,4587231.9,7901879.2,7901879.2,4587231.9,4587231.9,7901879.2,7901879.2,374118.2,214820.1,159298.1,,,4102.5,,,,,,,,,,,,,,,,,,,,,,,,,1291.4,,,,,,,,,,,,,,,,,,,,,,,,,5393.9,,,,,,,,,,,,,,,,,,,,,,,28279919.2,28279919.2,46.306511343,61071150.4,61071150.4,2111320.5,2111320.5,2395569.3,2395569.3,21712224.4,21712224.4,46503719.1,46503719.1,11503886.9,11503886.9,23543987.1,23543987.1,10208337.6,10208337.6,22816035.0,22816035.0,23823545.0,23823545.0,48112782.0,48112782.0,23823545.0,23823545.0,48112782.0,48112782.0,23823545.0,84514.1,23823545.0,23823545.0,49.516041162,,5.516794165,5.516794165,48112782.0,48112782.0,45.434721227,44521449.8,113813.5,23823545.0,23823545.0,48112782.0,48112782.0,28279919.2,4456374.2,15809.0,4456374.2,4456374.2,33.603756169,,0.513530693,0.513530693,13261536.1,13261536.1,54.696116353,11792598.5,30146.3,39081074.7,39081074.7,77809054.7,,10801155.5,10801155.5,63.675714352,16962755.0,16962755.0,10408607.2,36924.6,10408607.2,10408607.2,63.675185654,,3.537509102,3.537509102,16346410.5,16346410.5,37.631973385,15204010.4,38867.2,10408607.2,10408607.2,16346410.5,16346410.5,6656345.6,6656345.6,13160755.1,13160755.1,3752261.6,3752261.6,3920698.6,3920698.6,392548.2,392548.2,392548.2,392548.2,10801155.5,9489594.6,33664.4,9489594.6,9489594.6,34.227899654,,6.428251422,6.428251422,27724735.4,27724735.4,53.607869279,24822447.2,63455.5,7382066.5,7382066.5,24056473.0,24033984.5,2107528.1,2107528.1,3513906.5,3513906.5,10829050.6,38416.1,10829050.6,10829050.6,59.700185355,,6.876699975,6.876699975,18139056.9,18139056.9,37.066608737,17731755.3,45329.0,9287059.1,9287059.1,15185403.0,15184072.6,1541991.5,1541991.5,2925675.9,2925675.9,14828.8,14828.8,281.88852,0.0,98075.1,392548.2,0.0,0.0,3412404.3,3412404.3,3415027.0,0.0,0.0,0.0,-735043.2,-735043.2
1999,739473.2,739473.2,13319451.5,13319451.5,34057018.5,33992499.0,83670443.2,83670443.2,2036183.6,2036183.6,3049057.5,3049057.5,8189618.0,29638190.2,29638190.2,5647384.6,5647384.6,10992427.7,10992427.7,2173424.2,2173424.2,7906392.0,7906392.0,7149976.4,7149976.4,12644604.6,12644604.6,,,,,1411886.4,1411886.4,996019.4,996019.4,,,,,3011992.9,3011992.9,7751513.5,7751513.5,,,,,6206960.8,6206960.8,17389276.3,17389276.3,38461785.4,38461785.4,91085234.3,91085234.3,38461785.4,135403.7,38461785.4,38461785.4,42.226147505,,-0.273631398,-0.273631398,8996.1,13893.0,91085234.3,91085234.3,51.568426256,81799334.7,209109.8,38461785.4,91085234.3,37369515.4,37369515.4,,37698744.9,8649747.8,767622.9,-1092270.0,1859892.9,4404766.9,4404766.9,7494236.1,7494236.1,4404766.9,4404766.9,7494236.1,7494236.1,429735.4,329229.5,100506.0,,,3998.3,,,,,,,,,,,,,,,,,,,,,,,,,1317.2,,,,,,,,,,,,,,,,,,,,,,,,,5315.5,,,,,,,,,,,,,,,,,,,,,,,29048997.0,29048997.0,47.838166486,60723474.9,60723474.9,1658964.4,1658964.4,1817579.7,1817579.7,22523768.9,22523768.9,47072325.0,47072325.0,11775205.1,11775205.1,23275489.6,23275489.6,10748563.8,10748563.8,23702605.6,23702605.6,24182733.3,24182733.3,47620153.9,47620153.9,24182733.3,24182733.3,47620153.9,47620153.9,24182733.3,85134.7,24182733.3,24182733.3,50.782560051,,-1.023902801,-1.023902801,47620153.9,47620153.9,44.969513844,44065593.4,112648.2,24182733.3,24182733.3,47620153.9,47620153.9,29048997.0,4866263.8,17131.6,4866263.8,4866263.8,36.024158047,,1.861009547,1.861009547,13508334.5,13508334.5,55.7140163,12012059.9,30707.3,37722312.2,37722312.2,74148883.3,,8673315.2,8673315.2,60.532002291,14328478.9,14328478.9,8620233.9,30347.3,8620233.9,8620233.9,60.97684368,,-13.516807707,-13.516807707,14136897.6,14136897.6,32.545331906,13148913.5,33613.6,8620233.9,8620233.9,14136897.6,14136897.6,5928933.4,5928933.4,12315212.7,12315212.7,2691300.5,2691300.5,2897480.7,2897480.7,53081.2,53081.2,53081.2,53081.2,8673315.2,10888190.6,38331.6,10888190.6,10888190.6,36.705178553,,6.994379496,6.994379496,29663908.6,29663908.6,57.357407096,26558623.3,67893.8,8718691.4,8718691.4,26209780.4,26185279.0,2169499.2,2169499.2,3518851.2,3518851.2,10148717.4,35728.3,10148717.4,10148717.4,62.092716452,,-9.893566877,-9.893566877,16344457.2,16344457.2,33.399399013,15977452.3,40844.4,8350802.8,8350802.8,13089442.6,13088295.8,1797914.7,1797914.7,3324996.8,3324996.8,15051.4,15051.4,284.05271,0.0,-79445.0,53081.2,0.0,0.0,2308815.5,2308815.5,1991596.8,0.0,0.0,0.0,-1075795.8,-1075795.8
2000,648247.5,648247.5,13393050.0,13393050.0,37369730.9,37447649.8,87739354.8,87739354.8,2145774.1,2145774.1,3298307.9,3298307.9,9834940.9,31119748.5,31119748.5,6413529.7,6413529.7,11665631.9,11665631.9,1946061.2,1946061.2,7552768.5,7552768.5,7844386.2,7844386.2,13309829.5,13309829.5,,,,,1432885.5,1432885.5,1133641.8,1133641.8,,,,,3050273.7,3050273.7,7863725.1,7863725.1,,,,,6620281.9,6620281.9,17609003.1,17609003.1,42215029.9,42215029.9,95613647.4,95613647.4,42215029.9,145355.7,42215029.9,42215029.9,44.151678194,,4.971621488,4.971621488,9523.8,14382.2,95613647.4,95613647.4,54.132213217,85866088.0,219506.0,42215029.9,95613647.4,40738813.4,40738813.4,,41040851.9,9500458.1,1108103.6,-1476216.5,2584320.1,4845299.0,4845299.0,7929748.8,7929748.8,4845299.0,4845299.0,7929748.8,7929748.8,413170.8,302038.5,111132.3,,,4091.1,,,,,,,,,,,,,,,,,,,,,,,,,1323.0,,,,,,,,,,,,,,,,,,,,,,,,,5414.1,,,,,,,,,,,,,,,,,,,,,,,31540393.8,31540393.8,50.07371555,62987923.9,62987923.9,1905511.2,1905511.2,2038730.0,2038730.0,24319619.5,24319619.5,48710680.7,48710680.7,12726722.0,12726722.0,24052920.0,24052920.0,11592897.5,11592897.5,24564028.9,24564028.9,26225130.7,26225130.7,49561356.8,49561356.8,26225130.7,26225130.7,49561356.8,49561356.8,26225130.7,90299.0,26225130.7,26225130.7,52.914472888,,4.076431372,4.076431372,49561356.8,49561356.8,46.802665214,45861897.1,117240.2,26225130.7,26225130.7,49561356.8,49561356.8,31540393.8,5315263.1,18301.6,5315263.1,5315263.1,38.575307629,,2.003145101,2.003145101,13778926.1,13778926.1,56.830048888,12252678.8,31322.4,41566782.4,41566782.4,78716528.4,,10026388.6,10026388.6,61.219595286,16377743.9,16377743.9,9305494.2,32040.9,9305494.2,9305494.2,59.930942905,,9.833347962,9.833347962,15527027.9,15527027.9,35.745627638,14441892.0,36918.9,9305494.2,9305494.2,15527027.9,15527027.9,6192030.8,6192030.8,12963811.2,12963811.2,3113463.4,3113463.4,3473899.5,3473899.5,720894.3,720894.3,720894.3,720894.3,10026388.6,12716751.7,43786.6,12716751.7,12716751.7,40.415525441,,6.071714246,6.071714246,31465016.4,31465016.4,60.839984954,28171187.0,72016.1,10248803.0,10248803.0,27850066.1,27824031.2,2467948.7,2467948.7,3706120.5,3706120.5,12068504.2,41554.5,12068504.2,12068504.2,66.780248926,,10.569389156,10.569389156,18071966.5,18071966.5,36.92951147,17666171.4,45161.4,10131548.2,10131548.2,14657188.7,14655904.6,1936956.0,1936956.0,3459014.1,3459014.1,15262.3,15262.3,290.42564,0.0,-55456.1,720894.3,0.0,0.0,2502570.6,2502570.6,2804604.5,0.0,0.0,0.0,-910682.7,-910682.7
2001,703774.8,703774.8,14884865.8,14884865.8,40294381.8,40386312.0,90657867.6,90657867.6,1844706.6,1844706.6,3439418.3,3439418.3,10774552.3,31369553.7,31369553.7,7236740.7,7236740.7,11746322.3,11746322.3,2202729.4,2202729.4,7774803.2,7774803.2,8517567.0,8517567.0,13550066.5,13550066.5,,,,,1547464.5,1547464.5,1271192.3,1271192.3,,,,,3321861.4,3321861.4,8276463.5,8276463.5,,,,,7068153.2,7068153.2,17874761.5,17874761.5,45409054.8,45409054.8,98629335.2,98629335.2,45409054.8,153318.3,45409054.8,45409054.8,46.040110365,,3.154034925,3.154034925,9912.8,14639.7,98629335.2,98629335.2,55.839562127,88574334.4,226429.2,45409054.8,98629335.2,43918111.0,43918111.0,,44188476.7,10422789.2,1150662.0,-1490943.8,2641605.8,5114673.0,5114673.0,8074473.7,8074473.7,5114673.0,5114673.0,8074473.7,8074473.7,456189.0,270365.7,185823.2,,,4093.8,,,,,,,,,,,,,,,,,,,,,,,,,1374.3,,,,,,,,,,,,,,,,,,,,,,,,,5468.1,,,,,,,,,,,,,,,,,,,,,,,33765687.5,33765687.5,52.545392245,64260035.1,64260035.1,2005746.0,2005746.0,2048763.3,2048763.3,26018830.4,26018830.4,49754998.6,49754998.6,13557224.5,13557224.5,24402376.8,24402376.8,12461605.8,12461605.8,25277014.8,25277014.8,28024576.4,28024576.4,50564429.8,50564429.8,28024576.4,28024576.4,50564429.8,50564429.8,28024576.4,94621.7,28024576.4,28024576.4,55.423499236,,2.023901391,2.023901391,50564429.8,50564429.8,47.749905007,46790096.6,119613.0,28024576.4,28024576.4,50564429.8,50564429.8,33765687.5,5741111.2,19384.2,5741111.2,5741111.2,40.849527384,,1.998444589,1.998444589,14054290.3,14054290.3,57.965765925,12497541.8,31948.4,44705280.0,44705280.0,80547100.0,,10939592.5,10939592.5,64.66925448,16916218.7,16916218.7,10211625.0,34478.3,10211625.0,10211625.0,64.324218179,,2.242628611,2.242628611,15875241.5,15875241.5,36.547269311,14765770.0,37746.9,10211625.0,10211625.0,15875241.5,15875241.5,6690089.6,6690089.6,13127293.6,13127293.6,3521535.4,3521535.4,3619620.8,3619620.8,727967.6,727967.6,727967.6,727967.6,10939592.5,14461563.0,48827.8,14461563.0,14461563.0,42.709987142,,7.611288469,7.611288469,33859909.6,33859909.6,65.470691713,30315377.3,77497.5,11669687.3,11669687.3,29833535.0,29805646.0,2791875.7,2791875.7,4063515.7,4063515.7,13757788.3,46451.5,13757788.3,13757788.3,72.504645542,,4.997117317,4.997117317,18975043.8,18975043.8,38.774922483,18548970.7,47418.1,11492713.9,11492713.9,15107513.5,15106189.9,2265074.4,2265074.4,3980105.8,3980105.8,15466.8,15466.8,296.17501,0.0,-103006.0,727967.6,0.0,0.0,2209530.7,2209530.7,2754519.3,0.0,0.0,0.0,-871673.0,-871673.0
2002,983393.1,983393.1,15634239.3,15634239.3,43069633.5,43075614.1,93697793.5,93697793.5,1968653.5,1968653.5,3625928.4,3625928.4,11553283.4,31504086.8,31504086.8,7643870.3,7643870.3,11919210.9,11919210.9,2260560.5,2260560.5,7619357.9,7619357.9,9083399.6,9083399.6,14208796.8,14208796.8,,,,,1860504.0,1860504.0,1497147.0,1497147.0,,,,,3457750.2,3457750.2,8492345.8,8492345.8,,,,,7387290.9,7387290.9,17948271.0,17948271.0,48428963.2,48428963.2,101788234.7,101788234.7,48428963.2,160694.8,48428963.2,48428963.2,47.578154088,,3.202799135,3.202799135,10257.3,14916.1,101788234.7,101788234.7,57.62799114,91411192.4,233681.3,48428963.2,101788234.7,46566219.8,46566219.8,,46967738.8,11197611.0,1068390.4,-1862743.3,2931133.8,5359329.7,5359329.7,8237419.1,8237419.1,5359329.7,5359329.7,8237419.1,8237419.1,656778.9,401519.0,255259.9,,,4168.8,,,,,,,,,,,,,,,,,,,,,,,,,1401.8,,,,,,,,,,,,,,,,,,,,,,,,,5570.5,,,,,,,,,,,,,,,,,,,,,,,35770127.8,35770127.8,54.282866517,65895797.5,65895797.5,2135762.0,2135762.0,2150657.9,2150657.9,27460354.0,27460354.0,50996471.4,50996471.4,14152628.5,14152628.5,24979471.4,24979471.4,13307725.5,13307725.5,25943540.6,25943540.6,29596116.0,29596116.0,51915787.5,51915787.5,29596116.0,29596116.0,51915787.5,51915787.5,29596116.0,98204.5,29596116.0,29596116.0,57.007930368,,2.672546099,2.672546099,51915787.5,51915787.5,49.026043231,48040583.5,122809.8,29596116.0,29596116.0,51915787.5,51915787.5,35770127.8,6174011.8,20486.3,6174011.8,6174011.8,43.099821203,,1.925551419,1.925551419,14324912.9,14324912.9,59.081926553,12738188.4,32563.6,47445570.1,47445570.1,82778016.5,,11675442.3,11675442.3,66.709979466,17501792.6,17501792.6,10787311.8,35794.0,10787311.8,10787311.8,65.06840845,,4.429381593,4.429381593,16578416.5,16578416.5,38.16608733,15419802.3,39418.8,10787311.8,10787311.8,16578416.5,16578416.5,7238795.1,7238795.1,13963740.8,13963740.8,3548516.7,3548516.7,3646377.5,3646377.5,888130.5,888130.5,888130.5,888130.5,11675442.3,15621837.4,51835.7,15621837.4,15621837.4,44.687439352,,3.243055351,3.243055351,34958005.2,34958005.2,67.593942484,31298521.8,80010.8,12476632.9,12476632.9,30397738.1,30369321.6,3145204.5,3145204.5,4424915.1,4424915.1,14638444.3,48572.6,14638444.3,14638444.3,75.753578885,,1.837793381,1.837793381,19323765.9,19323765.9,39.487525442,18889862.4,48289.6,12062360.8,12062360.8,15287887.7,15286548.3,2576083.4,2576083.4,4183276.0,4183276.0,15666.4,15666.4,301.37239,0.0,-146977.8,888130.5,0.0,0.0,2411502.5,2411502.5,2803958.8,0.0,0.0,0.0,-1031701.7,-1031701.7
2003,2342574.2,2342574.2,16563606.5,16563606.5,47337901.9,47287976.6,98212306.2,98212306.2,2166027.2,2166027.2,3792623.7,3792623.7,13114784.9,32252131.7,32252131.7,8037093.7,8037093.7,12156934.4,12156934.4,2593498.5,2593498.5,7644944.0,7644944.0,10154897.4,10154897.4,15554225.7,15554225.7,,,,,2000844.3,2000844.3,1671403.4,1671403.4,,,,,3676889.5,3676889.5,8975829.7,8975829.7,,,,,7823734.0,7823734.0,18032870.9,18032870.9,52897338.9,52897338.9,106595942.7,106595942.7,52897338.9,171606.2,52897338.9,52897338.9,49.624157868,,4.723245269,4.723245269,10808.8,15413.8,106595942.7,106595942.7,60.349902505,95728767.2,244718.7,52897338.9,106595942.7,50216638.2,50216638.2,49554221.3,50646894.2,12469649.6,1139607.3,-2680700.7,3820307.9,5559437.0,5559437.0,8563657.7,8563657.7,5559437.0,5559437.0,8563657.7,8563657.7,685508.1,430256.0,255252.1,,,4269.7,,,,,,,,,,,,,,,,,,,,,,,,,1518.8,,,,,,,,,,,,,,,,,,,,,,,,,5788.5,,,,,,,,,,,,,,,,,,,,,,,38177244.7,38177244.7,56.025034823,68143187.8,68143187.8,2271307.3,2271307.3,2350426.7,2350426.7,29463999.8,29463999.8,52802382.1,52802382.1,15113387.5,15113387.5,25831247.6,25831247.6,14350612.3,14350612.3,26898503.3,26898503.3,31735307.1,31735307.1,53969578.8,53969578.8,31735307.1,31735307.1,53969578.8,53969578.8,31735307.1,102953.7,31735307.1,31735307.1,58.802213733,,3.956005321,3.956005321,53969578.8,53969578.8,50.96551611,49941071.6,127668.1,31735307.1,31735307.1,53969578.8,53969578.8,38177244.7,6441937.6,20898.5,6441937.6,6441937.6,44.615185937,,0.795656591,0.795656591,14438890.0,14438890.0,59.552015796,12839540.7,32822.7,50554764.7,50554764.7,86868859.6,,12377520.0,12377520.0,64.506984781,19187875.6,19187875.6,11684825.0,37907.2,11684825.0,11684825.0,64.931417075,,8.548614441,8.548614441,17995641.4,17995641.4,41.428758983,16737981.7,42788.6,11684825.0,11684825.0,17995641.4,17995641.4,8012197.6,8012197.6,15325316.0,15325316.0,3672627.4,3672627.4,3868669.2,3868669.2,692695.0,692695.0,692695.0,692695.0,12377520.0,18546322.5,60166.8,18546322.5,18546322.5,49.57753341,,7.010464587,7.010464587,37408723.8,37408723.8,72.332591885,33492693.6,85619.9,14974928.9,14974928.9,32563828.9,32533387.5,3571393.7,3571393.7,4714872.2,4714872.2,16203748.3,52567.2,16203748.3,16203748.3,77.734023013,,7.872954909,7.872954909,20845117.3,20845117.3,42.596360515,20377052.8,52091.4,13194442.4,13194442.4,16542350.9,16540901.6,3009305.9,3009305.9,4447464.7,4447464.7,15876.6,15876.6,308.24836,0.0,-180021.2,692695.0,0.0,0.0,2435991.9,2435991.9,3094532.5,0.0,0.0,0.0,-1198343.7,-1198343.7
2004,5726430.9,5726430.9,18114271.0,18114271.0,54446868.3,54270970.4,104334463.4,104334463.4,2269683.0,2269683.0,4192935.1,4192935.1,16887400.0,33414384.6,33414384.6,8588699.0,8588699.0,12734072.8,12734072.8,2783333.3,2783333.3,7752493.5,7752493.5,11213240.2,11213240.2,16875728.8,16875728.8,,,,,2159172.6,2159172.6,1841842.8,1841842.8,,,,,3881439.9,3881439.9,9276001.0,9276001.0,,,,,8415458.7,8415458.7,18645899.5,18645899.5,60391763.2,60391763.2,113710426.9,113710426.9,60391763.2,187973.7,60391763.2,60391763.2,53.110136708,,6.674254168,6.674254168,11682.6,16224.4,113710426.9,113710426.9,64.377808388,102117948.5,261051.8,60391763.2,113710426.9,55941394.2,55941394.2,56195175.6,56615628.3,14779455.5,1068365.1,-4450368.9,5518734.0,5944894.9,5944894.9,9456540.0,9456540.0,5944894.9,5944894.9,9456540.0,9456540.0,941746.3,674234.0,267512.3,,,4429.5,,,,,,,,,,,,,,,,,,,,,,,,,1516.9,,,,,,,,,,,,,,,,,,,,,,,,,5946.4,,,,,,,,,,,,,,,,,,,,,,,41836172.7,41836172.7,56.822384727,73626217.8,73626217.8,2736849.0,2736849.0,3001333.6,3001333.6,32196418.7,32196418.7,56620084.9,56620084.9,16181207.7,16181207.7,27780527.0,27780527.0,16015211.0,16015211.0,28753784.0,28753784.0,34933267.7,34933267.7,58662078.9,58662078.9,34933267.7,34933267.7,58662078.9,58662078.9,34933267.7,108732.3,34933267.7,34933267.7,59.549999493,,8.694713235,8.694713235,58662078.9,58662078.9,55.396821584,54283304.5,138768.5,34933267.7,34933267.7,58662078.9,58662078.9,41836172.7,6902905.1,21485.8,6902905.1,6902905.1,45.595350198,,4.852197552,4.852197552,15139493.4,15139493.4,62.441597249,13462540.5,34415.3,54665332.3,54665332.3,93581591.2,,12829159.5,12829159.5,62.636668057,20481867.7,20481867.7,12922979.3,40223.7,12922979.3,12922979.3,63.401609453,,13.26481913,13.26481913,20382730.7,20382730.7,46.92420893,18958244.7,48464.4,12922979.3,12922979.3,20382730.7,20382730.7,8754564.1,8754564.1,16617021.5,16617021.5,4168415.3,4168415.3,4790014.5,4790014.5,-93819.8,-93819.8,-93819.8,-93819.8,12829159.5,23966923.9,74598.8,23966923.9,23966923.9,55.704049723,,15.014510199,15.014510199,43025460.4,43025460.4,83.192976271,38521457.5,98475.3,20176056.1,20176056.1,38177668.8,38141979.5,3790867.8,3790867.8,4982917.3,4982917.3,18240492.9,56774.8,18240492.9,18240492.9,73.222087555,,19.506113056,19.506113056,24911189.4,24911189.4,50.905254754,24351823.7,62252.4,15006081.3,15006081.3,20237046.7,20235273.7,3234411.6,3234411.6,4763401.0,4763401.0,16090.1,16090.1,321.27779,0.0,-80576.6,-93819.8,0.0,0.0,1312715.8,1312715.8,1244224.9,0.0,0.0,0.0,-1024305.4,-1024305.4
2005,5675040.4,5675040.4,14946520.4,14946520.4,61693464.1,61586967.4,109999021.2,109999021.2,2685457.7,2685457.7,4693446.2,4693446.2,19966443.8,33423989.4,33423989.4,8777042.1,8777042.1,13318200.1,13318200.1,3309968.8,3309968.8,8574659.8,8574659.8,12232849.8,12232849.8,18369525.6,18369525.6,,,,,2373286.1,2373286.1,2005323.3,2005323.3,,,,,4277111.2,4277111.2,9723756.9,9723756.9,,,,,9174308.5,9174308.5,19262639.2,19262639.2,68467939.8,68467939.8,120347756.5,120347756.5,68467939.8,205184.3,68467939.8,68467939.8,56.891745925,,5.837045719,5.837045719,12600.9,16967.7,120347756.5,120347756.5,68.135570497,108078619.8,276289.5,68467939.8,120347756.5,63061135.3,63061135.3,63890285.1,64085924.1,17223940.1,1269648.3,-5406804.6,6676452.8,6774475.7,6774475.7,10361726.2,10361726.2,6774475.7,6774475.7,10361726.2,10361726.2,1312519.2,1024788.9,287730.4,,,4624.6,,,,,,,,,,,,,,,,,,,,,,,,,1545.7,,,,,,,,,,,,,,,,,,,,,,,,,6170.3,,,,,,,,,,,,,,,,,,,,,,,46861984.0,46861984.0,59.337864719,78974840.6,78974840.6,3354103.4,3354103.4,3656995.7,3656995.7,36008155.5,36008155.5,60346023.3,60346023.3,17964906.1,17964906.1,29363284.3,29363284.3,18043249.4,18043249.4,30902549.2,30902549.2,39362258.9,39362258.9,63223959.0,63223959.0,39362258.9,39362258.9,63223959.0,63223959.0,39362258.9,117960.6,39362258.9,39362258.9,62.258453112,,7.776540109,7.776540109,63223959.0,63223959.0,59.704777633,58504667.5,149559.9,39362258.9,39362258.9,63223959.0,63223959.0,46861984.0,7499725.2,22475.1,7499725.2,7499725.2,47.32566979,,4.673618035,4.673618035,15847055.5,15847055.5,65.359878999,14091728.3,36023.7,62792899.5,62792899.5,104009335.6,,15930915.4,15930915.4,62.832464984,25354592.5,25354592.5,16000132.7,47949.1,16000132.7,16000132.7,63.777123378,,23.082494583,23.082494583,25087573.4,25087573.4,57.755486915,23334280.5,59651.2,16000132.7,16000132.7,25087573.4,25087573.4,10067509.5,10067509.5,18525833.5,18525833.5,5932623.2,5932623.2,7062173.7,7062173.7,-69217.2,-69217.2,-69217.2,-69217.2,15930915.4,27507386.5,82434.0,27507386.5,27507386.5,61.906239199,,3.273615524,3.273615524,44433948.6,44433948.6,85.916394457,39782501.9,101699.0,23471325.6,23471325.6,39306941.7,39270196.8,4036060.8,4036060.8,5229757.3,5229757.3,21832346.1,65427.0,21832346.1,21832346.1,74.039505922,,18.370213605,18.370213605,29487428.2,29487428.2,60.256658788,28825305.8,73688.3,18314472.4,18314472.4,24271320.1,24269193.6,3517873.8,3517873.8,5292612.9,5292612.9,16283.3,16283.3,333.69,0.0,-12990.9,-69217.2,0.0,0.0,975629.1,975629.1,1190747.4,0.0,0.0,0.0,-500433.8,-500433.8
2006,11436936.4,11436936.4,13571564.5,13571564.5,74080053.5,74163772.0,116480288.7,116480288.7,3028194.9,3028194.9,5169685.1,5169685.1,27880703.3,34370877.4,34370877.4,9531255.6,9531255.6,13937597.6,13937597.6,3743791.4,3743791.4,8998293.2,8998293.2,13150923.6,13150923.6,20040929.4,20040929.4,,,,,2653697.2,2653697.2,2114317.8,2114317.8,,,,,4588344.0,4588344.0,9975021.1,9975021.1,,,,,10049576.2,10049576.2,19939171.6,19939171.6,81577533.5,81577533.5,127628784.7,127628784.7,81577533.5,256070.3,81577533.5,81577533.5,63.917817335,,6.049990826,6.049990826,15589.2,17837.7,127628784.7,127628784.7,72.257766261,114617366.4,293005.0,81577533.5,127628784.7,72861708.5,72861708.5,73956641.7,74624092.1,22582547.9,1677487.8,-8715824.9,10393312.7,7497480.0,7497480.0,11137585.1,11137585.1,7497480.0,7497480.0,11137585.1,11137585.1,2131209.9,1762383.5,368826.3,,,4765.2,,,,,,,,,,,,,,,,,,,,,,,,,1506.6,,,,,,,,,,,,,,,,,,,,,,,,,6271.9,,,,,,,,,,,,,,,,,,,,,,,52041544.2,52041544.2,61.576310208,84515528.8,84515528.8,4074279.7,4074279.7,4558593.6,4558593.6,39567131.7,39567131.7,63716581.2,63716581.2,19784436.8,19784436.8,31170522.4,31170522.4,19782694.8,19782694.8,32453389.8,32453389.8,43641411.4,43641411.4,67782563.8,67782563.8,43641411.4,43641411.4,67782563.8,67782563.8,43641411.4,136989.6,43641411.4,43641411.4,64.384421183,,7.21024889,7.21024889,67782563.8,67782563.8,64.0096407,62722999.6,160343.5,43641411.4,43641411.4,67782563.8,67782563.8,52041544.2,8400132.8,26367.9,8400132.8,8400132.8,50.009458644,,5.995009749,5.995009749,16797088.1,16797088.1,69.278210117,14936528.8,38183.4,70140597.1,70140597.1,113023407.2,,18099052.9,18099052.9,62.880600888,28783206.1,28783206.1,17184067.6,53940.5,17184067.6,17184067.6,64.344494728,,6.45251375,6.45251375,26706352.5,26706352.5,61.482167649,24839928.2,63500.2,17184067.6,17184067.6,26706352.5,26706352.5,11254582.4,11254582.4,19888476.5,19888476.5,5929485.2,5929485.2,7409660.5,7409660.5,914985.3,914985.3,914985.3,914985.3,18099052.9,35784535.1,112327.0,35784535.1,35784535.1,76.535268317,,5.224982433,5.224982433,46755614.6,46755614.6,90.405510974,41861130.6,107012.8,31573345.5,31573345.5,41120458.1,41082017.8,4211189.6,4211189.6,5688912.1,5688912.1,24347598.7,76426.6,24347598.7,24347598.7,73.371389805,,12.536264105,12.536264105,33184050.0,33184050.0,67.810592675,32438922.2,82926.1,20612562.0,20612562.0,27328982.5,27326588.2,3735036.7,3735036.7,5939141.8,5939141.8,16426.2,16426.2,318.57472,0.0,10910.9,914985.3,0.0,0.0,694362.2,694362.2,2695701.4,0.0,0.0,0.0,-591784.5,-591784.5
2007,11975594.3,11975594.3,12164528.3,12164528.3,81653221.3,81817817.4,121913603.9,121913603.9,3201176.4,3201176.4,5230196.6,5230196.6,29446973.5,34338189.6,34338189.6,9594921.8,9594921.8,14177017.7,14177017.7,4414031.8,4414031.8,9287613.1,9287613.1,14512079.9,14512079.9,21513914.9,21513914.9,,,,,3065077.0,3065077.0,2499536.3,2499536.3,,,,,5192833.7,5192833.7,10700038.1,10700038.1,,,,,11080883.4,11080883.4,20768546.2,20768546.2,90159479.2,90159479.2,134224935.1,134224935.1,90159479.2,278374.0,90159479.2,90159479.2,67.170439781,,5.168230985,5.168230985,16771.2,18565.0,134224935.1,134224935.1,75.992214526,120541056.6,308148.2,90159479.2,134224935.1,81309854.9,81309854.9,82248103.4,82798417.9,24763393.8,2864958.8,-8849624.3,11714583.1,8506257.9,8506257.9,12267453.5,12267453.5,8506257.9,8506257.9,12267453.5,12267453.5,1971533.1,1488563.0,482970.1,,,4956.3,,,,,,,,,,,,,,,,,,,,,,,,,1492.6,,,,,,,,,,,,,,,,,,,,,,,,,6448.9,,,,,,,,,,,,,,,,,,,,,,,58035024.1,58035024.1,64.46031624,90032174.0,90032174.0,4629112.6,4629112.6,5214033.6,5214033.6,43897733.1,43897733.1,67334769.8,67334769.8,21877235.9,21877235.9,32428724.7,32428724.7,22020497.2,22020497.2,34829226.1,34829226.1,48526845.7,48526845.7,72182154.0,72182154.0,48526845.7,48526845.7,72182154.0,72182154.0,48526845.7,149830.2,48526845.7,48526845.7,67.228314774,,6.49074034,6.49074034,72182154.0,72182154.0,68.16434027,66794186.7,170751.0,48526845.7,48526845.7,72182154.0,72182154.0,58035024.1,9508178.4,29357.2,9508178.4,9508178.4,53.042850726,,6.71770175,6.71770175,17925466.3,17925466.3,73.93211365,15939920.2,40748.4,78183884.9,78183884.9,121319759.5,,20148860.9,20148860.9,63.825092094,31568870.8,31568870.8,19816912.2,61186.2,19816912.2,19816912.2,67.108429072,,10.571788734,10.571788734,29529691.7,29529691.7,67.981932522,27465952.9,70213.3,19816912.2,19816912.2,29529691.7,29529691.7,13080639.3,13080639.3,21555321.0,21555321.0,6736272.9,6736272.9,8501114.2,8501114.2,331948.6,331948.6,331948.6,331948.6,20148860.9,40688839.4,125629.8,40688839.4,40688839.4,81.519919185,,6.752435611,6.752435611,49912757.3,49912757.3,96.510084892,44687776.5,114238.7,35889036.2,35889036.2,43723581.8,43682708.1,4799803.2,4799803.2,6253025.7,6253025.7,28713245.2,88654.2,28713245.2,28713245.2,76.065144946,,13.754135004,13.754135004,37748229.1,37748229.1,77.137353138,36900615.4,94331.8,24721364.9,24721364.9,31601990.8,31599222.1,3991880.3,3991880.3,6139394.0,6139394.0,16598.4,16598.4,323.87896,0.0,43877.7,331948.6,0.0,0.0,383915.7,383915.7,2553835.7,0.0,0.0,0.0,-526743.5,-526743.5
2008,1547395.1,1547395.1,7814192.7,7814192.7,84346136.9,84222920.3,126388445.6,126388445.6,3214416.0,3214416.0,5642889.2,5642889.2,24126567.9,33362116.8,33362116.8,9362312.7,9362312.7,14604063.6,14604063.6,5816945.7,5816945.7,10329531.3,10329531.3,16709568.7,16709568.7,22687838.5,22687838.5,,,,,3587290.4,3587290.4,3091731.3,3091731.3,,,,,5706102.0,5706102.0,10963580.5,10963580.5,,,,,12432435.8,12432435.8,21635950.5,21635950.5,93867121.3,93867121.3,139311245.1,139311245.1,93867121.3,275754.7,93867121.3,93867121.3,67.379428849,,3.789392806,3.789392806,16449.6,19078.6,139311245.1,139311245.1,78.871858037,125108830.8,319825.1,93867121.3,139311245.1,86481550.1,86481550.1,88073844.1,87847484.3,22652486.2,2675972.7,-7385571.2,10061543.9,9520984.4,9520984.4,12872318.1,12872318.1,9520984.4,9520984.4,12872318.1,12872318.1,1985697.7,1365934.2,619763.5,,,5167.2,,,,,,,,,,,,,,,,,,,,,,,,,1474.2,,,,,,,,,,,,,,,,,,,,,,,,,6641.4,,,,,,,,,,,,,,,,,,,,,,,65194998.1,65194998.1,70.552150453,92406819.2,92406819.2,4940679.2,4940679.2,5329033.6,5329033.6,49680254.1,49680254.1,69556099.4,69556099.4,24728894.0,24728894.0,32872214.1,32872214.1,24951360.1,24951360.1,36646518.0,36646518.0,54620933.4,54620933.4,74488111.4,74488111.4,54620933.4,54620933.4,74488111.4,74488111.4,54620933.4,160460.6,54620933.4,54620933.4,73.328390757,,3.194636404,3.194636404,74488111.4,74488111.4,70.341943099,68928018.1,176205.9,54620933.4,54620933.4,74488111.4,74488111.4,65194998.1,10574064.7,31063.6,10574064.7,10574064.7,59.110617618,,-0.205638161,-0.205638161,17888604.7,17888604.7,73.780081012,15907141.6,40664.6,92319726.2,92319726.2,131777309.0,,27124728.0,27124728.0,68.273303836,39729625.7,39729625.7,25232482.2,74125.8,25232482.2,25232482.2,72.001427605,,18.675195153,18.675195153,35044419.3,35044419.3,80.67769109,32595273.2,83325.8,25232482.2,25232482.2,35044419.3,35044419.3,16268046.0,16268046.0,24178875.1,24178875.1,8964436.1,8964436.1,11162360.5,11162360.5,1892245.9,1892245.9,1892245.9,1892245.9,27124728.0,38638110.9,113507.7,38638110.9,38638110.9,77.803573125,,-0.504192818,-0.504192818,49661100.8,49661100.8,96.023487975,44462464.0,113662.7,32935752.6,32935752.6,43043184.8,43002947.2,5702358.3,5702358.3,6713333.5,6713333.5,37090715.7,108961.9,37090715.7,37090715.7,88.634304081,,10.857937184,10.857937184,41846908.1,41846908.1,85.512878487,40907261.0,104574.3,32516348.4,32516348.4,35369162.1,35366063.4,4574367.4,4574367.4,6401944.0,6401944.0,16763.6,16763.6,340.40083,0.0,50481.4,1892245.9,0.0,0.0,-609289.4,-609289.4,4123194.9,0.0,0.0,0.0,-296816.4,-296816.4
2009,7253877.5,7253877.5,13134324.2,13134324.2,87579824.4,87526684.1,125258557.9,125258557.9,3554361.6,3554361.6,5611332.9,5611332.9,24743980.0,33313598.9,33313598.9,9864922.9,9864922.9,13942143.1,13942143.1,5896849.7,5896849.7,9491447.4,9491447.4,16380664.6,16380664.6,21494364.9,21494364.9,,,,,3505206.4,3505206.4,2993343.6,2993343.6,,,,,5594460.2,5594460.2,10552431.6,10552431.6,,,,,14143441.1,14143441.1,22414467.0,22414467.0,96138477.3,96138477.3,137753693.5,137753693.5,96138477.3,271327.8,96138477.3,96138477.3,69.790126713,,-1.118037236,-1.118037236,16028.5,18682.3,137753693.5,137753693.5,77.990041295,123710067.4,316249.4,96138477.3,137753693.5,89553583.2,89553583.2,91000537.9,90228078.4,23378425.2,2246182.2,-6584894.1,8831076.2,8558652.9,8558652.9,12472896.2,12472896.2,8558652.9,8558652.9,12472896.2,12472896.2,1307478.6,674495.2,632983.4,,,5060.0,,,,,,,,,,,,,,,,,,,,,,,,,1532.2,,,,,,,,,,,,,,,,,,,,,,,,,6592.2,,,,,,,,,,,,,,,,,,,,,,,66849653.1,66849653.1,71.543698772,93438911.2,93438911.2,4208435.8,4208435.8,4413988.3,4413988.3,50269610.7,50269610.7,70359613.1,70359613.1,24038304.6,24038304.6,32736736.6,32736736.6,26231306.0,26231306.0,37639112.4,37639112.4,54478046.5,54478046.5,74113831.1,74113831.1,54478046.5,54478046.5,74113831.1,74113831.1,54478046.5,153751.2,54478046.5,54478046.5,73.505910636,,-0.502469803,-0.502469803,74113831.1,74113831.1,69.988496076,68581675.6,175320.5,54478046.5,54478046.5,74113831.1,74113831.1,66849653.1,12371606.7,34915.9,12371606.7,12371606.7,63.169511156,,9.481848062,9.481848062,19584775.1,19584775.1,80.775796193,17415432.6,44520.4,88884599.8,88884599.8,123225767.0,,22034946.6,22034946.6,73.724867545,29888078.9,29888078.9,23188904.1,65445.1,23188904.1,23188904.1,74.396496207,,-11.057593643,-11.057593643,31169349.8,31169349.8,71.756679849,28991020.4,74111.9,23188904.1,23188904.1,31169349.8,31169349.8,15774583.9,15774583.9,22772086.9,22772086.9,7414320.2,7414320.2,8866755.2,8866755.2,-1153957.5,-1153957.5,-1153957.5,-1153957.5,22034946.6,35682406.1,100705.1,35682406.1,35682406.1,75.004107373,,-4.20281597,-4.20281597,47573936.1,47573936.1,91.987797487,42593788.4,108885.7,30843460.3,30843460.3,41774799.8,41735747.8,4838945.8,4838945.8,5944154.4,5944154.4,28428528.6,80232.7,28428528.6,28428528.6,82.546018932,,-17.700940069,-17.700940069,34439611.9,34439611.9,70.376295115,33666291.3,86063.7,23717442.2,23717442.2,28236870.3,28234396.5,4711086.4,4711086.4,6390199.8,6390199.8,16927.8,16927.8,354.32589,0.0,22239.4,-1153957.5,0.0,0.0,1032684.3,1032684.3,-205558.3,0.0,0.0,0.0,-469492.3,-469492.3
2010,6746713.8,6746713.8,5329899.8,5329899.8,100539741.9,100478436.4,131820447.9,131820447.9,3853169.5,3853169.5,5813049.4,5813049.4,31332283.7,34570481.9,34570481.9,10952800.4,10952800.4,14420468.2,14420468.2,5728421.0,5728421.0,9065024.0,9065024.0,18562295.4,18562295.4,23772558.4,23772558.4,,,,,3928503.8,3928503.8,3541171.0,3541171.0,,,,,6457332.3,6457332.3,10987629.3,10987629.3,,,,,15811470.6,15811470.6,23313806.4,23313806.4,110777866.9,110777866.9,145814559.0,145814559.0,110777866.9,307855.7,110777866.9,110777866.9,75.971746352,,5.851651022,5.851651022,18040.4,19616.7,145814559.0,145814559.0,82.553746344,130949148.9,334755.2,110777866.9,145814559.0,103604217.8,103604217.8,105949273.7,105010357.7,28424939.3,3069969.8,-7173649.1,10243618.8,10238125.0,10238125.0,13985130.4,13985130.4,10238125.0,10238125.0,13985130.4,13985130.4,2254574.6,1406139.9,848434.7,,,5594.0,,,,,,,,,,,,,,,,,,,,,,,,,1740.9,,,,,,,,,,,,,,,,,,,,,,,,,7334.9,,,,,,,,,,,,,,,,,,,,,,,76585418.5,76585418.5,74.538686049,102745866.0,102745866.0,5792961.3,5792961.3,6063348.3,6063348.3,56894070.0,56894070.0,76841963.9,76841963.9,27027289.4,27027289.4,36073987.5,36073987.5,29866780.6,29866780.6,40768484.6,40768484.6,62687031.3,62687031.3,82553936.9,82553936.9,62687031.3,62687031.3,82553936.9,82553936.9,62687031.3,174209.5,62687031.3,62687031.3,75.934635687,,11.388030663,11.388030663,82553936.9,82553936.9,77.95880747,76391777.8,195286.1,62687031.3,62687031.3,82553936.9,82553936.9,76585418.5,13898387.2,38624.1,13898387.2,13898387.2,68.450234445,,3.674244371,3.674244371,20304367.6,20304367.6,83.743696338,18055318.2,46156.2,104031153.0,104031153.0,140049181.2,,27445734.6,27445734.6,73.548928091,37316294.5,37316294.5,25496036.3,70854.4,25496036.3,25496036.3,73.621497355,,11.106708018,11.106708018,34631238.5,34631238.5,79.726484763,32210968.3,82343.3,25496036.3,25496036.3,34631238.5,34631238.5,16273545.1,16273545.1,23222166.8,23222166.8,9222491.2,9222491.2,11573960.3,11573960.3,1949698.3,1949698.3,1949698.3,1949698.3,27445734.6,41989236.4,116689.6,41989236.4,41989236.4,86.641853557,,1.868792132,1.868792132,48462994.1,48462994.1,93.706858209,43389777.8,110920.6,36291823.3,36291823.3,41702882.5,41663897.7,5697413.1,5697413.1,6828513.6,6828513.6,35242522.5,97940.2,35242522.5,35242522.5,81.70645561,,25.242683732,25.242683732,43133094.3,43133094.3,88.141160713,42164566.7,107788.5,29909106.7,29909106.7,36023050.9,36019894.9,5333415.9,5333415.9,7253089.5,7253089.5,17064.8,17064.8,359.83702,0.0,8980.7,1949698.3,0.0,0.0,310060.2,310060.2,3065873.4,0.0,0.0,0.0,-164888.6,-164888.6
2011,3521239.5,3521239.5,1014370.2,1014370.2,109890216.8,109736902.1,139744271.0,139744271.0,4406149.8,4406149.8,6548550.1,6548550.1,32749809.9,34820437.4,34820437.4,12040421.7,12040421.7,15819085.9,15819085.9,6628678.6,6628678.6,10169372.4,10169372.4,19856770.1,19856770.1,25864310.4,25864310.4,,,,,4211088.6,4211088.6,3704124.4,3704124.4,,,,,7392803.5,7392803.5,11585001.9,11585001.9,,,,,17320628.6,17320628.6,24601787.7,24601787.7,121509298.5,121509298.5,154889906.6,154889906.6,121509298.5,349147.7,121509298.5,121509298.5,78.448816436,,6.223896785,6.223896785,20235.7,20609.0,154889906.6,154889906.6,87.691806308,139099288.7,355590.0,121509298.5,154889906.6,110927541.0,110927541.0,114732376.2,111985211.4,26374880.6,1794219.6,-10581757.5,12375977.1,11619081.8,11619081.8,15147834.1,15147834.1,11619081.8,11619081.8,15147834.1,15147834.1,2011511.9,1057670.4,953841.5,,,5869.0,,,,,,,,,,,,,,,,,,,,,,,,,1830.4,,,,,,,,,,,,,,,,,,,,,,,,,7699.4,,,,,,,,,,,,,,,,,,,,,,,85610330.8,85610330.8,77.14130727,110978584.4,110978584.4,6815206.2,6815206.2,7488244.9,7488244.9,63835882.8,63835882.8,82803832.1,82803832.1,30627946.9,30627946.9,39034866.2,39034866.2,33207935.9,33207935.9,43765836.7,43765836.7,70651089.1,70651089.1,90159878.6,90159878.6,70651089.1,70651089.1,90159878.6,90159878.6,70651089.1,203010.5,70651089.1,70651089.1,78.362005498,,9.213299803,9.213299803,90159878.6,90159878.6,85.141386125,83429981.4,213278.3,70651089.1,70651089.1,90159878.6,90159878.6,85610330.8,14959241.7,42984.2,14959241.7,14959241.7,71.80970956,,2.597538823,2.597538823,20831781.4,20831781.4,85.918971362,18524312.1,47355.1,117988059.0,117988059.0,153910674.9,,32377728.2,32377728.2,75.345375402,42972416.1,42972416.1,30037575.2,86310.7,30037575.2,30037575.2,75.378942238,,15.065945095,15.065945095,39848761.8,39848761.8,91.738033183,37063855.1,94749.1,30037575.2,30037575.2,39848761.8,39848761.8,18809335.4,18809335.4,25594853.5,25594853.5,11228239.8,11228239.8,14307910.1,14307910.1,2340153.1,2340153.1,2340153.1,2340153.1,32377728.2,45796587.6,131593.0,45796587.6,45796587.6,89.833701799,,5.192210482,5.192210482,50979294.7,50979294.7,98.572315523,45642666.4,116679.8,39585480.7,39585480.7,43510365.7,43469691.2,6211106.9,6211106.9,7556274.8,7556274.8,42275348.1,121475.0,42275348.1,42275348.1,84.610050875,,15.838952477,15.838952477,49964924.6,49964924.6,102.101797271,48842992.4,124861.0,36142163.9,36142163.9,41562143.4,41558502.1,6133184.2,6133184.2,8589993.4,8589993.4,17254.1,17254.1,348.01685,0.0,-2198.4,2340153.1,0.0,0.0,-88539.7,-88539.7,3281466.1,0.0,0.0,0.0,-54001.7,-54001.7
2012,-604326.7,-604326.7,-727388.9,-727388.9,117146900.9,117315823.6,148255141.5,148255141.5,4256542.3,4256542.3,6569992.7,6569992.7,31838965.0,36522157.6,36522157.6,12773438.0,12773438.0,16636045.9,16636045.9,7886840.2,7886840.2,11523632.3,11523632.3,21957562.2,21957562.2,27496788.4,27496788.4,,,,,4459150.9,4459150.9,4003151.2,4003151.2,,,,,8393178.8,8393178.8,12111630.5,12111630.5,,,,,19024971.5,19024971.5,26023830.1,26023830.1,129973394.0,129973394.0,164423907.0,164423907.0,129973394.0,374316.6,129973394.0,129973394.0,79.047747011,,6.155340019,6.155340019,21462.1,21643.3,164423907.0,164423907.0,93.089535155,147661322.9,377477.8,129973394.0,164423907.0,122855248.4,122855248.4,124207029.3,123700446.4,30543819.7,3590182.0,-7118145.6,10708327.6,12826493.1,12826493.1,16173388.0,16173388.0,12826493.1,12826493.1,16173388.0,16173388.0,1904786.8,845197.9,1059588.9,,,6086.6,,,,,,,,,,,,,,,,,,,,,,,,,1786.1,,,,,,,,,,,,,,,,,,,,,,,,,7872.7,,,,,,,,,,,,,,,,,,,,,,,93156626.7,93156626.7,79.300560943,117472847.1,117472847.1,7572848.3,7572848.3,8377972.6,8377972.6,69563346.9,69563346.9,87587000.7,87587000.7,33163359.3,33163359.3,41327242.8,41327242.8,36399987.6,36399987.6,46255168.6,46255168.6,77136195.2,77136195.2,95898939.8,95898939.8,77136195.2,77136195.2,95898939.8,95898939.8,77136195.2,222148.2,77136195.2,77136195.2,80.434877959,,6.365426836,6.365426836,95898939.8,95898939.8,90.560998766,88740655.8,226854.4,77136195.2,77136195.2,95898939.8,95898939.8,93156626.7,16020431.5,46138.0,16020431.5,16020431.5,74.356293193,,3.426081187,3.426081187,21545495.1,21545495.1,88.862625076,19158970.1,48977.5,130577720.8,130577720.8,165578295.6,,37421094.1,37421094.1,77.645876706,48194567.0,48194567.0,34771343.3,100139.7,34771343.3,34771343.3,77.902220832,,12.010000386,12.010000386,44634598.3,44634598.3,102.755771322,41515224.3,106128.5,34771343.3,34771343.3,44634598.3,44634598.3,21741481.3,21741481.3,28128616.7,28128616.7,13029862.0,13029862.0,16532141.4,16532141.4,2649750.8,2649750.8,2649750.8,2649750.8,37421094.1,43990262.7,126689.7,43990262.7,43990262.7,86.012502837,,0.323147095,0.323147095,51144032.9,51144032.9,98.890849098,45790159.3,117056.8,38062483.5,38062483.5,44286874.6,44245474.3,5927779.2,5927779.2,6876850.6,6876850.6,44594589.5,128430.1,44594589.5,44594589.5,85.971403774,,3.81567111,3.81567111,51871421.8,51871421.8,105.997666053,50706680.3,129625.3,38823409.9,38823409.9,44232995.8,44229120.5,5771179.5,5771179.5,7596330.3,7596330.3,17440.8,17440.8,347.22851,0.0,-4622.5,2649750.8,0.0,0.0,-487706.0,-487706.0,3162993.8,0.0,0.0,0.0,-26159.8,-26159.8
2013,-1329648.4,-1329648.4,-126110.2,-126110.2,123749631.8,123772041.4,152918543.8,152918543.8,4769263.6,4769263.6,6620406.9,6620406.9,31769839.5,37846064.6,37846064.6,13710367.5,13710367.5,16798489.1,16798489.1,8640525.9,8640525.9,11759223.3,11759223.3,23133134.2,23133134.2,28585669.8,28585669.8,78569672.5,78594549.3,96801275.1,96714141.2,4718078.0,4718078.0,4243855.2,4243855.2,6451568.0,6451568.0,6864978.1,6864978.1,9514247.7,9514247.7,12816890.5,12816890.5,13706381.9,13706381.9,17629278.4,17629278.4,21046262.8,21046262.8,26820521.1,26820521.1,137309192.0,137309192.0,169863885.5,169863885.5,137309192.0,392670.4,137309192.0,137309192.0,80.834835243,90.011244456,3.308508247,3.308508247,22294.6,22141.1,169863885.5,169863885.5,96.169410103,152546710.0,389966.6,137309192.0,169863885.5,131195455.8,131195455.8,132065935.2,132055154.8,31172166.4,4166205.9,-6113736.2,10279942.1,13559560.3,13559560.3,16949236.4,16949236.4,13559560.3,13559560.3,16949236.4,16949236.4,2044068.3,859699.0,1184369.3,1088.4,6207.7,6207.7,85.4,477.6,193.4,1033.2,129.4,705.5,92.5,505.5,286.2,1633.6,25.6,144.9,31.9,180.0,9.1,52.8,46.4,269.7,236.5,1392.6,81.6,517.8,282.5,1831.1,1831.1,29.9,205.2,31.8,217.7,29.9,205.2,29.9,183.8,130.9,754.0,3.8,21.3,1.2,9.2,1.7,10.4,23.5,163.2,5.7,61.0,24.2,205.3,1370.9,8038.8,8038.8,115.2,682.8,225.2,1250.9,159.3,910.8,122.4,689.3,417.1,2387.6,29.4,166.2,33.1,189.2,10.7,63.3,69.9,432.9,242.2,1453.6,105.8,723.0,100882988.4,100882988.4,81.840195346,123268264.4,123268264.4,8459666.3,8459666.3,9305200.8,9305200.8,74867539.7,74867539.7,91725761.9,91725761.9,35050419.4,35050419.4,43081223.7,43081223.7,39817120.3,39817120.3,48643653.7,48643653.7,83327206.0,83327206.0,101027571.1,101027571.1,83327206.0,83327206.0,101027571.1,101027571.1,83327206.0,238295.2,83327206.0,83327206.0,82.479668797,89.132908918,5.347954156,5.347954156,101027571.1,101027571.1,95.404159464,93486465.4,238986.5,83327206.0,83327206.0,101027571.1,101027571.1,100882988.4,17555782.4,50205.2,17555782.4,17555782.4,79.157188065,89.017353424,2.937437215,2.937437215,22178380.5,22178380.5,91.472908895,19721752.8,50416.2,138638840.4,138638840.4,170374810.9,170523746.6,37755852.0,37755852.0,80.080687934,47147262.3,47147262.3,36179163.5,103463.5,36179163.5,36179163.5,79.999054885,86.010029807,1.321598827,1.321598827,45224488.6,45224488.6,104.113790391,42063889.0,107531.1,36179163.5,36179163.5,45224488.6,45224488.6,23297671.6,23297671.6,29200351.2,29200351.2,12881491.9,12881491.9,16064162.4,16064162.4,1576688.5,1576688.5,1576688.5,1576688.5,37755852.0,44059037.0,125998.0,44059037.0,44059037.0,83.589014869,93.362403296,3.060162543,3.060162543,52709123.4,52709123.4,101.91706982,47191412.6,120639.0,38151529.3,38151529.3,45988602.9,45980729.0,5907507.7,5907507.7,6741835.4,6738519.4,45388685.3,129800.4,45388685.3,45388685.3,85.906093784,87.879371969,1.858078726,1.858078726,52835233.6,52835233.6,107.967186135,51648850.4,132033.8,39184038.1,39184038.1,44850981.9,44784010.4,6204647.2,6204647.2,7973034.7,7973034.7,17612.8,17612.8,349.68054,0.0,-3894.7,1576688.5,0.0,0.0,-363218.1,-363218.1,1732040.5,0.0,0.0,0.0,-40024.9,-40024.9
2014,552121.4,552121.4,3594350.3,3594350.3,133159658.0,133105731.7,155688678.3,155688678.3,5839076.1,5839076.1,6467366.3,6467366.3,33706610.5,38491375.4,38491375.4,14677456.2,14677456.2,16882099.8,16882099.8,9056621.7,9056621.7,11494071.8,11494071.8,25311536.0,25311536.0,29028048.0,29028048.0,84558417.2,84504844.2,99271651.1,99150817.1,4880316.4,4880316.4,4379798.9,4379798.9,6538531.4,6538531.4,7275370.3,7275370.3,10416888.3,10416888.3,13185205.1,13185205.1,14567501.0,14567501.0,17858780.7,17858780.7,22843644.1,22843644.1,27659627.7,27659627.7,147951290.0,147951290.0,172908949.6,172908949.6,147951290.0,402902.2,147951290.0,147951290.0,85.566010545,95.279505045,1.792649471,1.792649471,22649.4,22315.3,172908949.6,172908949.6,97.893390525,155281337.8,396957.4,147951290.0,172908949.6,141386608.1,141386608.1,144180640.8,142296242.6,32118797.7,3966083.2,-6564682.0,10530765.2,14791632.1,14791632.1,17223902.7,17223902.7,14791632.1,14791632.1,17223902.7,17223902.7,2260928.5,909634.6,1351293.9,1085.2,6244.3,6244.3,83.9,472.5,185.9,1005.7,123.0,681.6,88.8,489.1,281.8,1622.1,27.0,153.8,31.9,180.3,9.4,55.0,45.7,265.1,247.8,1458.0,83.0,542.6,292.7,1909.4,1909.4,30.1,202.4,35.2,245.2,33.3,232.3,31.2,192.0,133.6,770.4,3.2,18.9,1.1,6.9,1.9,12.4,28.0,206.5,9.3,85.7,19.3,169.1,1377.9,8153.7,8153.7,114.0,674.9,221.1,1251.0,156.4,913.9,120.0,681.1,415.4,2392.5,30.1,172.7,33.0,187.3,11.3,67.4,73.7,471.6,257.1,1543.7,102.2,711.6,110177444.9,110177444.9,87.049701083,126568435.6,126568435.6,8532216.4,8532216.4,8804746.9,8804746.9,82076708.6,82076708.6,94700362.2,94700362.2,39312934.8,39312934.8,44814283.7,44814283.7,42763773.8,42763773.8,49887200.3,49887200.3,90608925.0,90608925.0,103419580.0,103419580.0,90608925.0,90608925.0,103419580.0,103419580.0,90608925.0,246747.0,90608925.0,90608925.0,87.612930698,94.680246488,2.367679351,2.367679351,103419580.0,103419580.0,97.663024048,95699925.1,244644.9,90608925.0,90608925.0,103419580.0,103419580.0,110177444.9,19568519.9,53289.2,19568519.9,19568519.9,84.719539674,95.272575864,4.146471478,4.146471478,23098000.7,23098000.7,95.265806973,20539509.6,52506.7,147399168.7,147399168.7,169478941.6,169537248.5,37221723.8,37221723.8,86.836276522,42864255.9,42864255.9,37688431.5,102633.5,37688431.5,37688431.5,86.857424292,93.383723884,-4.053872084,-4.053872084,43391145.7,43391145.7,99.893150507,40358672.7,103171.9,37688431.5,37688431.5,43391145.7,43391145.7,24194415.3,24194415.3,28398767.9,28398767.9,13494016.2,13494016.2,15032696.8,15032696.8,-466707.8,-466707.8,-466707.8,-466707.8,37221723.8,48829700.2,132973.5,48829700.2,48829700.2,92.21444181,102.996331748,0.461422331,0.461422331,52952335.1,52952335.1,102.387337939,47409164.4,121195.6,42955775.8,42955775.8,46783957.9,46760431.7,5873924.4,5873924.4,6220843.1,6217783.3,48277578.8,131469.9,48277578.8,48277578.8,97.811081764,100.05781963,-6.581306902,-6.581306902,49357984.7,49357984.7,100.861534262,48249681.0,123344.3,41481390.0,41481390.0,41811713.1,41749655.1,6796188.8,6796188.8,7546523.2,7546523.2,17788.6,17788.6,367.21391,0.0,-3631.3,-466707.8,0.0,0.0,-67237.4,-67237.4,-476253.1,0.0,0.0,0.0,-40319.1,-40319.1
2015,-1533806.5,-1533806.5,2781278.7,2781278.7,142657117.5,142645612.1,159060739.7,159060739.7,5883964.7,5883964.7,6687385.4,6687385.4,33928664.6,38483354.0,38483354.0,16494981.2,16494981.2,17144526.6,17144526.6,10312527.5,10312527.5,12133390.8,12133390.8,28432260.1,28432260.1,29947077.7,29947077.7,92548071.6,92514492.4,101841234.3,101771189.1,5065662.2,5065662.2,4587265.2,4587265.2,6822882.0,6822882.0,7475572.0,7475572.0,11667029.0,11667029.0,13562672.0,13562672.0,15569220.7,15569220.7,17886500.4,17886500.4,24991017.7,24991017.7,28453260.4,28453260.4,158622902.9,158622902.9,176629850.8,176629850.8,158622902.9,405499.7,158622902.9,158622902.9,89.805263477,100.0,2.1519425,2.1519425,22561.8,22561.8,176629850.8,176629850.8,100.0,158622902.9,405499.7,158622902.9,176629850.8,154729338.4,154729338.4,156017514.5,155680725.7,36130587.9,4154502.9,-3893564.4,8048067.3,15965785.3,15965785.3,17572908.9,17572908.9,15965785.3,15965785.3,17572908.9,17572908.9,2431347.4,951387.2,1479960.1,1100.8,6349.1,6349.1,84.6,481.5,185.1,1008.8,124.4,694.9,92.3,510.3,292.8,1683.0,23.3,131.9,31.0,176.2,10.1,49.9,45.7,265.9,256.1,1516.4,79.8,525.2,297.2,1945.5,1945.5,29.4,199.4,34.9,244.6,32.8,230.9,33.9,213.0,135.5,786.2,3.6,21.8,1.1,6.4,3.3,18.6,24.4,182.5,12.0,106.2,19.2,166.9,1398.0,8294.6,8294.6,114.0,681.0,220.1,1253.4,157.2,925.8,126.2,723.3,428.3,2469.2,26.8,153.7,32.0,182.5,13.4,68.5,70.1,448.3,268.1,1622.6,99.0,692.1,119550137.8,119550137.8,91.837105238,130176291.5,130176291.5,9117617.6,9117617.6,8916362.3,8916362.3,88872308.5,88872308.5,97077217.3,97077217.3,42411456.7,42411456.7,45873643.2,45873643.2,46460851.8,46460851.8,51206252.9,51206252.9,97989926.1,97989926.1,105894304.5,105894304.5,97989926.1,97989926.1,105894304.5,105894304.5,97989926.1,250499.0,97989926.1,97989926.1,92.535596334,100.0,2.392897389,2.392897389,105894304.5,105894304.5,100.0,97989926.1,250499.0,97989926.1,97989926.1,105894304.5,105894304.5,119550137.8,21560211.7,55116.0,21560211.7,21560211.7,88.923322274,100.0,4.9694567,4.9694567,24245845.9,24245845.9,100.0,21560211.7,55116.0,160156709.4,160156709.4,173974643.7,173925513.4,40606571.6,40606571.6,92.814469694,43750259.8,43750259.8,40401841.9,103282.3,40401841.9,40401841.9,93.011309337,100.0,0.106963784,0.106963784,43437558.5,43437558.5,100.0,40401841.9,103282.3,40401841.9,40401841.9,43437558.5,43437558.5,26287505.1,26287505.1,29397738.7,29397738.7,14114336.8,14114336.8,14129484.9,14129484.9,204729.7,204729.7,204729.7,204729.7,40606571.6,46303737.7,118369.7,46303737.7,46303737.7,89.531772875,100.0,-2.331673024,-2.331673024,51717659.7,51717659.7,100.0,46303737.7,118369.7,40486964.7,40486964.7,45894333.3,45875053.2,5816773.0,5816773.0,5880122.6,5877230.4,47837544.2,122290.7,47837544.2,47837544.2,97.754560438,100.0,-0.85417525,-0.85417525,48936381.1,48936381.1,100.0,47837544.2,122290.7,40726957.5,40726957.5,41536526.9,41469031.0,7110586.7,7110586.7,7391773.8,7391773.8,17972.8,17972.8,391.17886,0.0,-3797.8,204729.7,0.0,0.0,-41838.1,-41838.1,204729.7,0.0,0.0,0.0,-89665.1,-89665.1
2016,-357013.0,-357013.0,2518456.8,2518456.8,151822891.6,151616418.4,161722672.4,161722672.4,7086580.1,7086580.1,6907386.2,6907386.2,34044184.9,38209202.7,38209202.7,16380173.8,16380173.8,17128830.0,17128830.0,11021086.1,11021086.1,12240254.1,12240254.1,30450873.7,30450873.7,30596927.8,30596927.8,99541862.1,99467335.1,104421272.7,104326699.5,5144733.5,5144733.5,4756855.2,4756855.2,7230734.3,7230734.3,7699684.3,7699684.3,12714407.2,12714407.2,13809319.5,13809319.5,16024369.5,16024369.5,17383108.3,17383108.3,27976743.9,27976743.9,30231439.9,30231439.9,168764687.9,168764687.9,179726240.5,179726240.5,168764687.9,424831.7,168764687.9,168764687.9,93.900972647,104.560656037,1.753038749,1.753038749,23375.6,22703.1,179726240.5,179726240.5,101.753038749,161403623.8,412608.2,168764687.9,179726240.5,164069611.0,164069611.0,165200966.7,164765022.8,35655387.7,4827953.0,-4695076.9,9523030.0,16941796.3,16941796.3,18005807.7,18005807.7,16941796.3,16941796.3,18005807.7,18005807.7,2392483.5,695411.8,1697071.8,1095.0,6367.5,6367.5,86.8,496.4,175.2,959.5,119.8,672.0,92.2,510.7,295.0,1717.9,22.6,129.0,29.5,169.0,9.3,55.8,49.2,287.6,252.9,1498.9,82.3,542.7,303.1,2026.8,2026.8,29.5,198.5,32.4,232.1,30.7,220.6,35.6,227.8,141.7,849.2,3.6,22.6,1.2,7.2,3.1,18.9,26.5,208.5,11.5,103.6,18.0,158.3,1398.0,8394.3,8394.3,116.3,694.9,207.6,1191.6,150.5,892.6,127.8,738.5,436.7,2567.1,26.1,151.7,30.7,176.2,12.4,74.7,75.7,496.2,264.4,1602.5,100.3,701.0,129109635.0,129109635.0,95.295831152,135482983.3,135482983.3,9836941.6,9836941.6,9403656.3,9403656.3,95067335.2,95067335.2,100067707.4,100067707.4,44986066.4,44986066.4,47063431.7,47063431.7,50081268.8,50081268.8,53011271.2,53011271.2,104904276.8,104904276.8,109391367.9,109391367.9,104904276.8,104904276.8,109391367.9,109391367.9,104904276.8,264075.7,104904276.8,104904276.8,95.898130471,103.633773672,3.30240942,3.30240942,109391367.9,109391367.9,103.30240942,101225954.7,258771.5,104904276.8,104904276.8,109391367.9,109391367.9,129109635.0,24205358.2,60932.2,24205358.2,24205358.2,92.785979198,104.343806356,7.594932857,7.594932857,26087301.6,26087301.6,107.594932857,23197695.3,59302.0,169121701.0,169121701.0,177302006.7,177020942.7,40012065.9,40012065.9,95.723390043,41799675.0,41799675.0,40721565.1,102508.5,40721565.1,40721565.1,96.013258687,103.227510043,-2.359983501,-2.359983501,42412439.3,42412439.3,97.640016499,39448365.1,100844.8,40721565.1,40721565.1,42412439.3,42412439.3,26678590.5,26678590.5,28739025.4,28739025.4,14042974.5,14042974.5,13764639.4,13764639.4,-709499.1,-709499.1,-709499.1,-709499.1,40012065.9,47124430.6,118626.4,47124430.6,47124430.6,90.576672794,101.167071628,0.598357066,0.598357066,52027116.0,52027116.0,100.598357066,46580799.3,119078.0,41128180.7,41128180.7,46116316.8,46029671.2,5996249.9,5996249.9,5962240.0,5959307.4,47481443.7,119525.1,47481443.7,47481443.7,95.905331376,98.108293819,1.169432934,1.169432934,49508659.2,49508659.2,101.169432934,48396972.2,123720.8,40020009.2,40020009.2,42030778.8,41961780.7,7461434.5,7461434.5,7469541.4,7469541.4,18174.1,18174.1,397.2507,0.0,-2239.5,-709499.1,0.0,0.0,-70560.9,-70560.9,-652218.4,0.0,0.0,0.0,-91225.5,-91225.5
2017,1141509.2,1141509.2,-187275.7,-187275.7,161273920.1,161407999.5,163502589.9,163502589.9,7676420.4,7676420.4,7170256.1,7170256.1,38066829.9,38508889.2,38508889.2,16426761.0,16426761.0,17290702.1,17290702.1,11015730.7,11015730.7,11699114.6,11699114.6,31710529.7,31710529.7,31516416.2,31516416.2,104499004.4,104644428.4,106121185.9,106266793.2,5263179.7,5263179.7,4997408.3,4997408.3,7534751.1,7534751.1,7796462.1,7796462.1,13998615.8,13998615.8,14141843.0,14141843.0,16069102.7,16069102.7,16664485.2,16664485.2,29922825.3,29922825.3,30999333.0,30999333.0,179314910.1,179314910.1,182166375.3,182166375.3,179314910.1,450891.9,179314910.1,179314910.1,98.43469179,109.609045148,1.357695373,1.357695373,24466.1,22692.7,182166375.3,182166375.3,103.134535049,163594993.3,418210.2,179314910.1,182166375.3,172344203.7,172344203.7,173352358.3,173222050.8,35639574.3,5471745.8,-6970706.5,12442452.3,18040990.0,18040990.0,18665117.7,18665117.7,18040990.0,18040990.0,18665117.7,18665117.7,2737934.9,877847.1,1860087.8,1107.1,6441.2,6441.2,85.4,487.6,176.3,968.1,121.0,678.7,88.0,491.6,294.3,1715.1,24.0,138.0,26.7,153.0,10.6,62.0,49.9,291.9,266.4,1572.6,85.5,561.3,322.8,2156.4,2156.4,29.4,208.6,36.1,256.3,34.4,244.3,36.1,230.8,150.0,898.2,4.6,31.3,1.8,12.0,3.3,21.5,28.1,207.4,13.3,115.9,20.1,174.4,1429.9,8597.6,8597.6,114.8,696.2,212.4,1224.4,155.4,923.0,124.1,722.4,444.3,2613.3,28.6,169.3,28.5,165.0,13.9,83.5,77.9,499.2,279.7,1688.5,105.6,735.8,137582476.5,137582476.5,97.868100593,140579489.8,140579489.8,10719602.3,10719602.3,10441699.4,10441699.4,100595547.3,100595547.3,102847908.3,102847908.3,47483132.2,47483132.2,48706025.1,48706025.1,53112415.1,53112415.1,54145125.5,54145125.5,111315149.6,111315149.6,113277936.7,113277936.7,111315149.6,111315149.6,113277936.7,113277936.7,111315149.6,279904.7,111315149.6,111315149.6,98.267282045,106.194033365,3.552902637,3.552902637,113277936.7,113277936.7,106.972643448,104822414.3,267965.4,111315149.6,111315149.6,113277936.7,113277936.7,137582476.5,26267326.9,66049.9,26267326.9,26267326.9,96.200614395,108.183783438,4.666782476,4.666782476,27304739.2,27304739.2,112.616154328,24280281.3,62069.5,178173400.9,178173400.9,182396653.7,182230921.9,40590924.4,40590924.4,97.101353229,41802635.1,41802635.1,39911311.3,100358.0,39911311.3,39911311.3,97.33966593,104.653580972,-3.325286262,-3.325286262,41002104.3,41002104.3,94.393206444,38136594.0,97491.4,39911311.3,39911311.3,41002104.3,41002104.3,25957665.1,25957665.1,27006444.6,27006444.6,13953646.2,13953646.2,14013855.4,14013855.4,679613.1,679613.1,679613.1,679613.1,40590924.4,50802382.9,127743.9,50802382.9,50802382.9,98.594102247,110.121914356,-0.961650528,-0.961650528,51526797.0,51526797.0,99.630952434,46132854.8,117932.9,44664409.1,44664409.1,45256673.4,45229040.5,6137973.8,6137973.8,6273950.3,6270864.5,49660873.7,124873.5,49660873.7,49660873.7,96.029709413,98.235528841,4.454601414,4.454601414,51714072.6,51714072.6,105.676127924,50552864.4,129232.1,42192917.5,42192917.5,44090823.7,44023485.0,7467956.2,7467956.2,7623326.0,7623326.0,18429.2,18429.2,397.6894,0.0,-1332.3,679613.1,0.0,0.0,-31660.1,-31660.1,775713.3,0.0,0.0,0.0,-18195.7,-18195.7
2018,-2119702.6,-2119702.6,-2119702.6,-2119702.6,170093998.1,170307196.3,170093998.1,170093998.1,7439933.0,7439933.0,7439933.0,7439933.0,40568034.6,40527026.9,40527026.9,18193729.7,18193729.7,18193729.7,18193729.7,12252411.9,12252411.9,12252411.9,12252411.9,32283347.5,32283347.5,32283347.5,32283347.5,109874626.4,110045083.4,109874626.4,110045083.4,5274467.7,5274467.7,5274467.7,5274467.7,8373439.1,8373439.1,8373439.1,8373439.1,14630325.7,14630325.7,14630325.7,14630325.7,17148225.6,17148225.6,17148225.6,17148225.6,32164820.8,32164820.8,32164820.8,32164820.8,189434867.4,189434867.4,189434867.4,189434867.4,189434867.4,478093.9,189434867.4,189434867.4,100.0,111.352047896,3.990029478,3.990029478,25492.3,23189.0,189434867.4,189434867.4,107.249633399,170122481.8,434896.9,189434867.4,189434867.4,181670425.6,181670425.6,183783146.1,182899282.0,37193781.6,6414518.9,-7764441.8,14178960.7,19340869.3,19340869.3,19340869.3,19340869.3,19340869.3,19340869.3,19340869.3,19340869.3,3425412.8,1228856.4,2196556.4,1136.9,6621.1,6621.1,85.6,489.3,178.3,978.0,121.3,681.0,90.1,504.5,303.4,1773.6,26.9,154.3,28.9,164.1,11.9,68.3,49.3,288.3,276.4,1635.4,86.1,565.3,323.7,2163.8,2163.8,28.5,207.4,34.8,238.3,33.0,227.4,37.5,240.5,152.4,909.3,3.8,23.6,0.7,5.1,2.8,18.2,30.2,231.8,12.1,110.8,20.9,178.8,1460.6,8784.9,8784.9,114.1,696.7,213.0,1216.2,154.4,908.4,127.6,745.0,455.8,2682.8,30.8,177.9,29.6,169.2,14.6,86.5,79.5,520.1,288.5,1746.2,107.0,744.1,145705500.5,145705500.5,100.0,145705500.5,145705500.5,11080805.8,11080805.8,11080805.8,11080805.8,106481353.3,106481353.3,106481353.3,106481353.3,49881072.6,49881072.6,49881072.6,49881072.6,56600280.7,56600280.7,56600280.7,56600280.7,117562159.1,117562159.1,117562159.1,117562159.1,117562159.1,117562159.1,117562159.1,117562159.1,117562159.1,296702.3,117562159.1,117562159.1,100.0,108.066521384,3.782044836,3.782044836,117562159.1,117562159.1,111.018396786,108786845.0,278100.0,117562159.1,117562159.1,117562159.1,117562159.1,145705500.5,28143341.4,71027.9,28143341.4,28143341.4,100.0,112.456437123,3.071269517,3.071269517,28143341.4,28143341.4,116.074899947,25025994.1,63975.8,191554570.0,191554570.0,191554570.0,191554570.0,45849069.5,45849069.5,100.0,45849069.5,45849069.5,43664344.1,110199.7,43664344.1,43664344.1,100.0,107.513807421,6.492934717,6.492934717,43664344.1,43664344.1,100.522095716,40612778.2,103821.5,43664344.1,43664344.1,43664344.1,43664344.1,28201327.3,28201327.3,28201327.3,28201327.3,15463016.8,15463016.8,15463016.8,15463016.8,2184725.4,2184725.4,2184725.4,2184725.4,45849069.5,54043958.1,136395.6,54043958.1,54043958.1,100.0,111.692192379,4.885149554,4.885149554,54043958.1,54043958.1,104.498073462,48386513.8,123694.1,47924844.8,47924844.8,47924844.8,47905619.8,6119113.3,6119113.3,6119113.3,6116103.6,56163660.7,141745.3,56163660.7,56163660.7,100.0,102.297017706,8.604211159,8.604211159,56163660.7,56163660.7,114.768725115,54902539.6,140351.5,47880877.2,47880877.2,47880877.2,47807072.5,8282783.4,8282783.4,8282783.4,8282783.4,18754.4,18754.4,396.22941,0.0,0.0,2184725.4,0.0,0.0,0.0,0.0,2212890.3,0.0,0.0,0.0,0.0,0.0
2019,-3641620.1,-3641620.1,-2522902.4,-2522902.4,176178388.3,176311203.8,171517889.4,171517889.4,7797437.8,7797437.8,7386382.5,7386382.5,39962426.3,39681944.5,39681944.5,17602923.3,17602923.3,17929727.6,17929727.6,13270957.7,13270957.7,12800183.6,12800183.6,32960944.1,32960944.1,32284610.6,32284610.6,115135287.2,115277461.1,111649378.8,111790872.9,5459965.3,5459965.3,5541342.5,5541342.5,8152322.1,8152322.1,8845699.6,8845699.6,15533592.6,15533592.6,14860141.9,14860141.9,18618388.2,18618388.2,17931990.6,17931990.6,34410074.9,34410074.9,32185593.6,32185593.6,195752228.5,195752228.5,190842614.8,190842614.8,195752228.5,487414.5,195752228.5,195752228.5,102.572598208,114.216688685,0.743130031,0.743130031,25510.1,22930.6,190842614.8,190842614.8,108.046637633,171386713.0,438128.8,195752228.5,190842614.8,188419084.6,188419084.6,190665285.7,189153558.9,38743892.0,7777287.3,-7333143.9,15110431.2,19573840.2,19573840.2,19324725.4,19324725.4,19573840.2,19573840.2,19324725.4,19324725.4,3293292.0,734474.3,2558817.7,1156.7,6741.8,6741.8,86.7,495.8,179.8,979.5,117.3,654.5,93.8,526.3,303.8,1778.5,23.8,136.4,30.4,172.6,10.7,62.2,51.5,300.8,291.0,1717.8,85.1,572.0,329.0,2230.4,2230.4,27.8,192.1,33.7,238.4,31.9,225.8,38.2,245.3,156.9,956.4,3.0,21.3,0.7,5.2,2.9,19.7,30.6,232.8,14.1,130.6,21.1,188.7,1485.7,8972.2,8972.2,114.5,687.9,213.4,1217.9,149.3,880.3,132.0,771.6,460.8,2734.9,26.8,157.7,31.2,177.7,13.6,81.9,82.1,533.7,305.1,1848.4,106.3,760.6,150409666.9,150409666.9,102.50360111,146735983.2,146735983.2,10353311.8,10353311.8,10582799.3,10582799.3,110230032.8,110230032.8,107842079.2,107842079.2,50756838.1,50756838.1,49786243.2,49786243.2,59473194.6,59473194.6,58055836.0,58055836.0,120583344.5,120583344.5,118424878.5,118424878.5,120583344.5,120583344.5,118424878.5,118424878.5,120583344.5,300247.3,120583344.5,120583344.5,101.822645753,110.036191246,0.733841075,0.733841075,118424878.5,118424878.5,111.833095381,109585167.5,280140.8,120583344.5,120583344.5,118424878.5,118424878.5,150409666.9,29826322.4,74266.2,29826322.4,29826322.4,105.352026005,118.475134882,0.596103073,0.596103073,28311104.7,28311104.7,116.766825992,25175174.9,64357.2,199393848.5,199393848.5,193365517.2,193465044.0,48984181.6,48984181.6,105.049691497,46629534.0,46629534.0,48002424.1,119523.9,48002424.1,48002424.1,105.215582555,113.121278805,4.485533363,4.485533363,45622922.9,45622922.9,105.031047856,42434477.9,108478.5,48002424.1,48002424.1,45622922.9,45622922.9,30721346.5,30721346.5,29664855.9,29664855.9,17281077.6,17281077.6,15958067.0,15958067.0,981757.6,981757.6,981757.6,981757.6,48984181.6,54503818.0,135712.1,54503818.0,54503818.0,103.48870358,115.588801894,-2.548880907,-2.548880907,52666441.9,52666441.9,101.834542019,47153199.2,120541.3,48348955.0,48348955.0,46850765.4,46841369.8,6154863.0,6154863.0,5815676.6,5812816.1,58145438.0,144779.6,58145438.0,58145438.0,105.356276123,107.77632844,-1.734780586,-1.734780586,55189344.4,55189344.4,112.777739553,53950101.0,137916.7,49041874.5,49041874.5,46862198.8,46795492.4,9103563.5,9103563.5,8327145.6,8327145.6,19106.7,19106.7,401.61348,0.0,0.0,981757.6,0.0,0.0,0.0,0.0,988794.5,0.0,0.0,0.0,0.0,0.0
2020,9012154.6,9012154.6,3799968.8,3799968.8,181745099.9,181452496.6,160899444.5,160899444.5,8141734.8,8141734.8,7186981.2,7186981.2,47861489.2,39385999.8,39385999.8,18161776.4,18161776.4,17525798.7,17525798.7,12022111.6,12022111.6,11311157.2,11311157.2,30228044.3,30228044.3,27786580.1,27786580.1,113397900.8,113500757.4,103062911.6,103166529.3,5394732.4,5394732.4,5904669.2,5904669.2,9397070.6,9397070.6,9411726.8,9411726.8,16195947.0,16195947.0,14547710.9,14547710.9,17894987.5,17894987.5,16987789.5,16987789.5,34287119.1,34287119.1,28598502.9,28598502.9,201428894.2,201428894.2,179114865.0,179114865.0,201428894.2,481373.7,201428894.2,201428894.2,112.457943794,125.224223436,-6.145246857,-6.145246857,24759.5,21150.4,179114865.0,179114865.0,101.40690503,160854576.5,411204.7,201428894.2,179114865.0,188868059.9,188868059.9,192708056.9,188540855.2,38676537.5,3861522.3,-12560834.3,16422356.6,19683794.3,19683794.3,18216523.7,18216523.7,19683794.3,19683794.3,18216523.7,18216523.7,3390039.1,-327204.7,3717243.8,1037.4,6098.1,6124.5,70.3,406.2,159.4,904.3,106.7,603.1,71.1,408.6,261.0,1537.5,23.8,138.1,30.7,176.0,9.9,58.8,59.9,352.3,282.9,1668.6,68.3,447.8,249.4,1740.8,1744.5,22.0,143.2,26.7,202.9,24.9,190.4,30.6,206.1,114.9,722.1,2.8,20.8,1.4,10.2,1.9,12.6,23.2,187.8,9.8,89.2,16.1,145.9,1286.8,7839.0,7869.0,92.3,549.4,186.2,1107.3,131.6,793.6,101.7,614.7,375.9,2259.5,26.7,158.9,32.1,186.2,11.8,71.4,83.1,540.1,292.7,1757.8,84.4,593.7,149864317.7,149864317.7,109.394398926,136994507.2,136994507.2,11567080.5,11567080.5,10972745.4,10972745.4,106042942.7,106042942.7,98724361.9,98724361.9,53100246.8,53100246.8,49742783.3,49742783.3,52942695.9,52942695.9,49001579.7,49001579.7,117610023.2,117610023.2,109646751.3,109646751.3,117610023.2,117610023.2,109646751.3,109646751.3,117610023.2,281063.8,117610023.2,117610023.2,107.262661013,115.915026501,-7.41240126,-7.41240126,109646751.3,109646751.3,103.54357761,101462275.2,259375.7,117610023.2,117610023.2,109646751.3,109646751.3,149864317.7,32254294.5,77081.1,32254294.5,32254294.5,118.073797816,132.781586199,-3.511134703,-3.511134703,27317063.7,27317063.7,112.666985443,24291240.6,62097.5,192416739.6,192416739.6,175230922.8,175170871.8,42552421.9,42552421.9,111.004825519,38333848.7,38333848.7,45415839.0,108534.5,45415839.0,45415839.0,111.640947467,120.029433263,-10.833704788,-10.833704788,40680270.1,40680270.1,93.652294196,37837251.8,96726.2,45415839.0,45415839.0,40680270.1,40680270.1,28419655.1,28419655.1,26663737.5,26663737.5,16996183.9,16996183.9,14025820.7,14025820.7,-2863417.1,-2863417.1,-2863417.1,-2863417.1,42552421.9,63054836.9,150688.1,63054836.9,63054836.9,120.825082092,134.952183133,-0.910570304,-0.910570304,52186877.0,52186877.0,100.907266921,46723836.2,119443.7,58456619.2,58456619.2,48197960.7,48121056.9,4598217.8,4598217.8,4033071.6,4031088.0,54042682.3,129150.9,54042682.3,54042682.3,111.68864538,114.25415334,-12.325633237,-12.325633237,48386908.2,48386908.2,98.877169003,47300409.4,120917.6,46688311.7,46688311.7,42280882.5,42219374.2,7354370.6,7354370.6,6157091.2,6157091.2,19442.0,19442.0,418.44599,0.0,-1103.2,-2863417.1,0.0,0.0,17232.5,17232.5,-2159617.9,0.0,0.0,0.0,-9288.1,-9288.1
2021,-1832326.0,-1832326.0,-12300552.9,-12300552.9,214908750.8,215036984.3,178061007.4,178061007.4,8762379.6,8762379.6,7497262.6,7497262.6,60959918.5,40422945.5,40422945.5,20615636.4,20615636.4,18945912.4,18945912.4,14191584.9,14191584.9,12362993.8,12362993.8,38524942.4,38524942.4,33245059.2,33245059.2,130811149.6,131152127.3,118192676.3,118390528.6,6181585.3,6181585.3,6508053.1,6508053.1,8340022.7,8340022.7,10187285.0,10187285.0,17944549.5,17944549.5,15364468.6,15364468.6,20495721.1,20495721.1,18848938.0,18848938.0,39324328.5,39324328.5,34031262.6,34031262.6,240371473.1,240371473.1,200138348.8,200138348.8,240371473.1,552379.8,240371473.1,240371473.1,120.102656268,133.736767332,11.737431065,11.737431065,28082.8,23359.3,200138348.8,200138348.8,113.309470603,179734771.5,459469.5,240371473.1,200138348.8,226354126.5,226354126.5,,224256555.5,40817047.4,7821189.2,-14017346.7,21838535.9,25462722.4,25462722.4,22156765.9,22156765.9,25462722.4,25462722.4,22156765.9,22156765.9,3768759.7,-2097570.9,5866330.7,1068.0,6284.9,6310.2,67.9,391.0,165.3,940.7,110.0,622.0,83.7,481.3,272.7,1611.1,31.5,180.6,28.7,162.9,11.3,67.4,59.4,347.4,283.7,1669.5,63.7,433.0,279.2,1991.0,1993.0,21.4,140.0,28.7,215.9,27.3,205.2,38.5,268.5,125.1,818.3,3.4,21.5,1.4,9.9,2.4,15.3,25.5,212.1,11.5,101.3,21.2,188.1,1347.2,8275.8,8303.2,89.3,531.0,194.1,1156.6,137.3,827.2,122.2,749.8,397.8,2429.4,35.0,202.2,30.1,172.8,13.7,82.7,84.9,559.4,295.2,1770.8,85.0,621.1,183439508.1,183439508.1,112.216814771,163468824.6,163468824.6,17716103.2,17716103.2,15814318.5,15814318.5,130494310.1,130494310.1,116796383.1,116796383.1,66977240.4,66977240.4,58979133.7,58979133.7,63517069.8,63517069.8,57842475.9,57842475.9,148210413.4,148210413.4,132502367.3,132502367.3,148210413.4,148210413.4,132502367.3,132502367.3,148210413.4,340591.3,148210413.4,148210413.4,111.854917332,120.877718158,20.844772551,20.844772551,132502367.3,132502367.3,125.127000855,122611855.7,313441.9,148210413.4,148210413.4,132502367.3,132502367.3,183439508.1,35229094.8,80957.4,35229094.8,35229094.8,113.340964434,127.459210403,13.783834575,13.783834575,31082402.5,31082402.5,128.196816336,27639505.0,70656.9,242203799.1,242203799.1,213197685.8,213197839.7,58764291.0,58764291.0,117.998532742,49800865.8,49800865.8,55630152.0,127839.5,55630152.0,55630152.0,118.181480228,127.06140906,15.711625267,15.711625267,47071801.7,47071801.7,108.366591714,43782099.1,111923.5,55630152.0,55630152.0,47071801.7,47071801.7,34169373.1,34169373.1,29662100.7,29662100.7,21460778.9,21460778.9,17277033.3,17277033.3,3134139.0,3134139.0,3134139.0,3134139.0,58764291.0,76869998.3,176649.2,76869998.3,76869998.3,149.343846402,166.80541623,-1.370182155,-1.370182155,51471821.7,51471821.7,99.524653556,46083634.5,117807.1,72150161.3,72150161.3,47767808.1,47754518.8,4719837.0,4719837.0,3732879.0,3731042.9,78702324.3,180860.0,78702324.3,78702324.3,123.411312132,126.246091823,31.796754516,31.796754516,63772374.6,63772374.6,130.316899703,62340404.5,159365.5,70589006.8,70589006.8,57234217.1,57144859.1,8113317.5,8113317.5,6719459.7,6719459.7,19669.7,19669.7,435.15618,0.0,-79424.5,3134139.0,0.0,0.0,-946733.9,-946733.9,1958081.7,0.0,0.0,0.0,132667.7,132667.7
2022,-9655304.6,-9655304.6,-12138761.2,-12138761.2,235737335.8,235973844.9,182673798.7,182673798.7,9307321.3,9307321.3,7503364.0,7503364.0,68385747.8,39537022.4,39537022.4,25574948.9,25574948.9,18478814.1,18478814.1,15432557.3,15432557.3,12433721.1,12433721.1,39713790.7,39713790.7,34060318.5,34060318.5,142480168.0,142843934.5,124353967.7,124518436.5,6797800.6,6797800.6,6950076.2,6950076.2,7962387.0,7962387.0,10016312.6,10016312.6,20957942.1,20957942.1,16211409.6,16211409.6,23980561.5,23980561.5,19970949.2,19970949.2,43067686.1,43067686.1,36960869.4,36960869.4,262593355.8,262593355.8,205022531.9,205022531.9,262593355.8,600128.5,262593355.8,262593355.8,128.080242414,142.619972877,2.440403398,2.440403398,30269.3,23740.3,205022531.9,205022531.9,116.074678774,184121024.9,470682.5,262593355.8,205022531.9,248137230.2,248137230.2,,248639372.0,43136011.8,12906543.5,-14456125.7,27362669.2,26856020.1,26856020.1,22416663.7,22416663.7,26856020.1,26856020.1,22416663.7,22416663.7,4786874.1,502141.9,4284732.2,1141.4,6734.2,6753.1,68.5,398.5,178.8,1017.9,116.0,656.3,86.7,497.1,297.5,1754.5,31.9,182.8,29.2,167.9,14.8,87.2,65.5,382.5,294.4,1731.6,74.0,514.2,300.5,2105.7,2108.1,22.0,145.3,31.4,231.8,29.6,220.1,40.3,272.7,137.7,873.9,3.0,19.6,1.1,7.6,3.0,18.9,27.4,223.8,11.8,109.0,22.9,203.0,1441.9,8839.9,8861.2,90.5,543.8,210.2,1249.7,145.6,876.3,127.1,769.8,435.2,2628.4,34.9,202.4,30.3,175.5,17.8,106.2,92.9,606.3,306.1,1840.7,96.9,717.3,205503360.3,205503360.3,121.942094327,168525365.6,168525365.6,15624819.0,15624819.0,13284451.5,13284451.5,152058625.6,152058625.6,123121792.8,123121792.8,74978579.2,74978579.2,58553619.5,58553619.5,77080046.4,77080046.4,64718393.1,64718393.1,167683444.7,167683444.7,136286872.0,136286872.0,167683444.7,167683444.7,136286872.0,136286872.0,167683444.7,383222.3,167683444.7,167683444.7,123.037121795,132.961937535,2.856178965,2.856178965,136286872.0,136286872.0,128.700851932,126113869.7,322394.4,167683444.7,167683444.7,136286872.0,136286872.0,205503360.3,37819915.6,86433.3,37819915.6,37819915.6,116.894434098,131.455315781,4.090750975,4.090750975,32353906.2,32353906.2,133.441028851,28770168.3,73547.3,272248660.5,272248660.5,218024460.8,218270737.4,66745300.2,66745300.2,134.460996912,49639153.2,49639153.2,65196751.3,149000.1,65196751.3,65196751.3,134.717300575,144.839699103,2.811515918,2.811515918,48395232.9,48395232.9,111.413335689,45013039.8,115070.2,65196751.3,65196751.3,48395232.9,48395232.9,39187633.3,39187633.3,30409794.0,30409794.0,26009118.1,26009118.1,17842777.0,17842777.0,1548548.9,1548548.9,1548548.9,1548548.9,66745300.2,93668954.8,214070.2,93668954.8,93668954.8,179.521235626,200.511203857,1.370200683,1.370200683,52177088.9,52177088.9,100.888341039,46715072.8,119421.3,86016468.1,86016468.1,47096729.3,47083750.0,7652486.7,7652486.7,5367567.9,5364927.9,103324259.4,236136.4,103324259.4,103324259.4,160.651315641,164.341504806,0.852211504,0.852211504,64315850.1,64315850.1,131.427475313,62871676.6,160723.6,91126176.0,91126176.0,56344462.5,56281098.4,12198083.4,12198083.4,8183782.9,8183782.9,19826.3,19826.3,437.56185,0.0,-67930.5,1548548.9,0.0,0.0,-1118638.3,-1118638.3,380551.0,0.0,0.0,0.0,142661.8,142661.8
