country,IND,IND,IND,IND,IND,IND,IND,IND,IND,IND,IND,IND,IND,IND,IND,IND,IND,IND,IND,IND,IND,IND,IND,IND,IND,IND,IND,IND,IND,IND,IND,IND,IND,IND,IND,IND,IND,IND,IND,IND,IND,IND,IND,IND,IND,IND,IND,IND,IND,IND,IND,IND,IND,IND,IND,IND,IND,IND,IND,IND,IND,IND,IND,IND,IND,IND,IND,IND,IND,IND,IND,IND,IND,IND,IND,IND,IND,IND,IND,IND,IND,IND,IND,IND,IND,IND,IND,IND,IND,IND,IND,IND,IND,IND,IND,IND,IND,IND,IND,IND,IND,IND,IND,IND,IND,IND,IND,IND,IND,IND,IND,IND,IND,IND,IND,IND,IND,IND,IND,IND,IND,IND,IND,IND,IND,IND,IND,IND,IND,IND,IND,IND,IND,IND,IND,IND,IND,IND,IND,IND,IND,IND,IND,IND,IND,IND,IND,IND,IND,IND,IND
subject,B11,B11,B11,B11,B1G,B1G,B1G,B1G,B1GVA,B1GVA,B1GVA,B1GVA,B1GVB_E,B1GVB_E,B1GVB_E,B1GVB_E,B1GVC,B1GVC,B1GVC,B1GVC,B1GVF,B1GVF,B1GVF,B1GVF,B1GVG_I,B1GVG_I,B1GVG_I,B1GVG_I,B1GVG_U,B1GVG_U,B1GVG_U,B1GVG_U,B1GVL,B1GVL,B1GVL,B1GVL,B1GVO_Q,B1GVO_Q,B1GVO_Q,B1GVO_Q,B1_GA,B1_GA,B1_GA,B1_GA,B1_GE,B1_GE,B1_GE,B1_GE,B1_GE,B1_GE,B1_GE,B1_GE,B1_GE,B1_GE,B1_GE,B1_GE,D21_D31,D21_D31,D21_D31,D21_D31,DB1_GE,DB1_GE,DB1_GE,DB1_GE,P3,P3,P3,P3,P31S14_S15,P31S14_S15,P31S14_S15,P31S14_S15,P31S14_S15,P31S14_S15,P31S14_S15,P31S14_S15,P31S14_S15,P31S14_S15,P31S14_S15,P31S14_S15,P3S13,P3S13,P3S13,P3S13,P3S13,P3S13,P3S13,P3S13,P3S13,P3S13,P3S13,P3S13,P5,P5,P5,P5,P51,P51,P51,P51,P51,P51,P51,P51,P51,P51,P51,P51,P52,P52,P52,P52,P52_P53,P52_P53,P52_P53,P52_P53,P53,P53,P53,P53,P6,P6,P6,P6,P6,P6,P6,P6,P6,P6,P6,P6,P7,P7,P7,P7,P7,P7,P7,P7,P7,P7,P7,P7,PPPGDP,RB1_GE,RB1_GE,RB1_GE,RB1_GE,RB1_GE,RB1_GE
measure,CQR,CQRSA,VNBQR,VNBQRSA,CQR,CQRSA,VNBQR,VNBQRSA,CQR,CQRSA,VNBQR,VNBQRSA,CQR,CQRSA,VNBQR,VNBQRSA,CQR,CQRSA,VNBQR,VNBQRSA,CQR,CQRSA,VNBQR,VNBQRSA,CQR,CQRSA,VNBQR,VNBQRSA,CQR,CQRSA,VNBQR,VNBQRSA,CQR,CQRSA,VNBQR,VNBQRSA,CQR,CQRSA,VNBQR,VNBQRSA,CQR,CQRSA,VNBQR,VNBQRSA,CARSA,CPCARSA,CQR,CQRSA,DOBSA,GPSA,GYSA,VIXOBSA,VNBQR,VNBQRSA,VOBARSA,VPVOBARSA,CQR,CQRSA,VNBQR,VNBQRSA,CQR,CQRSA,VNBQR,VNBQRSA,CQR,CQRSA,VNBQR,VNBQRSA,CARSA,CPCARSA,CQR,CQRSA,DOBSA,GPSA,GYSA,VIXOBSA,VNBQR,VNBQRSA,VOBARSA,VPVOBARSA,CARSA,CPCARSA,CQR,CQRSA,DOBSA,GPSA,GYSA,VIXOBSA,VNBQR,VNBQRSA,VOBARSA,VPVOBARSA,CQR,CQRSA,VNBQR,VNBQRSA,CARSA,CPCARSA,CQR,CQRSA,DOBSA,GPSA,GYSA,VIXOBSA,VNBQR,VNBQRSA,VOBARSA,VPVOBARSA,CQR,CQRSA,VNBQR,VNBQRSA,CQR,CQRSA,VNBQR,VNBQRSA,CQR,CQRSA,VNBQR,VNBQRSA,CARSA,CPCARSA,CQR,CQRSA,DOBSA,GPSA,GYSA,VIXOBSA,VNBQR,VNBQRSA,VOBARSA,VPVOBARSA,CARSA,CPCARSA,CQR,CQRSA,DOBSA,GPSA,GYSA,VIXOBSA,VNBQR,VNBQRSA,VOBARSA,VPVOBARSA,CD,CARSA,CQR,CQRSA,VNBQR,VNBQRSA,VOBARSA
unit,Indian Rupee,Indian Rupee,Indian Rupee,Indian Rupee,Indian Rupee,Indian Rupee,Indian Rupee,Indian Rupee,Indian Rupee,Indian Rupee,Indian Rupee,Indian Rupee,Indian Rupee,Indian Rupee,Indian Rupee,Indian Rupee,Indian Rupee,Indian Rupee,Indian Rupee,Indian Rupee,Indian Rupee,Indian Rupee,Indian Rupee,Indian Rupee,Indian Rupee,Indian Rupee,Indian Rupee,Indian Rupee,Indian Rupee,Indian Rupee,Indian Rupee,Indian Rupee,Indian Rupee,Indian Rupee,Indian Rupee,Indian Rupee,Indian Rupee,Indian Rupee,Indian Rupee,Indian Rupee,Indian Rupee,Indian Rupee,Indian Rupee,Indian Rupee,Indian Rupee,US Dollar,Indian Rupee,Indian Rupee,Index,Percentage,Percentage,Index,Indian Rupee,Indian Rupee,Indian Rupee,US Dollar,Indian Rupee,Indian Rupee,Indian Rupee,Indian Rupee,Indian Rupee,Indian Rupee,Indian Rupee,Indian Rupee,Indian Rupee,Indian Rupee,Indian Rupee,Indian Rupee,Indian Rupee,US Dollar,Indian Rupee,Indian Rupee,Index,Percentage,Percentage,Index,Indian Rupee,Indian Rupee,Indian Rupee,US Dollar,Indian Rupee,US Dollar,Indian Rupee,Indian Rupee,Index,Percentage,Percentage,Index,Indian Rupee,Indian Rupee,Indian Rupee,US Dollar,Indian Rupee,Indian Rupee,Indian Rupee,Indian Rupee,Indian Rupee,US Dollar,Indian Rupee,Indian Rupee,Index,Percentage,Percentage,Index,Indian Rupee,Indian Rupee,Indian Rupee,US Dollar,Indian Rupee,Indian Rupee,Indian Rupee,Indian Rupee,Indian Rupee,Indian Rupee,Indian Rupee,Indian Rupee,Indian Rupee,Indian Rupee,Indian Rupee,Indian Rupee,Indian Rupee,US Dollar,Indian Rupee,Indian Rupee,Index,Percentage,Percentage,Index,Indian Rupee,Indian Rupee,Indian Rupee,US Dollar,Indian Rupee,US Dollar,Indian Rupee,Indian Rupee,Index,Percentage,Percentage,Index,Indian Rupee,Indian Rupee,Indian Rupee,US Dollar,Indian Rupee,Indian Rupee,Indian Rupee,Indian Rupee,Indian Rupee,Indian Rupee,Indian Rupee
powercode,Billions,Billions,Billions,Billions,Billions,Billions,Billions,Billions,Billions,Billions,Billions,Billions,Billions,Billions,Billions,Billions,Billions,Billions,Billions,Billions,Billions,Billions,Billions,Billions,Billions,Billions,Billions,Billions,Billions,Billions,Billions,Billions,Billions,Billions,Billions,Billions,Billions,Billions,Billions,Billions,Billions,Billions,Billions,Billions,Billions,Millions,Billions,Billions,Units,Units,Units,Units,Billions,Billions,Billions,Millions,Billions,Billions,Billions,Billions,Billions,Billions,Billions,Billions,Billions,Billions,Billions,Billions,Billions,Millions,Billions,Billions,Units,Units,Units,Units,Billions,Billions,Billions,Millions,Billions,Millions,Billions,Billions,Units,Units,Units,Units,Billions,Billions,Billions,Millions,Billions,Billions,Billions,Billions,Billions,Millions,Billions,Billions,Units,Units,Units,Units,Billions,Billions,Billions,Millions,Billions,Billions,Billions,Billions,Billions,Billions,Billions,Billions,Billions,Billions,Billions,Billions,Billions,Millions,Billions,Billions,Units,Units,Units,Units,Billions,Billions,Billions,Millions,Billions,Millions,Billions,Billions,Units,Units,Units,Units,Billions,Billions,Billions,Millions,Units,Billions,Billions,Billions,Billions,Billions,Billions
reference_period,,,2011-12,2011-12,,,2011-12,2011-12,,,2011-12,2011-12,,,2011-12,2011-12,,,2011-12,2011-12,,,2011-12,2011-12,,,2011-12,2011-12,,,2011-12,2011-12,,,2011-12,2011-12,,,2011-12,2011-12,,,2011-12,2011-12,,,,,2015,,,2015,2011-12,2011-12,2015,2015,,,2011-12,2011-12,,,2011-12,2011-12,,,2011-12,2011-12,,,,,2015,,,2015,2011-12,2011-12,2015,2015,,,,,2015,,,2015,2011-12,2011-12,2015,2015,,,2011-12,2011-12,,,,,2015,,,2015,2011-12,2011-12,2015,2015,,,2011-12,2011-12,,,2011-12,2011-12,,,2011-12,2011-12,,,,,2015,,,2015,2011-12,2011-12,2015,2015,,,,,2015,,,2015,2011-12,2011-12,2015,2015,,,,,2011-12,2011-12,2015
time,,,,,,,,,,,,,,,,,,,,,,,,,,,,,,,,,,,,,,,,,,,,,,,,,,,,,,,,,,,,,,,,,,,,,,,,,,,,,,,,,,,,,,,,,,,,,,,,,,,,,,,,,,,,,,,,,,,,,,,,,,,,,,,,,,,,,,,,,,,,,,,,,,,,,,,
1990,,,,,,,,,,,,,,,,,,,,,,,,,,,,,,,,,,,,,,,,,,,,,,,,,,,,,,,,,,,,,,,,,,,,,,,,,,,,,,,,,,,,,,,,,,,,,,,,,,,,,,,,,,,,,,,,,,,,,,,,,,,,,,,,,,,,,,,,,,,,,,,,,5.49599,,,,,,
1991,,,,,,,,,,,,,,,,,,,,,,,,,,,,,,,,,,,,,,,,,,,,,,,,,,,,,,,,,,,,,,,,,,,,,,,,,,,,,,,,,,,,,,,,,,,,,,,,,,,,,,,,,,,,,,,,,,,,,,,,,,,,,,,,,,,,,,,,,,,,,,,,,6.04729,,,,,,
1992,,,,,,,,,,,,,,,,,,,,,,,,,,,,,,,,,,,,,,,,,,,,,,,,,,,,,,,,,,,,,,,,,,,,,,,,,,,,,,,,,,,,,,,,,,,,,,,,,,,,,,,,,,,,,,,,,,,,,,,,,,,,,,,,,,,,,,,,,,,,,,,,,6.44261,,,,,,
1993,,,,,,,,,,,,,,,,,,,,,,,,,,,,,,,,,,,,,,,,,,,,,,,,,,,,,,,,,,,,,,,,,,,,,,,,,,,,,,,,,,,,,,,,,,,,,,,,,,,,,,,,,,,,,,,,,,,,,,,,,,,,,,,,,,,,,,,,,,,,,,,,,6.91408,,,,,,
1994,,,,,,,,,,,,,,,,,,,,,,,,,,,,,,,,,,,,,,,,,,,,,,,,,,,,,,,,,,,,,,,,,,,,,,,,,,,,,,,,,,,,,,,,,,,,,,,,,,,,,,,,,,,,,,,,,,,,,,,,,,,,,,,,,,,,,,,,,,,,,,,,,7.44513,,,,,,
1995,,,,,,,,,,,,,,,,,,,,,,,,,,,,,,,,,,,,,,,,,,,,,,,,,,,,,,,,,,,,,,,,,,,,,,,,,,,,,,,,,,,,,,,,,,,,,,,,,,,,,,,,,,,,,,,,,,,,,,,,,,,,,,,,,,,,,,,,,,,,,,,,,7.95309,,,,,,
1996,,,,,,,,,,,,,,,,,,,,,,,,,,,,,,,,,,,,,,,,,,,,,,,,,,,,,,,,,,,,,,,,,,,,,,,,,,,,,,,,,,,,,,,,,,,,,,,,,,,,,,,,,,,,,,,,,,,,,,,,,,,,,,,,,,,,,,,,,,,,,,,,,8.4017,,,,,,
1997,,,,,,,,,,,,,,,,,,,,,,,,,,,,,,,,,,,,,,,,,,,,,14985.4,1704016.6,,14985.4,37.7,,,,,32968.9,39713.8,2064661.0,,,,,,,,,,11052.9,,23479.5,9533.2,1084035.9,,9533.2,,,,,,19800.6,24933.0,1296229.9,1533.2,174348.3,,1533.2,,,,,,3664.4,4616.2,239987.9,,,,,3807.5,432961.7,,3807.5,,,,,,7770.1,8823.6,458728.8,,,,,,,,,,,,,1614.6,183594.4,,1614.6,,,,,,3272.1,3747.5,194829.0,1831.6,208275.2,,1831.6,,,,,,3758.7,4546.0,236341.0,8.79417,328.5,,,,,2139.4
1998,,,,,,,,,,,,,,,,,,,,,,,,,,,,,,,,,,,,,,,,,,,,,17163.1,1827247.4,,17163.1,40.8,5.97895,5.97895,,,34940.1,42088.2,2188105.9,,,,,,,,,,13065.0,,25218.3,10989.2,1169946.3,,10989.2,,4.88438,4.88438,,,20767.7,26150.8,1359542.7,2080.2,221462.8,,2080.2,,22.31965,22.31965,,,4482.3,5646.5,293552.3,,,,,4255.4,453043.9,,4255.4,,6.34775,6.34775,,,8263.3,9383.8,487847.8,,,,,,,,,,,,,1864.2,198469.4,,1864.2,,11.82895,11.82895,,,3659.1,4190.8,217875.2,2170.4,231071.8,,2170.4,,30.63368,30.63368,,,4910.2,5938.6,308741.0,9.39288,144.6,,,,,2655.0
1999,,,,,,,,,,,,,,,,,,,,,,,,,,,,,,,,,,,,,,,,,,,,,19146.0,2005537.4,,19146.0,42.5,6.91594,6.91594,,,37356.5,44999.0,2339434.1,,,,,,,,,,14773.5,,27096.3,12421.5,1301149.0,,12421.5,,7.3787,7.3787,,,22300.1,28080.4,1459859.3,2356.8,246870.4,,2356.8,,7.79396,7.79396,,,4831.6,6086.6,316431.7,,5269.6,,9927.7,4857.1,508783.4,,4857.1,,10.36022,10.36022,,,9119.4,10355.9,538389.9,,,,,,,,,,,,,2195.6,229990.5,,2195.6,,17.32868,17.32868,,,4293.2,4917.0,255630.1,2470.5,258780.8,,2470.5,,-1.69077,-1.69077,,,4827.2,5838.2,303520.9,9.54656,-214.6,,,,,1397.3
2000,,,,,,,,,,,,,,,,,,,,,,,,,,,,,,,,,,,,,,,,,,,,,20982.8,2168696.0,,20982.8,44.1,5.69272,5.69272,,,39483.1,47560.7,2472611.5,,,,,,,,,,15813.0,,27872.7,13361.8,1381019.0,,13361.8,,3.39924,3.39924,,,23058.1,29034.9,1509483.4,2459.0,254154.1,,2459.0,,0.16839,0.16839,,,4839.8,6096.8,316964.5,,5735.3,,10423.0,5255.1,543144.7,,5255.1,,4.12411,4.12411,,,9495.5,10783.0,560593.7,,,,,,,,,,,,,2678.6,276851.8,,2678.6,,20.20404,20.20404,,,5160.6,5910.5,307277.7,2972.9,307265.9,,2972.9,,13.69136,13.69136,,,5488.1,6637.6,345077.0,9.67533,201.2,,,,,2373.0
2001,,,,,,,,,,,,,,,,,,,,,,,,,,,,,,,,,,,,,,,,,,,,,22561.8,2310144.3,,22561.8,45.7,3.88491,3.88491,,,41017.0,49408.4,2568670.2,,,,,,,,,,17235.4,,29481.0,14484.4,1483084.4,,14484.4,,5.27073,5.27073,,,24273.5,30565.3,1589044.3,2756.3,282217.7,,2756.3,,8.37428,8.37428,,,5245.1,6607.4,343508.0,,6011.4,,10317.8,5730.5,586758.3,,5730.5,,2.85089,2.85089,,,9766.2,11090.4,576575.6,,,,,,,,,,,,,2912.1,298176.9,,2912.1,,7.78999,7.78999,,,5562.6,6370.9,331214.6,3113.9,318833.4,,3113.9,,1.55465,1.55465,,,5573.4,6740.7,350441.7,9.76641,-207.6,,,,,1515.1
2002,,,,,,,,,,,,,,,,,,,,,,,,,,,,,,,,,,,,,,,,,,,,,24321.8,2438557.2,,24321.8,47.1,4.55821,4.55821,,,42886.6,51660.5,2685755.5,,,,,,,,,,18238.9,,30207.7,15468.9,1550944.3,,15468.9,,3.53583,3.53583,,,25131.7,31646.0,1645230.2,2781.5,278876.2,,2781.5,,-2.96064,-2.96064,,,5089.8,6411.8,333338.0,,6710.0,,11341.4,6308.8,632535.5,,6308.8,,8.28071,8.28071,,,10574.9,12008.8,624320.1,,,,,,,,,,,,,3414.1,342309.7,,3414.1,,16.02989,16.02989,,,6454.3,7392.2,384307.9,3530.8,354003.8,,3530.8,,5.83905,5.83905,,,5898.8,7134.3,370904.2,9.97386,-120.7,,,,,1336.1
2003,,,,,,,,,,,,,,,,,,,,,,,,,,,,,,,,,,,,,,,,,,,,,26982.5,2655989.6,,26982.5,48.9,6.8518,6.8518,,,45825.2,55200.2,2869778.2,,,,,,,,,,19954.6,,31991.6,16888.1,1662357.2,,16888.1,,5.79722,5.79722,,,26588.7,33480.6,1740607.8,3077.5,302934.3,,3077.5,,6.48996,6.48996,,,5420.1,6827.9,354971.5,,7816.2,,12696.5,7201.1,708829.0,,7201.1,,10.56787,10.56787,,,11692.5,13277.9,690297.5,,,,,,,,,,,,,3914.1,385282.2,,3914.1,,8.68167,8.68167,,,7014.6,8033.9,417672.3,4235.0,416862.6,,4235.0,,16.7533,16.7533,,,6887.1,8329.6,433042.9,10.15913,136.6,,,,,1909.5
2004,,,,,,,,,,,,,,,,,,,,,,,,,,,,,,,,,,,,,,,,,,,,,30651.9,2930391.9,,30651.9,51.5,7.89701,7.89701,,,49444.0,59559.4,3096404.7,,,,,,,,,,21379.9,,33200.3,18303.0,1749811.4,,18303.0,,5.21816,5.21816,,,27976.1,35227.7,1831435.4,3097.4,296121.0,,3097.4,,-3.95527,-3.95527,,,5205.7,6557.8,340931.4,,10325.3,,15490.7,9215.2,880995.2,,9215.2,,18.37708,18.37708,,,13841.2,15718.0,817154.0,,,,,,,,,,,,,5220.7,499115.9,,5220.7,,24.57187,24.57187,,,8738.2,10008.0,520302.1,5727.8,547593.8,,5727.8,,19.3129,19.3129,,,8217.2,9938.3,516676.0,10.45999,543.3,,,,,1986.2
2005,-908.0,-908.0,-1154.5,-1154.5,32050.6,32050.6,49478.2,49478.2,6203.6,6203.6,11690.8,11690.8,8063.8,8063.8,11506.5,11506.5,6002.8,6002.8,8378.1,8378.1,2871.9,2871.9,4625.7,4625.7,5791.4,5791.4,8263.7,8263.7,14963.2,14963.2,22545.9,22545.9,5285.8,5285.8,7678.8,7678.8,3885.9,3885.9,6603.4,6603.4,34958.2,34958.2,53998.2,53998.2,34958.2,3263424.4,34958.2,34958.2,53.7,9.21089,9.21089,,53998.2,53998.2,65045.3,3381611.2,,,,,-72.3,-72.3,62.8,62.8,23900.3,23900.3,35635.3,35635.3,20282.3,1893394.9,20282.3,20282.3,,6.54392,6.54392,,29806.8,29806.8,37532.9,1951283.2,3633.5,339196.1,3633.5,3633.5,,11.98528,11.98528,,5829.7,5829.7,7343.8,381792.9,13182.3,13182.3,18595.4,18595.4,11602.7,1083136.6,11602.7,11602.7,,17.93019,17.93019,,16323.0,16323.0,18536.2,963671.2,1233.1,1233.1,1799.6,1799.6,1574.3,1574.3,2263.9,2263.9,434.1,434.1,615.0,615.0,6802.4,635018.8,6802.4,6802.4,,22.29853,22.29853,,10686.7,10686.7,12239.7,636321.9,7710.4,719786.1,7710.4,7710.4,,38.38993,38.38993,,11371.7,11371.7,13753.6,715027.6,10.71213,347.8,-885.4,-885.4,924.1,924.1,3146.3
2006,-1255.2,-1255.2,-1553.5,-1553.5,37189.2,37189.2,54224.8,54224.8,7042.2,7042.2,12182.6,12182.6,9450.8,9450.8,12814.7,12814.7,7149.4,7149.4,9439.4,9439.4,3438.1,3438.1,5148.8,5148.8,6803.9,6803.9,9229.9,9229.9,17348.0,17348.0,24891.2,24891.2,6229.7,6229.7,8759.6,8759.6,4314.4,4314.4,6901.7,6901.7,40486.4,40486.4,59070.1,59070.1,40486.4,3594168.0,40486.4,40486.4,56.9,9.39265,9.39265,,59070.1,59070.1,71154.8,3699234.0,,,,,-54.2,-54.2,65.2,65.2,27119.2,27119.2,38328.4,38328.4,23190.6,2058739.9,23190.6,23190.6,,8.43646,8.43646,,32321.5,32321.5,40699.4,2115902.4,3956.4,351225.0,3956.4,3956.4,,2.92098,2.92098,,5999.9,5999.9,7558.3,392945.0,15942.4,15942.4,21415.1,21415.1,13875.4,1231787.1,13875.4,13875.4,,13.93984,13.93984,,18598.4,18598.4,21120.1,1098005.5,1694.2,1694.2,2335.1,2335.1,2066.2,2066.2,2818.6,2818.6,506.9,506.9,688.8,688.8,8730.8,775075.0,8730.8,8730.8,,23.46402,23.46402,,13194.3,13194.3,15111.6,785628.6,9986.0,886500.6,9986.0,9986.0,,24.925,24.925,,14206.1,14206.1,17181.6,893248.2,11.26447,719.1,-975.1,-975.1,827.0,827.0,3847.0
2007,-1422.3,-1422.3,-1665.7,-1665.7,43219.0,43219.0,59461.5,59461.5,8241.7,8241.7,12947.8,12947.8,11001.8,11001.8,14223.8,14223.8,8424.6,8424.6,10602.7,10602.7,4164.7,4164.7,5745.8,5745.8,7858.4,7858.4,10254.7,10254.7,20001.6,20001.6,27335.9,27335.9,7357.2,7357.2,9882.1,9882.1,4786.0,4786.0,7199.1,7199.1,47141.9,47141.9,65023.0,65023.0,47141.9,4019009.2,47141.9,47141.9,60.2,10.07771,10.07771,,65023.0,65023.0,78325.5,4072032.1,,,,,-148.5,-148.5,154.1,154.1,30910.1,30910.1,41451.0,41451.0,26608.2,2268445.4,26608.2,26608.2,,8.92347,8.92347,,35205.7,35205.7,44331.2,2304714.3,4343.7,370316.6,4343.7,4343.7,,3.83105,3.83105,,6229.8,6229.8,7847.9,407998.9,19831.8,19831.8,25362.3,25362.3,17134.1,1460738.8,17134.1,17134.1,,17.48643,17.48643,,21850.6,21850.6,24813.3,1290007.5,2352.1,2352.1,3096.1,3096.1,2701.3,2701.3,3524.3,3524.3,549.0,549.0,717.9,717.9,9904.6,844400.6,9904.6,9904.6,,7.02156,7.02156,,14120.7,14120.7,16172.6,840791.9,11326.9,965660.3,11326.9,11326.9,,7.04992,7.04992,,15207.6,15207.6,18392.9,956221.5,11.72972,478.2,-1873.9,-1873.9,-272.2,-272.2,3553.5
2008,-3046.2,-3046.2,-3674.0,-3674.0,50892.8,50892.8,64277.5,64277.5,9203.5,9203.5,13014.6,13014.6,12767.8,12767.8,15245.1,15245.1,9792.2,9792.2,11450.5,11450.5,4912.1,4912.1,6088.4,6088.4,9277.3,9277.3,11301.7,11301.7,24178.5,24178.5,30430.6,30430.6,8990.4,8990.4,10989.5,10989.5,5910.8,5910.8,8139.5,8139.5,54561.9,54561.9,69045.9,69045.9,54561.9,4341636.1,54561.9,54561.9,65.6,6.18689,6.18689,,69045.9,69045.9,83171.5,4323964.4,,,,,90.0,90.0,70.4,70.4,36095.1,36095.1,45533.1,45533.1,30576.2,2433031.3,30576.2,30576.2,,8.44164,8.44164,,38177.6,38177.6,48073.5,2499270.1,5539.1,440759.5,5539.1,5539.1,,18.04705,18.04705,,7354.1,7354.1,9264.2,481630.7,22431.8,22431.8,26791.2,26791.2,20055.8,1595896.8,20055.8,20055.8,,9.40684,9.40684,,23906.0,23906.0,27147.4,1411356.4,1720.5,1720.5,2101.1,2101.1,2355.4,2355.4,2850.2,2850.2,752.8,752.8,908.0,908.0,13203.8,1050661.1,13203.8,13203.8,,18.00846,18.00846,,16663.6,16663.6,19085.1,992205.6,16250.0,1293054.8,16250.0,16250.0,,32.57673,32.57673,,20161.8,20161.8,24384.7,1267727.2,12.56712,1437.0,-283.5,-283.5,1005.2,1005.2,3986.0
2009,-2845.7,-2845.7,-3305.5,-3305.5,56656.3,56656.3,68484.5,68484.5,10378.7,10378.7,13082.3,13082.3,13621.8,13621.8,15910.3,15910.3,10327.8,10327.8,11941.0,11941.0,5353.9,5353.9,6446.3,6446.3,9939.3,9939.3,12021.5,12021.5,27460.4,27460.4,33376.9,33376.9,10268.1,10268.1,12253.4,12253.4,7253.0,7253.0,9101.9,9101.9,59895.4,59895.4,72524.2,72524.2,59895.4,4481098.1,59895.4,59895.4,68.6,5.0377,5.0377,,72524.2,72524.2,87361.4,4541792.7,,,,,-143.0,-143.0,149.2,149.2,41244.4,41244.4,48853.7,48853.7,34560.8,2585682.4,34560.8,34560.8,,6.93142,6.93142,,40823.9,40823.9,51405.6,2672504.9,6684.9,500132.2,6684.9,6684.9,,9.2277,9.2277,,8032.7,8032.7,10119.0,526074.1,23785.5,23785.5,27210.7,27210.7,20863.4,1560907.0,20863.4,20863.4,,-0.72036,-0.72036,,23733.8,23733.8,26951.9,1401189.6,1959.8,1959.8,2353.7,2353.7,2915.0,2915.0,3473.4,3473.4,1072.0,1072.0,1274.8,1274.8,12582.1,941332.2,12582.1,12582.1,,-7.74631,-7.74631,,15372.8,15372.8,17606.7,915346.2,15427.8,1154236.2,15427.8,15427.8,,-8.28624,-8.28624,,18491.1,18491.1,22364.2,1162680.2,13.36622,632.0,-1327.9,-1327.9,698.4,698.4,3642.3
2010,-3855.1,-3855.1,-4334.9,-4334.9,67930.5,67930.5,74883.5,74883.5,12750.0,12750.0,14012.3,14012.3,16305.9,16305.9,17663.4,17663.4,12274.2,12274.2,13393.0,13393.0,6156.5,6156.5,6838.6,6838.6,12088.2,12088.2,13609.4,13609.4,32851.1,32851.1,36451.5,36451.5,12335.9,12335.9,13395.8,13395.8,8427.0,8427.0,9446.3,9446.3,72938.2,72938.2,80499.9,80499.9,72938.2,4996550.6,72938.2,72938.2,75.2,10.99734,10.99734,,80499.9,80499.9,96968.8,5041269.2,,,,,89.1,89.1,125.0,125.0,48325.0,48325.0,52563.5,52563.5,40487.1,2773522.8,40487.1,40487.1,,7.52636,7.52636,,43896.4,43896.4,55274.6,2873647.4,7839.1,537005.9,7839.1,7839.1,,7.94662,7.94662,,8671.0,8671.0,10923.2,567879.3,29858.1,29858.1,32421.6,32421.6,25359.2,1737201.4,25359.2,25359.2,,15.20023,15.20023,,27341.4,27341.4,31048.6,1614173.7,3112.2,3112.2,3566.2,3566.2,4520.3,4520.3,5130.9,5130.9,1601.8,1601.8,1810.5,1810.5,15827.7,1084258.0,15827.7,15827.7,,13.82694,13.82694,,17498.4,17498.4,20041.2,1041910.6,19682.8,1348348.7,19682.8,19682.8,,17.84068,17.84068,,21790.1,21790.1,26354.1,1370110.3,14.59772,3108.0,-4.2,-4.2,1316.5,1316.5,6035.3
2011,-4701.8,-4701.8,-4800.8,-4800.8,78810.4,78810.4,80321.3,80321.3,14713.9,14713.9,14882.3,14882.3,18109.2,18109.2,18371.2,18371.2,13717.9,13717.9,13932.0,13932.0,7465.4,7465.4,7604.6,7604.6,13677.6,13677.6,14129.6,14129.6,38529.0,38529.0,39417.4,39417.4,14903.6,14903.6,15121.1,15121.1,9947.8,9947.8,10166.7,10166.7,84870.9,84870.9,86542.1,86542.1,85651.7,5508304.9,85651.7,85651.7,81.9,7.87178,7.87178,,86836.7,86836.7,104602.0,5438106.6,,,,,124.0,124.0,195.3,195.3,57147.1,57147.1,57529.2,57529.2,48113.1,3094179.8,48113.1,48113.1,,10.06777,10.06777,,48315.8,48315.8,60839.5,3162959.6,9048.9,581940.4,9048.9,9048.9,,6.20518,6.20518,,9209.1,9209.1,11601.0,603117.2,34783.1,34783.1,35027.3,35027.3,30018.2,1930487.7,30018.2,30018.2,,11.47462,11.47462,,30478.8,30478.8,34611.3,1799394.0,2532.9,2532.9,2673.3,2673.3,4772.4,4772.4,4548.2,4548.2,2315.6,2315.6,2001.6,2001.6,20656.8,1328448.5,20656.8,20656.8,,20.84945,20.84945,,21146.7,21146.7,24219.6,1259143.3,25347.7,1630126.7,25448.5,25347.7,,18.59774,18.59774,,25765.4,25842.5,31255.3,1624919.9,15.54955,3162.4,2047.5,2047.5,2213.9,2213.9,4585.9
2012,-6462.5,-6462.5,-5863.4,-5863.4,89454.8,89454.8,84507.4,84507.4,16236.0,16236.0,15174.1,15174.1,20326.7,20326.7,19289.1,19289.1,15427.8,15427.8,14752.5,14752.5,8266.9,8266.9,7742.0,7742.0,16045.8,16045.8,15192.1,15192.1,44625.2,44625.2,42302.2,42302.2,17265.2,17265.2,16487.1,16487.1,11314.2,11314.2,10623.0,10623.0,96370.5,96370.5,91114.0,91114.0,96370.5,5963209.9,96370.5,96370.5,87.8,4.92565,4.92565,82.0,91114.0,91114.0,109754.3,5705968.7,6915.7,6915.7,6606.6,6606.6,474.7,474.7,99.0,99.0,64877.5,64877.5,61004.1,61004.1,54328.7,3361749.5,54328.7,54328.7,84.4,5.74384,5.74384,81.8,51091.0,51091.0,64334.1,3344635.0,10548.9,652742.8,10548.9,10548.9,84.5,7.64459,7.64459,88.8,9913.1,9913.1,12487.8,649223.0,37480.7,37480.7,35874.3,35874.3,32568.9,2015300.7,32568.9,32568.9,91.9,2.40356,2.40356,91.3,31211.3,31211.3,35443.3,1842643.6,2148.1,2148.1,2045.9,2045.9,4911.8,4911.8,4662.9,4662.9,2763.7,2763.7,2617.0,2617.0,24049.7,1488144.7,24049.7,24049.7,91.7,8.29197,8.29197,96.0,22900.2,22900.2,26227.9,1363551.1,30512.2,1888030.9,30512.2,30512.2,87.7,11.30323,11.30323,113.3,28763.6,28763.6,34788.2,1808588.4,16.16084,5386.5,3238.4,3238.4,2716.1,2716.1,6049.5
2013,-4553.3,-4553.3,-3089.3,-3089.3,101155.9,101155.9,89613.2,89613.2,18831.2,18831.2,15858.5,15858.5,22133.5,22133.5,20032.6,20032.6,16782.4,16782.4,15466.5,15466.5,9095.3,9095.3,8016.2,8016.2,18185.4,18185.4,16256.0,16256.0,51096.1,51096.1,45705.9,45705.9,20141.4,20141.4,18356.9,18356.9,12769.2,12769.2,11093.0,11093.0,108981.3,108981.3,96695.5,96695.5,108981.3,6284120.8,108981.3,108981.3,93.6,6.12592,6.12592,87.0,96695.5,96695.5,116477.8,6055511.5,7825.3,7825.3,7082.4,7082.4,1026.8,1026.8,-40.6,-40.6,74212.4,74212.4,64620.9,64620.9,62433.2,3600046.1,62433.2,62433.2,91.1,6.5822,6.5822,87.2,54453.9,54453.9,68568.7,3564785.5,11779.2,679218.3,11779.2,11779.2,92.0,2.56165,2.56165,91.1,10167.0,10167.0,12807.7,665853.8,38295.4,38295.4,35204.5,35204.5,34835.3,2008685.9,34835.3,34835.3,95.9,2.47244,2.47244,93.6,31983.0,31983.0,36319.6,1888201.8,1637.2,1637.2,1494.9,1494.9,3460.1,3460.1,3221.5,3221.5,1822.9,1822.9,1726.6,1726.6,27143.0,1565132.4,27143.0,27143.0,99.3,4.16678,4.16678,100.0,23854.4,23854.4,27320.8,1420367.3,31696.4,1827688.7,31696.4,31696.4,97.3,-6.32702,-6.32702,106.2,26943.7,26943.7,32587.1,1694158.7,17.34233,4486.9,2849.7,2849.7,1686.0,1686.0,4048.2
2014,-3571.3,-3571.3,-1522.1,-1522.1,113226.5,113226.5,95621.0,95621.0,20519.5,20519.5,16110.6,16110.6,24458.5,24458.5,21420.7,21420.7,18425.6,18425.6,16486.2,16486.2,9798.2,9798.2,8301.8,8301.8,20496.3,20496.3,17492.0,17492.0,58450.3,58450.3,49787.9,49787.9,23272.8,23272.8,20307.7,20307.7,14681.2,14681.2,11988.2,11988.2,122141.7,122141.7,103428.4,103428.4,122141.7,6642990.2,122141.7,122141.7,98.0,6.96291,6.96291,93.0,103428.4,103428.4,124588.0,6477151.4,8915.2,8915.2,7807.4,7807.4,185.1,185.1,-460.2,-460.2,83702.7,83702.7,68689.9,68689.9,70555.1,3837320.2,70555.1,70555.1,96.6,6.4769,6.4769,92.9,57980.8,57980.8,73009.8,3795673.1,13147.6,715066.4,13147.6,13147.6,97.5,5.33169,5.33169,96.0,10709.1,10709.1,13490.6,701355.1,41825.2,41825.2,36720.7,36720.7,37186.2,2022465.5,37186.2,37186.2,100.5,1.9263,1.9263,95.4,32599.1,32599.1,37019.2,1924574.2,2690.1,2690.1,2359.5,2359.5,4639.0,4639.0,4121.6,4121.6,1949.0,1949.0,1762.1,1762.1,29327.7,1595061.6,29327.7,29327.7,100.7,6.62236,6.62236,106.6,25434.1,25434.1,29130.0,1514429.1,32899.0,1789295.5,32899.0,32899.0,100.9,0.0464,0.0464,106.2,26956.2,26956.2,32602.3,1694944.8,18.38655,4824.1,2134.1,2134.1,1301.9,1301.9,4540.7
2015,-3370.9,-3370.9,-1521.8,-1521.8,122548.9,122548.9,102740.3,102740.3,21840.5,21840.5,16113.1,16113.1,26812.4,26812.4,23670.2,23670.2,20663.9,20663.9,18376.2,18376.2,9813.0,9813.0,8546.7,8546.7,22213.5,22213.5,19291.3,19291.3,64082.9,64082.9,54410.4,54410.4,25681.8,25681.8,22526.4,22526.4,16187.6,16187.6,12592.7,12592.7,133907.3,133907.3,111164.9,111164.9,133907.3,6961645.6,133907.3,133907.3,100.0,7.48005,7.48005,100.0,111164.9,111164.9,133907.3,6961645.6,11358.5,11358.5,8457.4,8457.4,937.4,937.4,554.0,554.0,92665.7,92665.7,73586.0,73586.0,78607.4,4086687.3,78607.4,78607.4,100.0,7.667,7.667,100.0,62426.2,62426.2,78607.4,4086687.3,14058.3,730869.9,14058.3,14058.3,100.0,4.20825,4.20825,100.0,11159.8,11159.8,14058.3,730869.9,43675.1,43675.1,38546.6,38546.6,38812.8,2017820.3,38812.8,38812.8,100.0,4.84502,4.84502,100.0,34178.5,34178.5,38812.8,2017820.3,2746.1,2746.1,2479.5,2479.5,4862.3,4862.3,4368.1,4368.1,2116.3,2116.3,1888.6,1888.6,27327.8,1420735.2,27327.8,27327.8,100.0,-6.18675,-6.18675,100.0,23860.6,23860.6,27327.8,1420735.2,30698.8,1595985.6,30698.8,30698.8,100.0,-5.83849,-5.83849,100.0,25382.4,25382.4,30698.8,1595985.6,19.235,5799.7,3053.6,3053.6,2442.6,2442.6,5799.7
2016,-2803.4,-2803.4,-1332.1,-1332.1,135697.9,135697.9,111427.8,111427.8,24428.3,24428.3,16910.9,16910.9,29242.0,29242.0,25996.1,25996.1,22821.4,22821.4,20229.8,20229.8,10630.0,10630.0,9146.6,9146.6,24612.8,24612.8,21122.8,21122.8,71397.6,71397.6,59374.2,59374.2,28607.4,28607.4,24760.8,24760.8,18177.5,18177.5,13490.6,13490.6,149647.1,149647.1,121172.0,121172.0,149647.1,7520436.7,149647.1,149647.1,102.5,9.0021,9.0021,109.0,121172.0,121172.0,145961.7,7588339.6,13821.7,13821.7,9266.3,9266.3,2081.3,2081.3,2215.5,2215.5,104403.0,104403.0,79802.8,79802.8,89143.2,4479842.0,89143.2,89143.2,103.9,9.1778,9.1778,109.2,68155.6,68155.6,85821.9,4461755.4,15259.9,766876.3,15259.9,15259.9,104.0,4.36765,4.36765,104.4,11647.2,11647.2,14672.3,762791.8,45966.2,45966.2,40485.9,40485.9,42453.4,2133475.4,42453.4,42453.4,100.1,9.28816,9.28816,109.3,37353.1,37353.1,42417.8,2205238.6,1713.5,1713.5,1547.7,1547.7,3512.7,3512.7,3132.9,3132.9,1799.2,1799.2,1585.2,1585.2,28618.9,1438225.6,28618.9,28618.9,102.2,2.48754,2.48754,102.5,24454.1,24454.1,28007.6,1456076.6,31422.2,1579107.4,31422.2,31422.2,100.8,1.59123,1.59123,101.6,25786.3,25786.3,31187.3,1621381.3,19.89873,5594.0,3880.5,3880.5,3800.6,3800.6,6229.4
2017,-4313.3,-4313.3,-3545.2,-3545.2,150733.2,150733.2,118195.2,118195.2,27455.1,27455.1,18039.4,18039.4,32267.0,32267.0,27539.8,27539.8,24793.1,24793.1,21491.3,21491.3,11461.7,11461.7,9326.7,9326.7,27951.1,27951.1,23154.3,23154.3,79549.4,79549.4,63289.3,63289.3,30768.1,30768.1,25254.7,25254.7,20830.2,20830.2,14880.4,14880.4,166281.3,166281.3,128562.5,128562.5,166281.3,8053222.3,166281.3,166281.3,107.4,6.09917,6.09917,115.7,128562.5,128562.5,154864.2,8051165.3,16112.7,16112.7,10094.5,10094.5,4575.0,4575.0,3610.5,3610.5,115443.7,115443.7,85171.7,85171.7,97528.1,4723414.9,97528.1,97528.1,107.6,5.57909,5.57909,115.3,71958.0,71958.0,90610.0,4710680.7,17915.7,867678.8,17915.7,17915.7,107.6,13.44964,13.44964,118.4,13213.7,13213.7,16645.7,865384.5,50575.8,50575.8,43325.5,43325.5,46132.7,2234268.4,46132.7,46132.7,103.0,5.55542,5.55542,115.4,39428.2,39428.2,44774.3,2327748.9,2085.6,2085.6,1823.7,1823.7,4443.1,4443.1,3897.3,3897.3,2357.5,2357.5,2073.6,2073.6,31402.5,1520863.3,31402.5,31402.5,106.7,5.03699,5.03699,107.6,25685.9,25685.9,29418.4,1529418.9,35715.7,1729760.7,35715.7,35715.7,101.0,13.35895,13.35895,115.2,29231.0,29231.0,35353.6,1837980.9,20.64779,9018.1,6932.5,6932.5,5684.0,5684.0,8769.5
2018,-7465.9,-7465.9,-5085.5,-5085.5,168074.8,168074.8,125843.9,125843.9,29794.6,29794.6,18832.2,18832.2,36018.4,36018.4,29357.1,29357.1,27800.1,27800.1,23185.4,23185.4,13151.1,13151.1,10098.3,10098.3,31294.5,31294.5,24969.6,24969.6,89110.8,89110.8,67556.3,67556.3,34383.3,34383.3,26660.4,26660.4,23433.0,23433.0,15926.4,15926.4,186830.7,186830.7,137917.6,137917.6,186830.7,8918222.4,186830.7,186830.7,112.5,7.27671,7.27671,124.1,137917.6,137917.6,166133.2,8637025.4,,,,,5169.3,5169.3,2406.9,2406.9,129494.9,129494.9,91424.5,91424.5,109520.5,5227879.6,109520.5,109520.5,112.5,7.45937,7.45937,123.9,77325.7,77325.7,97368.9,5062068.0,19974.3,953459.7,19974.3,19974.3,112.5,6.69879,6.69879,126.3,14098.8,14098.8,17760.7,923354.8,59632.4,59632.4,49171.7,49171.7,54432.5,2598295.2,54432.5,54432.5,107.1,13.56437,13.56437,131.0,44776.4,44776.4,50847.6,2643493.4,2998.5,2998.5,2498.3,2498.3,5199.9,5199.9,4395.3,4395.3,2201.3,2201.3,1897.0,1897.0,36292.1,1732374.0,36292.1,36292.1,111.8,10.37522,10.37522,118.8,28350.8,28350.8,32470.6,1688099.5,43757.9,2088751.9,43757.9,43757.9,108.2,14.38626,14.38626,131.7,33436.3,33436.3,40439.6,2102397.5,20.94932,10369.2,7370.7,7370.7,4303.9,4303.9,8125.0
2019,-5268.1,-5268.1,-4621.7,-4621.7,180764.5,180764.5,131078.8,131078.8,32561.1,32561.1,19428.7,19428.7,35896.9,35896.9,29105.9,29105.9,27451.8,27451.8,22899.7,22899.7,13651.6,13651.6,10334.6,10334.6,34073.5,34073.5,26543.6,26543.6,98654.9,98654.9,72209.6,72209.6,38161.9,38161.9,28706.3,28706.3,26419.6,26419.6,16959.8,16959.8,197358.0,197358.0,144120.9,144120.9,197358.0,9365344.7,197358.0,197358.0,113.7,4.49778,4.49778,129.6,144120.9,144120.9,173605.5,9025499.5,,,,,-267.7,-267.7,2466.7,2466.7,141761.6,141761.6,96860.0,96860.0,120368.3,5711908.0,120368.3,120368.3,116.2,6.37667,6.37667,131.8,82256.5,82256.5,103577.8,5384859.5,21393.3,1015187.1,21393.3,21393.3,116.3,3.5796,3.5796,130.9,14603.5,14603.5,18396.5,956407.2,61132.2,61132.2,49415.9,49415.9,57247.0,2716573.7,57247.0,57247.0,109.2,3.09475,3.09475,135.1,46162.1,46162.1,52421.2,2725302.9,1838.5,1838.5,1497.2,1497.2,3885.2,3885.2,3253.8,3253.8,2046.7,2046.7,1756.6,1756.6,38098.5,1807907.8,38098.5,38098.5,115.5,1.61431,1.61431,120.7,28808.5,28808.5,32994.8,1715350.6,43366.5,2057897.7,43366.5,43366.5,107.3,-0.01815,-0.01815,131.7,33430.2,33430.2,40432.3,2102016.0,21.07323,3617.6,1779.1,1779.1,4223.3,4223.3,6647.5
2020,-460.2,-460.2,-2417.1,-2417.1,175316.9,175316.9,123926.3,123926.3,35541.5,35541.5,20330.3,20330.3,33786.9,33786.9,27433.5,27433.5,25691.4,25691.4,21581.4,21581.4,12044.7,12044.7,9115.4,9115.4,28436.7,28436.7,21724.0,21724.0,93943.8,93943.8,67047.2,67047.2,39142.8,39142.8,29067.8,29067.8,26364.3,26364.3,16255.5,16255.5,191841.4,191841.4,134618.3,134618.3,191841.4,8724621.6,191841.4,191841.4,118.3,-6.59348,-6.59348,121.1,134618.3,134618.3,162158.9,8430404.8,,,,,1281.6,1281.6,4574.5,4574.5,138907.2,138907.2,90674.6,90674.6,116790.7,5311442.6,116790.7,116790.7,121.6,-7.25448,-7.25448,122.2,76289.2,76289.2,96063.8,4994216.0,22116.5,1005820.9,22116.5,22116.5,122.0,-1.49352,-1.49352,128.9,14385.4,14385.4,18121.7,942123.0,52112.8,52112.8,41786.2,41786.2,50013.3,2274520.5,50013.3,50013.3,109.8,-13.0847,-13.0847,117.4,40121.9,40121.9,45562.0,2368705.2,270.3,270.3,200.9,200.9,2099.5,2099.5,1664.3,1664.3,1829.2,1829.2,1463.4,1463.4,35663.8,1621930.6,35663.8,35663.8,123.2,-12.25989,-12.25989,105.9,25276.6,25276.6,28949.6,1505050.5,36124.1,1642862.0,36124.1,36124.1,107.9,-17.15968,-17.15968,109.1,27693.7,27693.7,33494.2,1741316.7,21.98851,3381.2,3110.8,3110.8,6037.9,6037.9,6955.9
2021,-5249.1,-5249.1,-6649.8,-6649.8,205579.6,205579.6,134667.4,134667.4,38352.1,38352.1,20871.4,20871.4,42330.7,42330.7,31022.0,31022.0,32208.2,32208.2,24722.7,24722.7,16375.7,16375.7,10670.6,10670.6,33550.1,33550.1,23485.5,23485.5,108521.1,108521.1,72103.4,72103.4,44268.8,44268.8,30582.1,30582.1,30702.1,30702.1,18035.8,18035.8,228065.1,228065.1,145752.2,145752.2,228065.1,9856675.4,228065.1,228065.1,129.9,8.2707,8.2707,131.1,145752.2,145752.2,175570.5,9127658.1,,,,,287.1,287.1,1511.8,1511.8,162069.3,162069.3,98947.4,98947.4,136650.3,5905845.9,136650.3,136650.3,130.1,9.30387,9.30387,133.6,83387.0,83387.0,105001.4,5458871.6,25419.0,1098577.0,25419.0,25419.0,129.7,8.16779,8.16779,139.4,15560.4,15560.4,19601.9,1019073.7,70957.8,70957.8,51942.8,51942.8,64824.8,2801641.3,64824.8,64824.8,121.0,17.56439,17.56439,138.0,47169.1,47169.1,53564.7,2784753.9,1529.3,1529.3,1330.0,1330.0,6133.0,6133.0,4773.6,4773.6,4603.7,4603.7,3443.7,3443.7,47353.4,2046551.4,47353.4,47353.4,135.4,20.77259,20.77259,127.9,30527.2,30527.2,34963.2,1817688.4,52602.5,2273409.5,52602.5,52602.5,117.0,34.24365,34.24365,146.5,37177.0,37177.0,44963.9,2337607.1,23.13814,6420.1,4890.8,4890.8,4955.4,4955.4,7403.1
