country,IDN,IDN,IDN,IDN,IDN,IDN,IDN,IDN,IDN,IDN,IDN,IDN,IDN,IDN,IDN,IDN,IDN,IDN,IDN,IDN,IDN,IDN,IDN,IDN,IDN,IDN,IDN,IDN,IDN,IDN,IDN,IDN,IDN,IDN,IDN,IDN,IDN,IDN,IDN,IDN,IDN,IDN,IDN,IDN,IDN,IDN,IDN,IDN,IDN,IDN,IDN,IDN,IDN,IDN,IDN,IDN,IDN,IDN,IDN,IDN,IDN,IDN,IDN,IDN,IDN,IDN,IDN,IDN,IDN,IDN,IDN,IDN,IDN,IDN,IDN,IDN,IDN,IDN,IDN,IDN,IDN,IDN,IDN,IDN,IDN,IDN,IDN,IDN,IDN,IDN,IDN,IDN,IDN,IDN,IDN,IDN,IDN,IDN,IDN,IDN,IDN,IDN,IDN,IDN,IDN,IDN,IDN,IDN,IDN,IDN,IDN,IDN,IDN,IDN,IDN,IDN,IDN,IDN,IDN,IDN,IDN,IDN,IDN,IDN,IDN,IDN,IDN,IDN,IDN,IDN,IDN,IDN,IDN,IDN,IDN,IDN,IDN,IDN,IDN,IDN,IDN,IDN,IDN,IDN,IDN,IDN,IDN,IDN,IDN,IDN,IDN,IDN,IDN,IDN,IDN,IDN,IDN,IDN,IDN,IDN,IDN,IDN,IDN,IDN,IDN,IDN,IDN,IDN,IDN,IDN,IDN,IDN,IDN,IDN,IDN,IDN,IDN,IDN,IDN,IDN,IDN,IDN,IDN,IDN,IDN,IDN,IDN,IDN,IDN,IDN,IDN,IDN,IDN,IDN,IDN
subject,B11,B11,B11,B11,B1G,B1G,B1GVA,B1GVA,B1GVB_E,B1GVB_E,B1GVC,B1GVC,B1GVF,B1GVF,B1GVG_I,B1GVG_I,B1GVG_U,B1GVG_U,B1GVJ,B1GVJ,B1GVK,B1GVK,B1GVL,B1GVL,B1GVM_N,B1GVM_N,B1GVO_Q,B1GVO_Q,B1GVR_U,B1GVR_U,B1_GA,B1_GA,B1_GE,B1_GE,B1_GE,B1_GE,B1_GE,B1_GE,B1_GE,B1_GE,B1_GE,B1_GE,B1_GE,B1_GE,B1_GE,D21_D31,D21_D31,DB1_GE,DB1_GE,DB1_GE,DB1_GE,P3,P3,P3,P3,P3,P31S13,P31S13,P31S13,P31S13,P31S14,P31S14,P31S14,P31S14,P31S14_S15,P31S14_S15,P31S14_S15,P31S14_S15,P31S14_S15,P31S14_S15,P31S14_S15,P31S14_S15,P31S14_S15,P31S14_S15,P31S14_S15,P31S14_S15,P31S14_S15,P31S15,P31S15,P31S15,P31S15,P32S13,P32S13,P32S13,P32S13,P3S13,P3S13,P3S13,P3S13,P3S13,P3S13,P3S13,P3S13,P3S13,P3S13,P3S13,P3S13,P3S13,P41,P41,P41,P41,P5,P5,P5,P5,P5,P51,P51,P51,P51,P51,P51,P51,P51,P51,P51,P51,P51,P51,P51A,P51A,P51N1111,P51N1111,P51N1113,P51N1113,P51N11131,P51N11131,P51N1113I,P51N1113I,P51N1113O,P51N1113O,P51N1114,P51N1114,P51N112,P51N112,P52,P52,P52,P52,P52_P53,P52_P53,P52_P53,P52_P53,P6,P6,P6,P6,P6,P6,P6,P6,P6,P6,P6,P6,P6,P61,P61,P61,P61,P62,P62,P62,P62,P7,P7,P7,P7,P7,P7,P7,P7,P7,P7,P7,P7,P7,P71,P71,P71,P71,P72,P72,P72,P72,PPPGDP,RB1_GA,RB1_GA,RB1_GE,RB1_GE,RB1_GE,RB1_GE,RB1_GE,RB1_GE
measure,CQR,CQRSA,VNBQR,VNBQRSA,CQR,VNBQR,CQR,VNBQR,CQR,VNBQR,CQR,VNBQR,CQR,VNBQR,CQR,VNBQR,CQR,VNBQR,CQR,VNBQR,CQR,VNBQR,CQR,VNBQR,CQR,VNBQR,CQR,VNBQR,CQR,VNBQR,CQR,VNBQR,CARSA,CPCARSA,CQR,CQRSA,DNBSA,DOBSA,GPSA,GYSA,VIXOBSA,VNBQR,VNBQRSA,VOBARSA,VPVOBARSA,CQR,VNBQR,CQR,CQRSA,VNBQR,VNBQRSA,CQR,CQRSA,DNBSA,VNBQR,VNBQRSA,CQR,CQRSA,VNBQR,VNBQRSA,CQR,CQRSA,VNBQR,VNBQRSA,CARSA,CPCARSA,CQR,CQRSA,DNBSA,DOBSA,GPSA,GYSA,VIXOBSA,VNBQR,VNBQRSA,VOBARSA,VPVOBARSA,CQR,CQRSA,VNBQR,VNBQRSA,CQR,CQRSA,VNBQR,VNBQRSA,CARSA,CPCARSA,CQR,CQRSA,DNBSA,DOBSA,GPSA,GYSA,VIXOBSA,VNBQR,VNBQRSA,VOBARSA,VPVOBARSA,CQR,CQRSA,VNBQR,VNBQRSA,CQR,CQRSA,DNBSA,VNBQR,VNBQRSA,CARSA,CPCARSA,CQR,CQRSA,DNBSA,DOBSA,GPSA,GYSA,VIXOBSA,VNBQR,VNBQRSA,VOBARSA,VPVOBARSA,CQR,VNBQR,CQR,VNBQR,CQR,VNBQR,CQR,VNBQR,CQR,VNBQR,CQR,VNBQR,CQR,VNBQR,CQR,VNBQR,CQR,CQRSA,VNBQR,VNBQRSA,CQR,CQRSA,VNBQR,VNBQRSA,CARSA,CPCARSA,CQR,CQRSA,DNBSA,DOBSA,GPSA,GYSA,VIXOBSA,VNBQR,VNBQRSA,VOBARSA,VPVOBARSA,CQR,CQRSA,VNBQR,VNBQRSA,CQR,CQRSA,VNBQR,VNBQRSA,CARSA,CPCARSA,CQR,CQRSA,DNBSA,DOBSA,GPSA,GYSA,VIXOBSA,VNBQR,VNBQRSA,VOBARSA,VPVOBARSA,CQR,CQRSA,VNBQR,VNBQRSA,CQR,CQRSA,VNBQR,VNBQRSA,CD,CQR,VNBQR,CARSA,CQR,CQRSA,VNBQR,VNBQRSA,VOBARSA
unit,Rupiah,Rupiah,Rupiah,Rupiah,Rupiah,Rupiah,Rupiah,Rupiah,Rupiah,Rupiah,Rupiah,Rupiah,Rupiah,Rupiah,Rupiah,Rupiah,Rupiah,Rupiah,Rupiah,Rupiah,Rupiah,Rupiah,Rupiah,Rupiah,Rupiah,Rupiah,Rupiah,Rupiah,Rupiah,Rupiah,Rupiah,Rupiah,Rupiah,US Dollar,Rupiah,Rupiah,Index,Index,Percentage,Percentage,Index,Rupiah,Rupiah,Rupiah,US Dollar,Rupiah,Rupiah,Rupiah,Rupiah,Rupiah,Rupiah,Rupiah,Rupiah,Index,Rupiah,Rupiah,Rupiah,Rupiah,Rupiah,Rupiah,Rupiah,Rupiah,Rupiah,Rupiah,Rupiah,US Dollar,Rupiah,Rupiah,Index,Index,Percentage,Percentage,Index,Rupiah,Rupiah,Rupiah,US Dollar,Rupiah,Rupiah,Rupiah,Rupiah,Rupiah,Rupiah,Rupiah,Rupiah,Rupiah,US Dollar,Rupiah,Rupiah,Index,Index,Percentage,Percentage,Index,Rupiah,Rupiah,Rupiah,US Dollar,Rupiah,Rupiah,Rupiah,Rupiah,Rupiah,Rupiah,Index,Rupiah,Rupiah,Rupiah,US Dollar,Rupiah,Rupiah,Index,Index,Percentage,Percentage,Index,Rupiah,Rupiah,Rupiah,US Dollar,Rupiah,Rupiah,Rupiah,Rupiah,Rupiah,Rupiah,Rupiah,Rupiah,Rupiah,Rupiah,Rupiah,Rupiah,Rupiah,Rupiah,Rupiah,Rupiah,Rupiah,Rupiah,Rupiah,Rupiah,Rupiah,Rupiah,Rupiah,Rupiah,Rupiah,US Dollar,Rupiah,Rupiah,Index,Index,Percentage,Percentage,Index,Rupiah,Rupiah,Rupiah,US Dollar,Rupiah,Rupiah,Rupiah,Rupiah,Rupiah,Rupiah,Rupiah,Rupiah,Rupiah,US Dollar,Rupiah,Rupiah,Index,Index,Percentage,Percentage,Index,Rupiah,Rupiah,Rupiah,US Dollar,Rupiah,Rupiah,Rupiah,Rupiah,Rupiah,Rupiah,Rupiah,Rupiah,Rupiah,Rupiah,Rupiah,Rupiah,Rupiah,Rupiah,Rupiah,Rupiah,Rupiah
powercode,Billions,Billions,Billions,Billions,Billions,Billions,Billions,Billions,Billions,Billions,Billions,Billions,Billions,Billions,Billions,Billions,Billions,Billions,Billions,Billions,Billions,Billions,Billions,Billions,Billions,Billions,Billions,Billions,Billions,Billions,Billions,Billions,Billions,Millions,Billions,Billions,Units,Units,Units,Units,Units,Billions,Billions,Billions,Millions,Billions,Billions,Billions,Billions,Billions,Billions,Billions,Billions,Units,Billions,Billions,Billions,Billions,Billions,Billions,Billions,Billions,Billions,Billions,Billions,Millions,Billions,Billions,Units,Units,Units,Units,Units,Billions,Billions,Billions,Millions,Billions,Billions,Billions,Billions,Billions,Billions,Billions,Billions,Billions,Millions,Billions,Billions,Units,Units,Units,Units,Units,Billions,Billions,Billions,Millions,Billions,Billions,Billions,Billions,Billions,Billions,Units,Billions,Billions,Billions,Millions,Billions,Billions,Units,Units,Units,Units,Units,Billions,Billions,Billions,Millions,Billions,Billions,Billions,Billions,Billions,Billions,Billions,Billions,Billions,Billions,Billions,Billions,Billions,Billions,Billions,Billions,Billions,Billions,Billions,Billions,Billions,Billions,Billions,Billions,Billions,Millions,Billions,Billions,Units,Units,Units,Units,Units,Billions,Billions,Billions,Millions,Billions,Billions,Billions,Billions,Billions,Billions,Billions,Billions,Billions,Millions,Billions,Billions,Units,Units,Units,Units,Units,Billions,Billions,Billions,Millions,Billions,Billions,Billions,Billions,Billions,Billions,Billions,Billions,Units,Billions,Billions,Billions,Billions,Billions,Billions,Billions,Billions
reference_period,,,2010,2010,,2010,,2010,,2010,,2010,,2010,,2010,,2010,,2010,,2010,,2010,,2010,,2010,,2010,,2010,,,,,,2015,,,2015,2010,2010,2015,2015,,2010,,,2010,2010,,,,2010,2010,,,2010,2010,,,2010,2010,,,,,,2015,,,2015,2010,2010,2015,2015,,,2010,2010,,,2010,2010,,,,,,2015,,,2015,2010,2010,2015,2015,,,2010,2010,,,,2010,2010,,,,,,2015,,,2015,2010,2010,2015,2015,,2010,,2010,,2010,,2010,,2010,,2010,,2010,,2010,,,2010,2010,,,2010,2010,,,,,,2015,,,2015,2010,2010,2015,2015,,,2010,2010,,,2010,2010,,,,,,2015,,,2015,2010,2010,2015,2015,,,2010,2010,,,2010,2010,,,2010,,,,2010,2010,2015
time,,,,,,,,,,,,,,,,,,,,,,,,,,,,,,,,,,,,,,,,,,,,,,,,,,,,,,,,,,,,,,,,,,,,,,,,,,,,,,,,,,,,,,,,,,,,,,,,,,,,,,,,,,,,,,,,,,,,,,,,,,,,,,,,,,,,,,,,,,,,,,,,,,,,,,,,,,,,,,,,,,,,,,,,,,,,,,,,,,,,,,,,,,,,,,,,,,,
1990,,,,,,,,,,,,,,,,,,,,,,,,,,,,,,,,,253502.9,724784.6,,253502.9,,7.261975329,,,30.285656166,,,3490825.5,801875.3,,,,,,,,,,,,,,,,,,,,119176.4,340734.6,,,,6.861300911,,,26.23024446,,,1736935.4,398990.3,,,,,,,,,21552.8,61621.3,,,,5.78559626,,,33.15024384,,,372525.8,85572.7,,,,,,,,,,74130.0,211943.6,,,,6.338914401,,,30.921209907,,,1169443.8,268632.2,,,,,,,,,,,,,,,,,,,,,,,,,61086.8,174652.0,,,,10.861769113,,,23.058787472,,,562402.1,129189.0,,,,,,,,,58489.8,167226.8,,,,11.551606823,,,21.142374518,,,506334.4,116309.7,,,,,,,,,349.76306,,,36046.6,,,,,
1991,,,,,,,,,,,,,,,,,,,,,,,,,,,,,,,,,300511.7,815606.4,,300511.7,,7.903051639,8.927725584,8.927725584,32.98947644,,,3802476.8,873464.5,,,,,,,,,,,,,,,,,,,,142843.2,387684.9,,,,7.519530754,9.366730612,9.366730612,28.687160797,,,1899629.4,436362.7,,,,,,,,,25962.0,70462.5,,,,6.37824906,9.265003528,9.265003528,36.221615102,,,407040.4,93501.0,,,,,,,,,,87156.3,236547.2,,,,6.89300645,8.121110544,8.121110544,33.432355545,,,1264415.7,290448.1,,,,,,,,,,,,,,,,,,,,,,,,,74867.5,203194.8,,,,10.882992487,22.320157803,22.320157803,28.205545223,,,687931.2,158024.2,,,,,,,,,71959.2,195301.4,,,,11.960446728,18.823226129,18.823226129,25.122051483,,,601642.8,138203.0,,,,,,,,,368.4519,,,41641.9,,,,,
1992,,,,,,,,,,,,,,,,,,,,,,,,,,,,,,,,,339494.5,878382.1,,339494.5,,8.381432736,6.524117989,6.524117989,35.141748807,,,4050554.9,930450.4,,,,,,,,,,,,,,,,,,,,153483.4,397111.2,,,,7.795215756,3.648829649,3.648829649,29.733906426,,,1968943.7,452284.8,,,,,,,,,30566.6,79085.7,,,,7.043226379,6.619919731,6.619919731,38.619456947,,,433986.1,99690.7,,,,,,,,,,95555.5,247232.8,,,,7.146030579,5.754963077,5.754963077,35.356375262,,,1337182.3,307163.3,,,,,,,,,,,,,,,,,,,,,,,,,90834.3,235017.8,,,,11.678667916,13.060704508,13.060704508,31.889388139,,,777779.8,178663.3,,,,,,,,,81543.7,210980.0,,,,12.620593832,7.392022206,7.392022206,26.979079107,,,646116.4,148419.0,,,,,,,,,386.49984,,,50598.4,,,,,
1993,,,,,,,,,,,,,,,,,,,,,,,,,,,,,,,,,396455.8,881284.4,,396455.8,,9.066416729,7.955437139,7.955437139,37.937428543,,,4372794.3,1004471.8,,,,,,,,,,,,,,,,,,,,200501.3,445695.9,,,,8.482217588,20.053432184,20.053432184,35.696575187,,,2363784.5,542983.4,,,,,,,,,33838.9,75220.7,,,,7.872926371,-0.961538462,-0.961538462,38.248116015,,,429813.2,98732.1,,,,,,,,,,107601.7,239188.6,,,,7.968665254,0.981768652,0.981768652,35.70349307,,,1350310.3,310178.9,,,,,,,,,,,,,,,,,,,,,,,,,96500.8,214512.4,,,,12.816863438,-3.196151145,-3.196151145,30.870155095,,,752920.8,172953.0,,,,,,,,,83619.0,185877.2,,,,11.115224071,16.432933305,16.432933305,31.412533183,,,752292.3,172808.6,,,,,,,,,449.86129,,,41632.0,,,,,
1994,,,,,,,,,,,,,,,,,,,,,,,,,,,,,,,,,459503.6,967970.9,,459503.6,,9.771470878,7.539968809,7.539968809,40.797898822,,,4702501.6,1080208.6,,,,,,,,,,,,,,,,,,,,237036.7,499331.6,,,,9.299903916,7.827438453,7.827438453,38.490702639,,,2548808.2,585485.1,,,,,,,,,35268.7,74295.5,,,,8.020699233,2.305027103,2.305027103,39.129745455,,,439720.5,101007.9,,,,,,,,,,130835.2,275611.9,,,,8.517610744,13.75570717,13.75570717,40.614761027,,,1536055.1,352846.2,,,,,,,,,,,,,,,,,,,,,,,,,110829.8,233469.4,,,,13.388958839,9.941188405,9.941188405,33.939015373,,,827770.1,190146.5,,,,,,,,,103429.0,217879.2,,,,11.428979152,20.295217075,20.295217075,37.787774981,,,904971.6,207880.4,,,,,,,,,474.70805,,,48962.2,,,,,
1995,,,,,,,,,,,,,,,,,,,,,,,,,,,,,,,,,546415.9,1069504.3,,546415.9,,10.737081091,8.220146069,8.220146069,44.151545698,,,5089054.1,1169003.4,,,,,,,,,,,,,,,,,,,,290817.1,569218.6,,,,10.134553432,12.58436784,12.58436784,43.334514244,,,2869559.6,659164.7,,,,,,,,,40465.8,79204.1,,,,9.080918574,1.340227182,1.340227182,39.65417294,,,445613.7,102361.6,,,,,,,,,,160430.0,314011.0,,,,9.162067646,13.994867582,13.994867582,46.298743051,,,1751024.0,402226.6,,,,,,,,,,,,,,,,,,,,,,,,,130802.0,256019.8,,,,14.669086702,7.721276137,7.721276137,36.559540469,,,891684.5,204828.3,,,,,,,,,134050.8,262378.7,,,,12.248077334,20.939007965,20.939007965,45.700160194,,,1094463.7,251408.6,,,,,,,,,510.90573,,,57951.8,,,,,
1996,,,,,,,,,,,,,,,,,,,,,,,,,,,,,,,,,640252.1,1174233.4,,640252.1,,11.668706041,7.817992464,7.817992464,47.603310213,,,5486916.0,1260396.0,,,,,,,,,,,,,,,,,,,,345076.3,632875.9,,,,10.959997699,9.720916611,9.720916611,47.547026237,,,3148507.1,723241.6,,,,,,,,,45827.6,84048.7,,,,10.014476456,2.692978419,2.692978419,40.722051259,,,457614.0,105118.2,,,,,,,,,,195733.6,358978.8,,,,9.761423921,14.514389641,14.514389641,53.018723016,,,2005174.4,460607.3,,,,,,,,,,,,,,,,,,,,,,,,,150424.4,275880.9,,,,15.683989383,7.559916127,7.559916127,39.323411065,,,959095.1,220313.1,,,,,,,,,150218.2,275502.8,,,,12.843598964,6.864758591,6.864758591,48.837365867,,,1169596.0,268667.1,,,,,,,,,545.25114,,,53408.4,,,,,
1997,,,,,,,,,,,,,,,,,,,,,,,,,,,,,,,,,754614.0,1250620.7,,754614.0,,13.135611441,4.699904156,4.699904156,49.840620169,,,5744795.8,1319633.4,,,,,,,,,,,,,,,,,,,,402305.6,666740.4,,,,11.850867276,7.820479799,7.820479799,51.265431819,,,3394735.5,779802.5,,,,,,,,,48844.4,80949.7,,,,10.667173493,0.061234668,0.061234668,40.746987272,,,457894.2,105182.6,,,,,,,,,,220606.0,365610.0,,,,10.13359087,8.568003071,8.568003071,57.561368833,,,2176977.8,500072.2,,,,,,,,,,,,,,,,,,,,,,,,,191262.1,316978.4,,,,18.499013035,7.799974019,7.799974019,42.390626911,,,1033904.3,237497.5,,,,,,,,,188396.6,312229.4,,,,14.041495777,14.715975671,14.715975671,56.024260747,,,1341713.4,308204.1,,,,,,,,,603.39164,,,79992.6,,,,,
1998,,,,,,,,,,,,,,,,,,,,,,,,,,,,,,,,,1149004.7,1098684.1,,1149004.7,,23.022958078,-13.126748574,-13.126748574,43.298167271,,,4990690.9,1146408.4,,,,,,,,,,,,,,,,,,,,673147.7,643667.3,,,,21.132696237,-6.168317178,-6.168317178,48.103217382,,,3185337.5,731701.8,,,,,,,,,61880.9,59170.9,,,,15.968911994,-15.371536365,-15.371536365,34.483549306,,,387508.8,89014.4,,,,,,,,,,301750.3,288535.2,,,,20.690536872,-33.008148119,-33.008148119,38.561426949,,,1458397.7,335007.6,,,,,,,,,,,,,,,,,,,,,,,,,553695.4,529446.4,,,,48.16721354,11.183175014,11.183175014,47.131244908,,,1149527.6,264057.3,,,,,,,,,440650.3,421352.1,,,,34.676805604,-5.290133273,-5.290133273,53.060502688,,,1270735.0,291899.7,,,,,,,,,1045.80074,,,-819.4,,,,,
1999,,,,,,,,,,,,,,,,,,,,,,,,,,,,,,,,,1322094.9,1122981.7,,1322094.9,,26.28328006,0.791152861,0.791152861,43.640721961,,,5030174.8,1155478.3,,,,,,,,,,,,,,,,,,,,844971.5,717715.1,,,,25.352271912,4.633249328,4.633249328,50.331959378,,,3332922.1,765603.4,,,,,,,,,82595.2,70156.0,,,,21.167340153,0.694799071,0.694799071,34.723140686,,,390201.3,89632.9,,,,,,,,,,274968.7,233557.3,,,,23.047822685,-18.195453861,-18.195453861,31.5450003,,,1193035.7,274051.5,,,,,,,,,,,,,,,,,,,,,,,,,427167.5,362834.2,,,,54.49117459,-31.804981471,-31.804981471,32.141161198,,,783920.6,180073.9,,,,,,,,,321804.4,273339.3,,,,42.687529942,-40.675238122,-40.675238122,31.478016871,,,753860.5,173168.8,,,,,,,,,1177.30763,,,14196.4,,,,,
2000,,142291.9,,,,,,,,,,,,,,,,,,,,,,,,,,,,,,,1520682.6,1096681.0,,1520682.6,36.97346399,28.813567879,4.920041386,4.920041386,45.787863542,,4112902.7,5277661.5,1212328.3,,,,,,,,,,,,,,,,,,,,884078.1,637576.6,,884078.1,34.718315699,26.112245661,1.583047316,1.583047316,51.12873811,,2546431.3,3385683.8,777723.3,,,,,,,,,103233.3,74449.5,,103233.3,36.005037569,24.843814753,6.491006615,6.491006615,36.977022045,,286719.1,415529.2,95451.0,,,,,,,,,,342520.2,247017.6,,342520.2,31.948528275,24.593666672,16.737252997,16.737252997,36.824766809,,1072100.1,1392717.0,319920.1,,,,,,,,,,,,,,,,,,,,,,,,,593887.4,428297.8,,593887.4,72.879417075,59.89537667,26.484918945,26.484918945,40.65372169,,814890.4,991541.3,227766.3,,,,,,,,,451595.5,325680.2,,451595.5,61.150594262,47.568085758,25.933970239,25.933970239,39.641516398,,738497.2,949366.5,218078.4,,,,,,,,,1386.6225,,,48559.1,,,,,41556.6
2001,,129868.2,,,,,,,,,,,,,,,,,,,,,,,,,,,,,,,1801401.2,1162246.2,,1801401.2,42.259085188,32.93267355,3.643466447,3.643466447,47.456128988,,4262754.9,5469951.4,1256499.0,,,,,,,,,,,,,,,,,,,,1072756.8,692132.0,,1072756.8,40.705543147,30.615342968,3.494136251,3.494136251,52.915245883,,2635407.1,3503984.2,804898.0,,,,,,,,,128975.1,83213.4,,128975.1,41.819951062,28.856159785,7.563695408,7.563695408,39.773851363,,308405.6,446958.6,102670.6,,,,,,,,,,402107.2,259435.6,,402107.2,35.219864821,27.111909763,6.492468497,6.492468497,39.215603193,,1141705.8,1483138.8,340690.9,,,,,,,,,,,,,,,,,,,,,,,,,670123.6,432357.1,,670123.6,81.707811685,67.150923459,0.644980257,0.644980257,40.915930168,,820146.3,997936.5,229235.4,,,,,,,,,540255.4,348567.4,,540255.4,70.220908002,54.623740197,4.179861045,4.179861045,41.2984767,,769365.4,989048.7,227193.7,,,,,,,,,1549.9309,,,67693.9,,,,,26981.9
2002,,108092.3,,,,,,,,,,,,,,,,,,,,,,,,,,,,,,,1993445.3,1233470.1,,1993445.3,44.750702696,34.874401007,4.499475391,4.499475391,49.591405833,,4454556.5,5716070.5,1313034.9,,,,,,,,,,,,,,,,,,,,1271189.3,786564.8,,1271189.3,46.453164293,34.938228232,3.835820357,3.835820357,54.944979656,,2736496.6,3638390.8,835772.4,,,,,,,,,150357.2,93035.5,,150357.2,43.146809868,29.771704848,12.993466194,12.993466194,44.941853294,,348478.2,505034.0,116011.0,,,,,,,,,,439467.6,271926.3,,439467.6,36.766225318,28.302283049,4.694432503,4.694432503,41.056553215,,1195302.4,1552763.7,356684.4,,,,,,,,,,,,,,,,,,,,,,,,,621026.1,384267.9,,621026.1,76.654202856,62.997654724,-1.21693046,-1.21693046,40.418011751,,810165.7,985792.3,226445.7,,,,,,,,,512933.8,317384.4,,512933.8,69.628555095,54.162958185,-4.24945353,-4.24945353,39.543517124,,736671.6,947019.5,217539.2,,,,,,,,,1616.12777,,,24339.0,,,,,-18890.9
2003,,142947.1,,,,,,,,,,,,,,,,,,,,,,,,,,,,,,,2203357.5,1317942.0,,2203357.5,47.206365795,36.788109049,4.780369122,4.780369122,51.962058084,,4667500.8,5989319.7,1375802.8,,,,,,,,,,,,,,,,,,,,1415763.9,846841.6,,1415763.9,49.797789916,37.453779005,3.892893356,3.892893356,57.083929119,,2843025.5,3780029.4,868308.1,,,,,,,,,186158.8,111351.2,,186158.8,48.549225743,33.499422642,10.03366155,10.03366155,49.451166748,,383443.4,555707.4,127651.2,,,,,,,,,,487666.5,291698.6,,487666.5,40.555127436,31.218943089,0.600322643,0.600322643,41.303025001,,1202478.1,1562085.3,358825.6,,,,,,,,,,,,,,,,,,,,,,,,,640012.7,382824.7,,640012.7,74.606156147,61.314483618,5.886379869,5.886379869,42.797169458,,857855.1,1043819.8,239775.2,,,,,,,,,497065.7,297320.7,,497065.7,66.435650248,51.679247708,1.563733656,1.563733656,40.16187241,,748191.2,961828.4,220941.0,,,,,,,,,1671.81667,,,-29178.8,,,,,9506.1
2004,,96706.9,,,,,,,,,,,,,,,,,,,,,,,,,,,,,,,2512087.0,1421404.9,,2512087.0,51.242853276,39.933759834,5.030873945,5.030873945,54.576203726,,4902316.8,6290634.9,1445017.7,,,,,,,,,,,,,,,,,,,,1581694.2,894964.2,,1581694.2,53.001516699,39.863357325,4.967167869,4.967167869,59.919383704,,2984243.4,3967789.8,911438.5,,,,,,,,,217265.7,122934.6,,217265.7,54.487476742,37.596871714,3.990392417,3.990392417,51.424462356,,398744.2,577882.3,132745.0,,,,,,,,,,639871.3,362056.0,,639871.3,46.39971178,35.718047334,14.683301064,14.683301064,47.36767251,,1379041.6,1791451.0,411513.1,,,,,,,,,,,,,,,,,,,,,,,,,771325.6,436436.3,,771325.6,79.198979976,65.089059818,13.528320493,13.528320493,48.586907704,,973908.5,1185031.1,272212.7,,,,,,,,,674618.7,381717.0,,674618.7,71.191692962,55.378898553,26.653292128,26.653292128,50.866333588,,947608.7,1218187.3,279829.0,,,,,,,,,1767.32689,,,-23451.1,,,,,-13332.1
2005,,100078.2,,,,,,,,,,,,,,,,,,,,,,,,,,,,,,,3035611.1,1549429.4,,3035611.1,58.586869904,45.656981269,5.692571304,5.692571304,57.682993038,,5181384.7,6648733.7,1527276.4,,,,,,,,,,,,,,,,,,,,1842448.4,940418.1,,1842448.4,59.391259467,44.669193365,3.953365621,3.953365621,62.28821602,,3102221.4,4124651.1,947471.0,,,,,,,,,255844.6,130587.6,,255844.6,60.170093617,41.517930834,6.635321105,6.635321105,54.83664056,,425202.2,616226.7,141553.0,,,,,,,,,,814275.6,415620.6,,814275.6,53.249181761,40.99070278,10.887129726,10.887129726,52.524652465,,1529179.6,1986488.6,456315.0,,,,,,,,,,,,,,,,,,,,,,,,,985611.0,503073.2,,985611.0,86.792850581,71.330022748,16.601312125,16.601312125,56.652971905,,1135590.1,1381761.8,317403.6,,,,,,,,,885532.8,451991.6,,885532.8,79.349605178,61.724810193,17.768957763,17.768957763,59.904750919,,1115988.9,1434646.5,329551.7,,,,,,,,,1959.17998,,,22964.3,,,,,-25748.0
2006,,167971.5,,,,,,,,,,,,,,,,,,,,,,,,,,,,,,,3653762.3,1685101.7,,3653762.3,66.84025092,52.088873996,5.500951785,5.500951785,60.856106673,,5466410.2,7014477.4,1611291.1,,,,,,,,,,,,,,,,,,,,2159284.2,995853.9,,2159284.2,67.463632198,50.740564502,3.173293558,3.173293558,64.264803966,,3200664.0,4255538.4,977537.0,,,,,,,,,327600.0,151087.9,,327600.0,70.290484867,48.501096036,9.610430706,9.610430706,60.106677902,,466066.0,675448.7,155156.9,,,,,,,,,,1000423.5,461391.6,,1000423.5,63.766308846,49.086685031,2.596870906,2.596870906,53.888649883,,1568890.4,2038075.1,468164.9,,,,,,,,,,,,,,,,,,,,,,,,,1080712.5,498420.6,,1080712.5,86.985989882,71.488752766,9.405530076,9.405530076,61.981484216,,1242398.4,1511723.9,347257.1,,,,,,,,,912741.0,420952.8,,912741.0,75.322922235,58.592516846,8.582669522,8.582669522,65.046177718,,1211770.6,1557777.4,357836.1,,,,,,,,,2168.27408,,,-1517.0,,,,,91468.8
2007,,142506.2,,,,,,,,,,,,,,,,,,,,,,,,,,,,,,,4323057.0,1840451.6,,4323057.0,74.365513047,57.953340771,6.345022245,6.345022245,64.717440179,,5813255.1,7459547.5,1713527.9,,,,,,,,,,,,,,,,,,,,2590436.2,1102824.4,,2590436.2,77.075374286,57.969721952,5.006740933,5.006740933,67.482376212,,3360913.0,4468602.1,1026479.7,,,,,,,,,374998.2,159647.7,,374998.2,77.444757465,53.437611456,3.893843811,3.893843811,62.447138059,,484213.9,701749.6,161198.5,,,,,,,,,,1223705.0,520967.0,,1223705.0,71.34589522,54.921376983,9.323906319,9.323906319,58.913177115,,1715172.3,2228103.3,511816.2,,,,,,,,,,,,,,,,,,,,,,,,,1212795.9,516322.6,,1212795.9,89.934240962,73.911749767,8.542983386,8.542983386,67.276552115,,1348536.3,1640870.2,376923.2,,,,,,,,,1070289.6,455653.6,,1070289.6,80.983861477,62.996072471,9.064254323,9.064254323,70.942128694,,1321608.5,1698978.4,390271.2,,,,,,,,,2348.91098,,,-8588.7,,,,,119200.6
2008,20361.8,20361.8,23295.3,23295.3,,,,,,,,,,,,,,,,,,,,,,,,,,,5414841.9,6162847.0,5414841.9,1988552.3,5414841.9,5414841.9,87.86266964,68.471728709,6.013702503,6.013702503,68.609354498,6162847.0,6162847.0,7908142.5,1816574.4,,,38163.0,38163.0,29592.8,29592.8,3569527.6,3569527.6,87.596510769,4074965.5,4074965.5,,,,,3033914.7,3033914.7,3473025.0,3473025.0,3095473.1,1136784.8,3095473.1,3095473.1,87.43641299,65.762438347,5.336150219,5.336150219,71.083337177,3540256.3,3540256.3,4707053.5,1081254.2,61558.5,61558.5,67231.3,67231.3,,,,,474054.5,174092.3,474054.5,474054.5,88.656502258,61.173820872,10.428309773,10.428309773,68.959319061,534709.2,534709.2,774930.3,178008.7,,,,,,,,2034993.4,2034993.4,1701813.1,624975.7,1701813.1,1701813.1,88.680446313,68.265346001,11.886126931,11.886126931,65.915672126,1919039.9,1919039.9,2492938.5,572651.3,,,,,,,,,,,,,,,,,,,115953.5,115953.5,,,115953.5,115953.5,1538313.5,564931.9,1538313.5,1538313.5,104.144272138,85.59015231,9.533468431,9.533468431,73.690340972,1477098.6,1477098.6,1797302.0,412857.1,1396651.7,1396651.7,1338824.4,1338824.4,141661.9,141661.9,138274.1,138274.1,1517951.7,557454.2,1517951.7,1517951.7,104.412459841,81.220810752,10.002558192,10.002558192,78.038156399,1453803.2,1453803.2,1868919.7,429308.3,1285218.0,1285218.0,1227534.6,1227534.6,232733.7,232733.7,226268.6,226268.6,2723.00703,,,123139.4,,,29592.8,29592.8,4837.9
2009,148817.4,148817.4,127910.8,127910.8,,,,,,,,,,,,,,,,,,,,,,,,,,,6011375.0,6452609.8,6011375.0,2051977.6,6011375.0,6011375.0,93.161917214,72.601453468,4.701768517,4.701768517,71.835207528,6452609.8,6452609.8,8279965.1,1901985.5,,,-11280.0,-11280.0,34282.1,34282.1,3999913.7,3999913.7,92.990829237,4301406.6,4301406.6,,,,,3363555.1,3363555.1,3631417.6,3631417.6,3435626.3,1172748.0,3435626.3,3435626.3,92.680110072,69.706313607,4.709159444,4.709159444,74.430764863,3706972.6,3706972.6,4928716.1,1132172.2,72071.2,72071.2,75555.0,75555.0,,,,,564287.4,192619.0,564287.4,564287.4,94.928516925,65.501570016,11.169590816,11.169590816,76.661792829,594434.0,594434.0,861486.8,197891.6,,,,,,,,1989010.3,1989010.3,1879080.1,641422.3,1879080.1,1879080.1,94.219719992,72.529425064,3.924871448,3.924871448,68.502777521,1994359.7,1994359.7,2590783.2,595127.1,,,,,,,,,,,,,,,,,,,-5349.5,-5349.5,,,-5349.5,-5349.5,1419336.9,484489.4,1419336.9,1419336.9,98.096137427,80.619540288,-2.045563539,-2.045563539,72.182958226,1446883.6,1446883.6,1760537.1,404411.8,1280934.7,1280934.7,1317386.2,1317386.2,138402.2,138402.2,129497.4,129497.4,1270519.5,433690.7,1270519.5,1270519.5,96.326442218,74.930824786,-9.274327259,-9.274327259,70.800642388,1318972.7,1318972.7,1695589.9,389492.9,1032006.3,1032006.3,1102881.0,1102881.0,238513.2,238513.2,216091.8,216091.8,2929.55202,,,-16436.2,,,34282.1,34282.1,-165968.1
2010,130198.1,130198.1,130198.1,130198.1,6683679.8,6683679.8,956119.7,956119.7,2309287.0,2309287.0,1512760.8,1512760.8,626905.4,626905.4,1369581.0,1369581.0,2791367.7,2791367.7,256048.1,256048.1,239728.4,239728.4,198213.5,198213.5,99085.4,99085.4,527650.3,527650.3,101061.0,101061.0,6864133.1,6864133.1,6864133.1,2057206.5,6864133.1,6864133.1,100.0,77.930398643,6.377625686,6.377625686,76.416588174,6864133.1,6864133.1,8808030.3,2023287.0,180453.3,180453.3,0.0,0.0,0.0,0.0,4476999.8,4476999.8,100.000000022,4476999.8,4476999.8,237114.5,237114.5,237114.5,237114.5,3786062.9,3786062.9,3786062.9,3786062.9,3858821.8,1156503.4,3858821.8,3858821.8,99.999999995,75.21172941,4.096311258,4.096311258,77.479680663,3858821.8,3858821.8,5130611.7,1178549.5,72758.9,72758.9,72758.9,72758.9,381063.5,381063.5,381063.5,381063.5,618178.0,185270.3,618178.0,618178.0,100.0,69.000941064,3.994386418,3.994386418,79.723961069,618178.0,618178.0,895897.9,205796.1,4095936.3,4095936.3,4095936.3,4095936.3,2256935.3,2256935.3,100.000000882,2256935.3,2256935.3,2127840.7,637721.9,2127840.7,2127840.7,100.0,76.979028456,6.692923519,6.692923519,73.087616028,2127840.7,2127840.7,2764182.3,634958.6,2127840.7,2127840.7,1580435.0,1580435.0,374233.6,374233.6,123094.8,123094.8,30761.1,30761.1,220377.7,220377.7,125663.4,125663.4,47508.6,47508.6,129094.6,129094.6,129094.6,129094.6,129094.6,129094.6,129094.6,129094.6,1667917.8,499881.2,1667917.8,1667917.8,99.999999988,82.184214785,15.276575408,15.276575408,83.210042271,1667917.8,1667917.8,2029486.8,466192.1,1520295.0,1520295.0,1520295.0,1520295.0,147622.9,147622.9,147622.9,147622.9,1537719.8,460860.4,1537719.8,1537719.8,100.000000007,77.788427627,16.584651123,16.584651123,82.542681921,1537719.8,1537719.8,1976797.6,454088.9,1280688.6,1280688.6,1280688.6,1280688.6,257031.2,257031.2,257031.2,257031.2,3336.62812,0.0,0.0,129094.6,0.0,0.0,0.0,0.0,-35350.9
2011,193811.2,193811.2,145446.1,145446.1,7675899.3,7142634.2,1058245.3,993857.3,2726994.6,2439211.5,1704250.5,1607452.0,712184.4,683421.9,1566429.8,1492995.6,3178475.0,3026143.5,281777.6,281693.8,270586.3,256443.0,218796.6,213441.4,113975.3,108239.3,613887.4,563958.0,113022.0,109372.4,7831726.0,7287635.3,7831726.0,2229511.7,7831726.0,7831726.0,107.465943034,83.748637812,6.169784208,6.169784208,81.131326764,7287635.3,7287635.3,9351466.7,2148119.5,155826.7,145001.1,4616.0,4616.0,1252.2,1252.2,5050056.2,5050056.2,107.302561569,4706370.6,4706370.6,265162.2,265162.2,244306.5,244306.5,4260075.5,4260075.5,3977288.6,3977288.6,4340605.4,1235670.2,4340605.4,4340605.4,107.067611073,80.52740193,5.06001922,5.06001922,81.400167396,4054078.9,4054078.9,5390221.6,1238184.4,80529.9,80529.9,76790.3,76790.3,444288.6,444288.6,407985.2,407985.2,709450.8,201964.3,709450.8,709450.8,108.762809865,75.047362334,5.518427288,5.518427288,84.123469892,652291.7,652291.7,945337.4,217152.8,4605767.6,4605767.6,4298385.4,4298385.4,2583242.6,2583242.6,106.106884733,2434566.4,2434566.4,2451914.0,698003.4,2451914.0,2451914.0,105.85206816,81.48389367,8.859611704,8.859611704,79.562895012,2316359.1,2316359.1,3009078.1,691213.4,2451914.0,2316359.1,1791932.4,1675388.7,462113.3,450776.3,146579.8,143012.2,35531.1,34347.7,280002.3,273416.3,145934.1,139608.7,51934.2,50585.4,131328.6,131328.6,118207.3,118207.3,131328.6,131328.6,118207.3,118207.3,2061886.2,586971.4,2061886.2,2061886.2,107.711470919,88.521826619,14.769919232,14.769919232,95.500098307,1914267.9,1914267.9,2329240.4,535048.3,1890412.3,1890412.3,1746663.4,1746663.4,171473.9,171473.9,167604.6,167604.6,1868075.0,531797.9,1868075.0,1868075.0,105.61125515,82.153334774,15.02888272,15.02888272,94.94792478,1768821.9,1768821.9,2273888.2,522333.4,1596455.7,1596455.7,1495887.8,1495887.8,271619.3,271619.3,272934.0,272934.0,3512.75391,0.0,0.0,135944.6,4616.0,4616.0,1252.2,1252.2,-48522.6
2012,-33958.0,-33958.0,34764.2,34764.2,8429699.5,7560262.8,1152262.1,1039440.7,2950700.1,2560071.6,1848150.9,1697787.2,805208.1,728226.4,1704252.9,1580806.7,3521529.2,3232524.1,311362.4,316278.7,320534.3,280896.1,237913.9,229254.2,127724.2,116293.3,697175.3,593319.7,122566.2,115675.4,8615704.5,7727083.4,8615704.5,2413435.2,8615704.5,8615704.5,111.500084236,86.892460133,6.030050653,6.030050653,86.023586863,7727083.4,7727083.4,9915364.9,2277652.1,186005.0,166820.6,-27181.5,-27181.5,30882.1,30882.1,5655179.1,5655179.1,114.026623094,4959525.2,4959525.2,303885.0,303885.0,260931.5,260931.5,4768745.1,4768745.1,4195787.6,4195787.6,4858330.8,1360917.9,4858330.8,4858330.8,113.573270362,85.420420791,5.516106782,5.516106782,85.890287551,4277706.2,4277706.2,5687552.0,1306483.9,89585.8,89585.8,81918.6,81918.6,492963.2,492963.2,420887.5,420887.5,796848.3,223213.5,796848.3,796848.3,116.870940561,80.642048817,4.526702291,4.526702291,87.931488931,681819.0,681819.0,988130.0,226982.7,5162215.9,5162215.9,4538637.7,4538637.7,3021664.9,3021664.9,111.834322706,2701911.9,2701911.9,2819026.5,789667.0,2819026.5,2819026.5,111.524087489,85.850159043,9.125082805,9.125082805,86.823075064,2527728.8,2527728.8,3283659.0,754287.2,2819026.5,2527728.8,2053896.4,1811558.0,546666.6,513820.8,179038.9,171258.9,38480.5,35907.6,329147.2,306654.3,159227.3,146767.2,59236.1,55582.8,202638.4,202638.4,174183.1,174183.1,202638.4,202638.4,174183.1,174183.1,2118979.0,593569.4,2118979.0,2118979.0,108.94136767,89.532607607,1.608748751,1.608748751,97.036454946,1945063.7,1945063.7,2366712.0,543655.9,1918040.0,1918040.0,1761024.3,1761024.3,200939.0,200939.0,184039.4,184039.4,2152937.0,603081.7,2152937.0,2152937.0,112.701541111,87.668756736,7.998411213,7.998411213,102.542250243,1910299.5,1910299.5,2455763.1,564111.8,1850040.0,1850040.0,1632008.0,1632008.0,302897.0,302897.0,278291.5,278291.5,3569.89258,0.0,0.0,175456.9,-27181.5,-27181.5,30882.1,30882.1,45075.0
2013,-75435.5,-75435.5,80246.4,80246.4,9308331.6,7953312.3,1275048.4,1083141.8,3164068.4,2658361.3,2007426.8,1771961.9,905990.5,772719.6,1925949.8,1667526.6,3963224.3,3439089.6,341009.4,349150.1,370131.9,305515.1,264275.0,244237.5,144604.1,125490.7,776938.6,624086.5,140315.5,123083.1,9546134.0,8156497.8,9546134.0,2535041.4,9546134.0,9546134.0,117.037167594,91.207531267,5.557263689,5.557263689,90.80414442,8156497.8,8156497.8,10466387.9,2404227.3,237802.4,203185.5,58391.9,58391.9,57575.9,57575.9,6333590.9,6333590.9,120.873585609,5239847.0,5239847.0,340443.2,340443.2,271922.0,271922.0,5321087.6,5321087.6,4423416.9,4423416.9,5425016.6,1440650.4,5425016.6,5425016.6,120.234367309,90.430347003,5.477905288,5.477905288,90.595276154,4512034.9,4512034.9,5999110.7,1378051.9,103929.0,103929.0,88618.0,88618.0,568131.1,568131.1,455890.1,455890.1,908574.3,241278.1,908574.3,908574.3,124.836387528,86.138282184,6.745643071,6.745643071,93.863033321,727812.1,727812.1,1054785.7,242294.2,5765459.8,5765459.8,4783956.9,4783956.9,3229586.7,3229586.7,116.221153527,2778828.6,2778828.6,3051496.2,810345.7,3051496.2,3051496.2,114.961002482,88.495862813,5.010278266,5.010278266,91.173152723,2654375.0,2654375.0,3448179.4,792079.1,3051496.2,2654375.0,2242779.8,1933672.0,557287.5,506847.0,172446.3,161592.5,41709.1,37472.1,343132.0,307782.4,177279.6,149080.2,74149.2,64775.8,178090.5,178090.5,124453.6,124453.6,178090.5,178090.5,124453.6,124453.6,2283776.7,606472.6,2283776.7,2283776.7,112.71710369,92.635666608,4.166957513,4.166957513,101.079922795,2026113.7,2026113.7,2465331.9,566309.8,2044358.2,2044358.2,1828150.1,1828150.1,239418.5,239418.5,197963.5,197963.5,2359212.1,626505.0,2359212.1,2359212.1,121.242187567,94.312391324,1.861896666,1.861896666,104.451480981,1945867.3,1945867.3,2501486.9,574615.0,2012939.9,2012939.9,1665064.2,1665064.2,346272.2,346272.2,280803.2,280803.2,3765.67188,0.0,0.0,236482.4,58391.9,58391.9,57575.9,57575.9,467.0
2014,-79083.2,-79083.2,60773.2,60773.2,10306232.4,8351368.7,1409655.7,1129052.7,3389752.7,2749675.9,2227584.0,1854256.7,1041949.5,826615.6,2207270.4,1762046.0,4464874.5,3646024.5,369457.3,384475.6,408438.8,319825.5,294573.4,256440.2,165990.6,137795.3,855595.2,651371.8,163548.8,134070.1,10569705.3,8564866.6,10569705.3,2622251.6,10569705.3,10569705.3,123.407704914,96.172116396,5.006668426,5.006668426,95.350406848,8564866.6,8564866.6,10990405.2,2524599.0,263472.9,213497.9,-43999.6,-43999.6,81318.5,81318.5,7035633.7,7035633.7,128.230193593,5486721.6,5486721.6,373423.2,373423.2,276686.9,276686.9,5915194.2,5915194.2,4651018.4,4651018.4,6039436.2,1498331.4,6039436.2,6039436.2,127.134290996,95.619898936,5.283725363,5.283725363,95.382081738,4750438.4,4750438.4,6316087.2,1450864.4,124242.0,124242.0,99420.0,99420.0,622774.3,622774.3,459596.2,459596.2,996197.4,247147.9,996197.4,996197.4,135.300867661,93.358871953,1.163904956,1.163904956,94.955509818,736283.1,736283.1,1067062.4,245114.2,6412859.4,6412859.4,5027125.3,5027125.3,3657154.4,3657154.4,124.560213664,2936053.4,2936053.4,3436923.7,852670.8,3436923.7,3436923.7,123.966094943,95.427895501,4.449097391,4.449097391,95.229535082,2772470.8,2772470.8,3601592.3,827319.5,3436923.7,2772470.8,2569122.4,2040386.9,570372.6,493157.8,163609.3,152090.5,49215.1,40913.1,357548.3,300154.2,201675.9,160304.3,95752.8,78621.7,220230.6,220230.6,163582.6,163582.6,220230.6,220230.6,163582.6,163582.6,2501424.8,620581.7,2501424.8,2501424.8,122.146617701,100.385238656,1.074639602,1.074639602,102.166167676,2047887.1,2047887.1,2491825.4,572395.6,2223342.0,2223342.0,1842728.3,1842728.3,278082.9,278082.9,205158.8,205158.8,2580508.0,640201.5,2580508.0,2580508.0,129.862108744,101.017692469,2.11970235,2.11970235,106.665541479,1987113.9,1987113.9,2554511.0,586795.1,2177253.0,2177253.0,1704444.3,1704444.3,403255.1,403255.1,282669.6,282669.6,4030.77466,0.0,0.0,176231.1,-43999.6,-43999.6,81318.5,81318.5,68348.9
2015,44113.4,44113.4,141528.0,141528.0,11163205.7,8699535.3,1555207.0,1171445.8,3438965.8,2804124.2,2418891.7,1934533.2,1177084.1,879163.9,2452896.8,1824942.8,4991948.8,3844801.4,406016.5,421769.8,464399.9,347269.0,327601.4,266979.6,190267.9,148395.5,960185.3,690540.5,190581.0,144904.2,11526332.8,8982517.1,11526332.8,2647706.5,11526332.8,11526332.8,128.319631031,100.0,4.8763223,4.8763223,100.0,8982517.1,8982517.1,11526332.8,2647706.5,363127.1,282981.8,-189601.5,-189601.5,60956.5,60956.5,7745630.1,7745630.1,134.570200082,5755828.7,5755828.7,431995.0,431995.0,298571.9,298571.9,6490929.7,6490929.7,4881630.7,4881630.7,6621880.3,1521107.9,6621880.3,6621880.3,132.957985117,100.0,4.841494521,4.841494521,100.0,4980430.7,4980430.7,6621880.3,1521107.9,130950.6,130950.6,98800.0,98800.0,691754.8,691754.8,476826.1,476826.1,1123749.9,258135.9,1123749.9,1123749.9,144.92555965,100.0,5.312477593,5.312477593,100.0,775398.0,775398.0,1123749.9,258135.9,7053875.3,7053875.3,5279002.5,5279002.5,3926190.8,3926190.8,129.825597997,3024203.9,3024203.9,3782011.9,868763.5,3782011.9,3782011.9,129.905510639,100.0,5.00943842,5.00943842,100.0,2911356.0,2911356.0,3782011.9,868763.5,3782011.9,2911356.0,2844114.6,2165135.2,610358.3,499681.3,173850.6,152887.4,59036.1,44887.4,377471.6,301906.5,225515.5,166125.9,102023.4,80413.6,144178.9,144178.9,112847.9,112847.9,144178.9,144178.9,112847.9,112847.9,2438992.7,560259.5,2438992.7,2438992.7,121.677867519,100.0,-2.120239728,-2.120239728,100.0,2004467.0,2004467.0,2438992.7,560259.5,2131563.4,2131563.4,1797134.5,1797134.5,307429.3,307429.3,207332.4,207332.4,2394879.3,550126.2,2394879.3,2394879.3,128.553826137,100.0,-6.249011055,-6.249011055,100.0,1862939.0,1862939.0,2394879.3,550126.2,1963460.3,1963460.3,1596173.6,1596173.6,431419.0,431419.0,266765.4,266765.4,4353.32715,0.0,0.0,-45422.6,-189601.5,-189601.5,60956.5,60956.5,-45422.6
2016,93837.2,93837.2,153049.5,153049.5,11958855.5,9097697.9,1671597.8,1210955.5,3587325.7,2899114.5,2545203.6,2016876.9,1287600.8,925040.3,2643459.8,1913427.6,5412331.2,4062587.6,449188.7,459208.1,520206.8,378279.4,350488.2,279500.5,211623.6,159321.7,1025936.2,716342.8,211427.9,156507.5,12401728.5,9434613.4,12401728.5,2744896.6,12401728.5,12401728.5,131.44924942,102.438924087,5.033069183,5.033069183,105.033069183,9434613.4,9434613.4,12106461.1,2780967.5,442873.0,336915.5,-244313.6,-244313.6,100604.3,100604.3,8353136.0,8353136.0,139.0804373,6005974.8,6005974.8,450219.8,450219.8,296637.6,296637.6,7027023.5,7027023.5,5126308.0,5126308.0,7171522.8,1587285.9,7171522.8,7171522.8,137.079030341,103.099509383,5.044535244,5.044535244,105.044535244,5231670.2,5231670.2,6955923.3,1597840.7,144499.4,144499.4,105362.3,105362.3,731393.3,731393.3,477666.9,477666.9,1181613.1,261528.5,1181613.1,1181613.1,152.603154318,105.297612572,-0.141019027,-0.141019027,99.858980973,774304.5,774304.5,1122165.2,257771.8,7621742.7,7621742.7,5528307.9,5528307.9,4199068.9,4199068.9,132.25477132,3174984.8,3174984.8,4040201.8,894225.1,4040201.8,4040201.8,132.832133275,102.252885672,4.473128483,4.473128483,104.473128483,3041584.7,3041584.7,3951186.1,907624.4,4040201.8,3041584.7,3037239.9,2277210.0,641847.4,503688.8,208133.1,171279.9,68916.2,50685.8,364798.1,281723.1,246681.3,174086.7,114433.3,86599.2,158867.1,158867.1,133400.1,133400.1,158867.1,158867.1,133400.1,133400.1,2367365.2,523973.2,2367365.2,2367365.2,120.098723742,98.702193086,-1.660508611,-1.660508611,98.339491389,1971182.6,1971182.6,2398493.0,550956.3,2039591.4,2039591.4,1752865.0,1752865.0,327773.8,327773.8,218317.7,218317.7,2273528.0,503204.0,2273528.0,2273528.0,125.047387463,97.27239649,-2.405113086,-2.405113086,97.594886914,1818133.2,1818133.2,2337279.7,536895.0,1851967.2,1851967.2,1558338.3,1558338.3,421560.8,421560.8,259794.8,259794.8,4518.104,0.0,0.0,-85446.5,-244313.6,-244313.6,100604.3,100604.3,15973.2
2017,135777.6,135777.6,181745.3,181745.3,13066595.8,9531259.1,1787963.2,1258375.7,3941044.9,2992681.1,2739711.9,2103466.1,1410513.6,987924.9,2891107.9,2016555.6,5927074.1,4292277.4,513715.9,503420.7,571203.6,398971.4,382259.2,289568.5,238217.0,172763.8,1091311.9,740822.6,239258.6,170174.8,13589825.7,9912928.1,13589825.7,2894125.5,13589825.7,13589825.7,137.091942592,106.83629737,5.069785901,5.069785901,110.358020916,9912928.1,9912928.1,12720232.8,2921956.5,523229.9,381669.0,-150283.2,-150283.2,92486.8,92486.8,9023120.3,9023120.3,143.610525632,6283049.4,6283049.4,478172.3,478172.3,305300.8,305300.8,7623056.1,7623056.1,5379628.6,5379628.6,7783650.5,1657627.0,7783650.5,7783650.5,141.719506678,106.589691889,4.981635692,4.981635692,110.277471304,5492293.0,5492293.0,7302442.1,1677439.3,160594.4,160594.4,112664.4,112664.4,761297.5,761297.5,485455.6,485455.6,1239469.7,263960.8,1239469.7,1239469.7,156.744823572,108.155403333,2.124728272,2.124728272,101.980712975,790756.4,790756.4,1146008.1,263248.8,8261822.8,8261822.8,5797593.8,5797593.8,4581211.1,4581211.1,136.52245512,3355646.6,3355646.6,4370574.8,930769.3,4370574.8,4370574.8,135.363752531,104.201701579,6.153974017,6.153974017,110.902377664,3228763.0,3228763.0,4194341.1,963479.4,4370574.8,3228763.0,3283435.9,2419271.8,717377.0,550374.9,233934.3,186458.5,77498.9,55376.0,405943.8,308540.4,254662.0,175833.9,115099.8,83282.3,210636.3,210636.3,126883.6,126883.6,210636.3,210636.3,126883.6,126883.6,2742060.5,583956.5,2742060.5,2742060.5,127.741816377,104.983608754,8.897292179,8.897292179,107.089043265,2146564.5,2146564.5,2611893.9,599976.5,2386700.5,2386700.5,1915737.3,1915737.3,355360.0,355360.0,230827.3,230827.3,2606283.0,555041.0,2606283.0,2606283.0,132.647471731,103.18438254,8.06794625,8.06794625,105.468789932,1964819.2,1964819.2,2525850.2,580211.4,2154432.5,2154432.5,1694413.1,1694413.1,451850.5,451850.5,270406.1,270406.1,4695.65869,0.0,0.0,60353.1,-150283.2,-150283.2,92486.8,92486.8,-8602.3
2018,-158599.0,-158599.0,83125.0,83125.0,14236758.4,10002892.8,1900621.7,1307253.0,4333101.8,3105411.4,2947450.8,2193368.4,1562297.0,1048082.8,3142299.7,2127283.8,6440737.9,4542145.6,558938.0,538762.7,616315.1,415620.6,406013.7,299648.2,267094.0,187691.1,1181502.7,787733.6,268574.7,185405.6,14838756.0,10425851.9,14838756.0,3116594.6,14838756.0,14838756.0,142.326556547,110.915652893,5.17429154,5.17429154,116.068266655,10425851.9,10425851.9,13378414.7,3073147.1,601997.6,422959.1,73763.9,73763.9,97744.4,97744.4,9793746.3,9793746.3,148.3158761,6603302.7,6603302.7,516938.4,516938.4,320866.0,320866.0,8274214.4,8274214.4,5651456.3,5651456.3,8455107.7,1775832.3,8455107.7,8455107.7,146.423341809,110.12752764,5.136891247,5.136891247,115.942305074,5774426.1,5774426.1,7677560.6,1763607.5,180893.3,180893.3,122969.8,122969.8,821700.2,821700.2,508010.6,508010.6,1338638.6,281155.2,1338638.6,1338638.6,161.500347244,111.43675942,4.820725302,4.820725302,106.896923008,828876.6,828876.6,1201254.0,275939.3,8972046.1,8972046.1,6095292.1,6095292.1,5129844.9,5129844.9,140.86479424,3641679.9,3641679.9,4791211.3,1006301.5,4791211.3,4791211.3,139.105102304,107.081756285,6.675845942,6.675845942,118.306049543,3444310.3,3444310.3,4474348.8,1027799.8,4791211.3,3444310.3,3566926.7,2550271.6,843321.2,631252.5,256440.5,201829.7,86978.2,59995.5,499902.5,369427.4,264525.3,180624.1,116438.0,82162.0,338633.6,338633.6,197369.6,197369.6,338633.6,338633.6,197369.6,197369.6,3116546.3,654570.5,3116546.3,3116546.3,136.308312943,112.023916692,6.514147378,6.514147378,114.064981369,2286394.9,2286394.9,2782036.5,639059.8,2708682.5,2708682.5,2038478.4,2038478.4,407863.8,407863.8,247916.5,247916.5,3275145.3,687881.1,3275145.3,3275145.3,148.649297964,115.631951558,12.136016143,12.136016143,118.268499304,2203269.9,2203269.9,2832387.8,650626.0,2753480.5,2753480.5,1915577.8,1915577.8,521664.8,521664.8,287692.1,287692.1,4761.20835,0.0,0.0,412397.4,73763.9,73763.9,97744.4,97744.4,75602.5
2019,-70411.3,-70411.3,229244.1,229244.1,15181161.8,10498610.4,2012742.8,1354399.1,4465358.7,3203315.6,3119593.8,2276667.8,1701741.2,1108425.0,3381982.0,2236616.2,7001319.1,4832470.7,626532.6,589536.1,671433.8,443093.1,439455.9,316901.1,304285.5,206936.2,1268627.3,834376.6,309002.0,205011.4,15832657.2,10949155.4,15832657.2,3331570.5,15832657.2,15832657.2,144.601630186,112.688626849,5.01928768,5.01928768,121.894066865,10949155.4,10949155.4,14049915.8,3227397.2,651495.4,450545.0,-11772.6,-11772.6,63903.5,63903.5,10566546.9,10566546.9,152.510859512,6928389.9,6928389.9,526522.7,526522.7,324467.8,324467.8,8965837.4,8965837.4,5936399.5,5936399.5,9171931.9,1929994.3,9171931.9,9171931.9,151.042277829,113.601509301,5.160699215,5.160699215,121.925738703,6072426.9,6072426.9,8073776.4,1854622.0,206094.5,206094.5,136027.4,136027.4,868092.3,868092.3,531495.2,531495.2,1394615.1,293460.4,1394615.1,1394615.1,162.929364401,112.422794705,3.267844747,3.267844747,110.390148491,855963.0,855963.0,1240509.2,284956.6,9698454.6,9698454.6,6396894.6,6396894.6,5348294.1,5348294.1,143.477528919,3727618.0,3727618.0,5121371.3,1077659.3,5121371.3,5121371.3,142.352681281,109.581711031,4.452382704,4.452382704,123.57348763,3597664.1,3597664.1,4673564.0,1073561.4,5121371.3,3597664.1,3841446.6,2687303.1,882063.3,638635.6,253821.4,193520.2,84941.3,58113.5,543300.6,387001.9,278745.2,189751.1,119116.2,81974.4,226922.8,226922.8,129953.8,129953.8,226922.8,226922.8,129953.8,129953.8,2943532.9,619389.9,2943532.9,2943532.9,129.358297215,106.312100838,-0.477023227,-0.477023227,113.520864914,2275488.3,2275488.3,2768765.6,636011.4,2525396.0,2525396.0,2026847.8,2026847.8,418136.9,418136.9,248640.4,248640.4,3013944.2,634206.1,3013944.2,3013944.2,147.291518848,114.575756533,-7.126940514,-7.126940514,109.839573712,2046244.2,2046244.2,2630525.2,604256.3,2479523.5,2479523.5,1756455.9,1756455.9,534420.7,534420.7,289788.3,289788.3,4752.3104,0.0,0.0,215150.2,-11772.6,-11772.6,63903.5,63903.5,-76174.1
2020,261017.6,261017.6,397938.1,397938.1,14879709.1,10331632.3,2115494.5,1378398.9,4252630.6,3118671.2,3068041.7,2209920.3,1652659.6,1072334.8,3077596.1,2078192.5,6858924.4,4762227.4,695963.3,652062.9,696072.9,457486.5,453780.9,324259.4,294255.5,195671.1,1338667.6,857946.1,302588.1,196608.9,15443353.2,10722999.3,15443353.2,3303238.8,15443353.2,15443353.2,144.020835663,112.236011362,-2.065511829,-2.065511829,119.376330494,10722999.3,10722999.3,13759713.1,3160734.9,563644.1,391367.0,-405112.5,-405112.5,69870.0,69870.0,10592540.8,10592540.8,156.124502043,6784675.5,6784675.5,593948.3,593948.3,347099.7,347099.7,8899917.6,8899917.6,5780223.4,5780223.4,9101369.1,1946727.2,9101369.1,9101369.1,153.985671,115.815286208,-2.66609987,-2.66609987,118.675076742,5910529.9,5910529.9,7858521.5,1805176.0,201451.6,201451.6,130306.5,130306.5,897223.3,897223.3,527045.9,527045.9,1491171.7,318952.5,1491171.7,1491171.7,170.58619505,117.706079909,2.12422409,2.12422409,112.735082619,874145.6,874145.6,1266860.4,291009.7,9695317.5,9695317.5,6257629.6,6257629.6,4994907.4,4994907.4,143.924066028,3470515.7,3470515.7,4897049.7,1047449.0,4897049.7,4897049.7,143.222860054,110.251566196,-4.961066742,-4.961066742,117.442924434,3419181.6,3419181.6,4441705.3,1020301.3,4897049.7,3419181.6,3719738.8,2585623.0,776681.8,562545.1,223484.7,168223.7,75729.0,51979.3,477468.1,342342.2,282565.1,195075.9,118064.0,75937.6,97857.7,97857.7,51334.1,51334.1,97857.7,97857.7,51334.1,51334.1,2676513.5,572489.9,2676513.5,2676513.5,128.435135268,105.553407441,-8.417815794,-8.417815794,103.964887618,2083941.8,2083941.8,2535696.0,582473.1,2464004.4,2464004.4,1956816.5,1956816.5,212509.1,212509.1,127125.4,127125.4,2415496.0,516659.8,2415496.0,2415496.0,143.267529238,111.445558288,-17.604957018,-17.604957018,90.502363971,1686003.8,1686003.8,2167422.4,497877.2,2056090.6,2056090.6,1498606.2,1498606.2,359405.4,359405.4,187397.6,187397.6,4675.21554,0.0,0.0,-307254.8,-405112.5,-405112.5,69870.0,69870.0,-175647.6
2021,444533.8,444533.8,352794.6,352794.6,16288760.5,10669465.4,2254541.3,1404190.9,4992628.9,3231701.6,3266905.5,2284821.7,1771726.7,1102517.7,3331796.3,2166749.3,7269863.6,4931055.2,748802.9,696506.1,736187.2,464637.7,468221.7,333282.9,301085.2,197106.7,1371581.9,871999.3,312188.4,200773.2,16976690.8,11120077.9,16976690.8,3567505.3,16976690.8,16976690.8,152.667013241,118.974012016,3.703055357,3.703055357,123.796902096,11120077.9,11120077.9,14269242.9,3277778.7,687930.3,450612.5,179728.4,179728.4,215038.5,215038.5,11013431.7,11013431.7,158.687734455,6940316.9,6940316.9,666997.8,666997.8,388394.5,388394.5,9236019.6,9236019.6,5896706.8,5896706.8,9443935.8,1984561.7,9443935.8,9443935.8,156.63874223,117.810706963,2.006399846,2.006399846,121.056173299,6029118.8,6029118.8,8016194.8,1841395.0,207916.2,207916.2,132411.9,132411.9,902498.0,902498.0,522803.6,522803.6,1569495.9,329816.0,1569495.9,1569495.9,172.245288129,118.850869746,4.23871936,4.23871936,117.513606391,911198.1,911198.1,1320559.0,303344.8,10110933.6,10110933.6,6417513.3,6417513.3,5338996.9,5338996.9,147.815711348,3611927.9,3611927.9,5227853.9,1098588.5,5227853.9,5227853.9,147.29590461,113.386956324,3.803167247,3.803167247,121.90947527,3549218.8,3549218.8,4610630.8,1059105.1,5227853.9,3549218.8,3933012.1,2645502.2,877606.3,626957.5,258006.9,187893.9,84537.0,56790.1,535062.5,382273.4,292469.9,197336.3,124765.6,79422.8,111143.0,111143.0,62709.1,62709.1,111143.0,111143.0,62709.1,62709.1,3634390.9,763735.9,3634390.9,3634390.9,147.857735946,121.515719301,17.951097066,17.951097066,122.627725509,2458032.3,2458032.3,2990881.3,687033.4,3440204.3,3440204.3,2347224.8,2347224.8,194186.5,194186.5,110807.5,110807.5,3189857.1,670321.0,3189857.1,3189857.1,151.520046052,117.865061357,24.865535462,24.865535462,113.006261379,2105237.7,2105237.7,2706363.6,621677.0,2781637.5,2781637.5,1897577.9,1897577.9,408219.6,408219.6,207659.8,207659.8,4758.70096,0.0,0.0,290871.4,179728.4,179728.4,215038.5,215038.5,37340.6
2022,703537.3,703537.3,442556.3,442556.3,18730434.3,11197460.5,2428900.5,1435853.3,6202376.4,3387441.6,3591774.7,2396603.0,1912978.7,1124725.2,3972186.2,2364704.3,8186178.7,5249440.4,812807.5,750389.2,809356.7,473615.0,488311.2,339014.9,341427.3,214399.0,1407908.6,887540.2,354181.2,219777.8,19588445.6,11710397.8,19588445.6,3969883.3,19588445.6,19588445.6,167.273955459,130.357260315,5.308595005,5.308595005,130.368778257,11710397.8,11710397.8,15026739.2,3451782.7,858011.3,512937.3,1168252.8,1168252.8,313356.1,313356.1,11890006.7,11890006.7,165.204089693,7197162.4,7197162.4,600008.6,600008.6,349634.1,349634.1,10160355.7,10160355.7,6187190.4,6187190.4,10389313.9,2105545.5,10389313.9,10389313.9,164.204208381,123.500824894,4.941857397,4.941857397,127.038596753,6327069.2,6327069.2,8412343.8,1932394.1,228958.3,228958.3,139878.8,139878.8,900684.1,900684.1,520459.1,520459.1,1500692.7,304137.2,1500692.7,1500692.7,172.474941195,119.009332523,-4.511087741,-4.511087741,112.212464499,870093.2,870093.2,1260987.4,289660.6,10989322.5,10989322.5,6676703.4,6676703.4,5826648.9,5826648.9,155.074474784,3757323.0,3757323.0,5697279.2,1154636.5,5697279.2,5697279.2,154.541304786,118.964394987,3.870005079,3.870005079,126.627378155,3686573.7,3686573.7,4789062.5,1100092.5,5697279.2,3686573.7,4209054.5,2669608.6,1043848.5,731881.1,297345.0,207182.9,85676.4,56630.2,660827.1,468068.0,307720.4,201522.6,136655.7,83561.4,129369.7,129369.7,70749.2,70749.2,129369.7,129369.7,70749.2,70749.2,4797690.1,972321.7,4797690.1,4797690.1,167.850211339,137.946378221,16.284738585,16.284738585,142.597330041,2858316.4,2858316.4,3477938.4,798915.0,4460070.4,4460070.4,2685386.5,2685386.5,337619.7,337619.7,172929.9,172929.9,4094152.8,829739.6,4094152.8,4094152.8,169.476798014,131.83333636,14.749993094,14.749993094,129.674677128,2415760.1,2415760.1,3105552.0,713374.4,3460659.7,3460659.7,2133850.9,2133850.9,633493.1,633493.1,281909.1,281909.1,4934.26231,0.0,0.0,1297622.5,1168252.8,1168252.8,313356.1,313356.1,191959.2
