country,RUS,RUS,RUS,RUS,RUS,RUS,RUS,RUS,RUS,RUS,RUS,RUS,RUS,RUS,RUS,RUS,RUS,RUS,RUS,RUS,RUS,RUS,RUS,RUS,RUS,RUS,RUS,RUS,RUS,RUS,RUS,RUS,RUS,RUS,RUS,RUS,RUS,RUS,RUS,RUS,RUS,RUS,RUS,RUS,RUS,RUS,RUS,RUS,RUS,RUS,RUS,RUS,RUS,RUS,RUS,RUS,RUS,RUS,RUS,RUS,RUS,RUS,RUS,RUS,RUS,RUS,RUS,RUS,RUS,RUS,RUS,RUS,RUS,RUS,RUS,RUS,RUS,RUS,RUS,RUS,RUS,RUS,RUS,RUS,RUS,RUS,RUS,RUS,RUS,RUS,RUS,RUS,RUS,RUS,RUS,RUS,RUS,RUS,RUS,RUS,RUS,RUS,RUS,RUS,RUS,RUS,RUS,RUS,RUS,RUS,RUS,RUS,RUS,RUS,RUS,RUS,RUS,RUS,RUS,RUS,RUS,RUS,RUS,RUS,RUS,RUS,RUS,RUS,RUS,RUS,RUS,RUS,RUS,RUS,RUS,RUS,RUS,RUS,RUS,RUS,RUS,RUS,RUS,RUS,RUS,RUS,RUS,RUS,RUS,RUS,RUS,RUS,RUS,RUS,RUS,RUS,RUS,RUS,RUS,RUS,RUS,RUS,RUS,RUS,RUS,RUS,RUS,RUS,RUS,RUS,RUS,RUS,RUS,RUS,RUS,RUS,RUS,RUS,RUS,RUS,RUS,RUS,RUS,RUS,RUS,RUS,RUS,RUS,RUS,RUS,RUS,RUS,RUS,RUS,RUS,RUS,RUS,RUS,RUS,RUS,RUS,RUS,RUS,RUS,RUS,RUS,RUS,RUS,RUS,RUS,RUS,RUS,RUS,RUS,RUS,RUS,RUS,RUS,RUS,RUS,RUS,RUS,RUS,RUS,RUS,RUS,RUS,RUS,RUS,RUS,RUS,RUS,RUS,RUS,RUS,RUS,RUS,RUS,RUS,RUS,RUS,RUS,RUS,RUS,RUS,RUS,RUS,RUS,RUS,RUS,RUS,RUS,RUS,RUS,RUS,RUS,RUS,RUS,RUS,RUS,RUS,RUS
subject,B11,B11,B11,B11,B1G,B1G,B1G,B1GVA,B1GVA,B1GVA,B1GVB_E,B1GVB_E,B1GVB_E,B1GVC,B1GVC,B1GVC,B1GVF,B1GVF,B1GVF,B1GVG_I,B1GVG_I,B1GVG_I,B1GVJ,B1GVJ,B1GVJ,B1GVK,B1GVK,B1GVK,B1GVL,B1GVL,B1GVL,B1GVM_N,B1GVM_N,B1GVM_N,B1GVO_Q,B1GVO_Q,B1GVO_Q,B1GVR_U,B1GVR_U,B1GVR_U,B1_GA,B1_GA,B1_GA,B1_GE,B1_GE,B1_GE,B1_GE,B1_GE,B1_GE,B1_GE,B1_GE,B1_GE,B1_GE,B1_GE,B1_GE,B1_GE,B1_GE,B1_GI,B2G_B3G,D1,D11,D11VA,D11VB_E,D11VC,D11VF,D11VG_I,D11VJ,D11VK,D11VL,D11VM_N,D11VO_Q,D11VR_U,D12,D12VA,D12VB_E,D12VC,D12VF,D12VG_I,D12VJ,D12VK,D12VL,D12VM_N,D12VO_Q,D12VR_U,D1S1,D1VA,D1VB_E,D1VC,D1VF,D1VG_I,D1VJ,D1VK,D1VL,D1VM_N,D1VO_Q,D1VR_U,D21S1,D21S1,D21S1,D21_D31,D21_D31,D21_D31,D2S1,D2_D3,D31S1,D31S1,D31S1,D3S1,DB1_GE,DB1_GE,DB1_GE,DB1_GE,EEM,EEMA_B,EEMC_E,EEMD,EEMF,EEMG_I,EEMJ_K,EEML_P,EEMNC,ESE,ESEA_B,ESEC_E,ESED,ESEF,ESEG_I,ESEJ_K,ESEL_P,ESENC,ETO,ETOA_B,ETOC_E,ETOD,ETOF,ETOG_I,ETOJ_K,ETOL_P,ETONC,P3,P3,P3,P3,P31S13,P31S13,P31S13,P31S13,P31S14,P31S14,P31S14,P31S14,P31S14_S15,P31S14_S15,P31S14_S15,P31S14_S15,P31S14_S15,P31S14_S15,P31S14_S15,P31S14_S15,P31S14_S15,P31S14_S15,P31S14_S15,P31S14_S15,P31S15,P31S15,P31S15,P31S15,P32S13,P32S13,P32S13,P32S13,P3S13,P3S13,P3S13,P3S13,P3S13,P3S13,P3S13,P3S13,P3S13,P3S13,P3S13,P3S13,P3_P5,P3_P5,P3_P5,P41,P41,P41,P5,P5,P5,P5,P51,P51,P51,P51,P51,P51,P51,P51,P51,P51,P51,P51,P52,P52,P52_P53,P52_P53,P6,P6,P6,P6,P6,P6,P6,P6,P6,P6,P6,P6,P61,P61,P61,P61,P62,P62,P62,P62,P7,P7,P7,P7,P7,P7,P7,P7,P7,P7,P7,P7,P71,P71,P71,P71,P72,P72,P72,P72,POPNC,POPNC,PPPGDP,RB1_GA,RB1_GA,RB1_GA,RB1_GE,RB1_GE,RB1_GE,RB1_GE,RB1_GE,RB1_GE,RB1_GI
measure,CQR,CQRSA,LNBQR,LNBQRSA,CQR,LNBQR,LNBQRSA,CQR,LNBQR,LNBQRSA,CQR,LNBQR,LNBQRSA,CQR,LNBQR,LNBQRSA,CQR,LNBQR,LNBQRSA,CQR,LNBQR,LNBQRSA,CQR,LNBQR,LNBQRSA,CQR,LNBQR,LNBQRSA,CQR,LNBQR,LNBQRSA,CQR,LNBQR,LNBQRSA,CQR,LNBQR,LNBQRSA,CQR,LNBQR,LNBQRSA,CQR,LNBQR,LNBQRSA,CARSA,CPCARSA,CQR,CQRSA,DOBSA,GPSA,GYSA,HCPCARSA,HVPVOBARSA,LNBQR,LNBQRSA,VIXOBSA,VOBARSA,VPVOBARSA,CQR,CQR,CQR,CQR,CQR,CQR,CQR,CQR,CQR,CQR,CQR,CQR,CQR,CQR,CQR,CQR,CQR,CQR,CQR,CQR,CQR,CQR,CQR,CQR,CQR,CQR,CQR,CQR,CQR,CQR,CQR,CQR,CQR,CQR,CQR,CQR,CQR,CQR,CQR,CQR,LNBQR,LNBQRSA,CQR,LNBQR,LNBQRSA,CQR,CQR,CQR,LNBQR,LNBQRSA,CQR,CQR,CQRSA,LNBQR,LNBQRSA,PER,PER,PER,PER,PER,PER,PER,PER,PER,PER,PER,PER,PER,PER,PER,PER,PER,PER,PER,PER,PER,PER,PER,PER,PER,PER,PER,CQR,CQRSA,LNBQR,LNBQRSA,CQR,CQRSA,LNBQR,LNBQRSA,CQR,CQRSA,LNBQR,LNBQRSA,CARSA,CPCARSA,CQR,CQRSA,DOBSA,GPSA,GYSA,LNBQR,LNBQRSA,VIXOBSA,VOBARSA,VPVOBARSA,CQR,CQRSA,LNBQR,LNBQRSA,CQR,CQRSA,LNBQR,LNBQRSA,CARSA,CPCARSA,CQR,CQRSA,DOBSA,GPSA,GYSA,LNBQR,LNBQRSA,VIXOBSA,VOBARSA,VPVOBARSA,CQR,LNBQR,LNBQRSA,CQR,CQRSA,LNBQR,CQR,CQRSA,LNBQR,LNBQRSA,CARSA,CPCARSA,CQR,CQRSA,DOBSA,GPSA,GYSA,LNBQR,LNBQRSA,VIXOBSA,VOBARSA,VPVOBARSA,CQR,CQRSA,CQR,CQRSA,CARSA,CPCARSA,CQR,CQRSA,DOBSA,GPSA,GYSA,LNBQR,LNBQRSA,VIXOBSA,VOBARSA,VPVOBARSA,CQR,CQRSA,LNBQR,LNBQRSA,CQR,CQRSA,LNBQR,LNBQRSA,CARSA,CPCARSA,CQR,CQRSA,DOBSA,GPSA,GYSA,LNBQR,LNBQRSA,VIXOBSA,VOBARSA,VPVOBARSA,CQR,CQRSA,LNBQR,LNBQRSA,CQR,CQRSA,LNBQR,LNBQRSA,PER,PERSA,CD,CQR,LNBQR,LNBQRSA,CARSA,CQR,CQRSA,LNBQR,LNBQRSA,VOBARSA,CQR
unit,Russian Ruble,Russian Ruble,Russian Ruble,Russian Ruble,Russian Ruble,Russian Ruble,Russian Ruble,Russian Ruble,Russian Ruble,Russian Ruble,Russian Ruble,Russian Ruble,Russian Ruble,Russian Ruble,Russian Ruble,Russian Ruble,Russian Ruble,Russian Ruble,Russian Ruble,Russian Ruble,Russian Ruble,Russian Ruble,Russian Ruble,Russian Ruble,Russian Ruble,Russian Ruble,Russian Ruble,Russian Ruble,Russian Ruble,Russian Ruble,Russian Ruble,Russian Ruble,Russian Ruble,Russian Ruble,Russian Ruble,Russian Ruble,Russian Ruble,Russian Ruble,Russian Ruble,Russian Ruble,Russian Ruble,Russian Ruble,Russian Ruble,Russian Ruble,US Dollar,Russian Ruble,Russian Ruble,Index,Percentage,Percentage,US Dollar,US Dollar,Russian Ruble,Russian Ruble,Index,Russian Ruble,US Dollar,Russian Ruble,Russian Ruble,Russian Ruble,Russian Ruble,Russian Ruble,Russian Ruble,Russian Ruble,Russian Ruble,Russian Ruble,Russian Ruble,Russian Ruble,Russian Ruble,Russian Ruble,Russian Ruble,Russian Ruble,Russian Ruble,Russian Ruble,Russian Ruble,Russian Ruble,Russian Ruble,Russian Ruble,Russian Ruble,Russian Ruble,Russian Ruble,Russian Ruble,Russian Ruble,Russian Ruble,Russian Ruble,Russian Ruble,Russian Ruble,Russian Ruble,Russian Ruble,Russian Ruble,Russian Ruble,Russian Ruble,Russian Ruble,Russian Ruble,Russian Ruble,Russian Ruble,Russian Ruble,Russian Ruble,Russian Ruble,Russian Ruble,Russian Ruble,Russian Ruble,Russian Ruble,Russian Ruble,Russian Ruble,Russian Ruble,Russian Ruble,Russian Ruble,Russian Ruble,Russian Ruble,Russian Ruble,Russian Ruble,Persons,Persons,Persons,Persons,Persons,Persons,Persons,Persons,Persons,Persons,Persons,Persons,Persons,Persons,Persons,Persons,Persons,Persons,Persons,Persons,Persons,Persons,Persons,Persons,Persons,Persons,Persons,Russian Ruble,Russian Ruble,Russian Ruble,Russian Ruble,Russian Ruble,Russian Ruble,Russian Ruble,Russian Ruble,Russian Ruble,Russian Ruble,Russian Ruble,Russian Ruble,Russian Ruble,US Dollar,Russian Ruble,Russian Ruble,Index,Percentage,Percentage,Russian Ruble,Russian Ruble,Index,Russian Ruble,US Dollar,Russian Ruble,Russian Ruble,Russian Ruble,Russian Ruble,Russian Ruble,Russian Ruble,Russian Ruble,Russian Ruble,Russian Ruble,US Dollar,Russian Ruble,Russian Ruble,Index,Percentage,Percentage,Russian Ruble,Russian Ruble,Index,Russian Ruble,US Dollar,Russian Ruble,Russian Ruble,Russian Ruble,Russian Ruble,Russian Ruble,Russian Ruble,Russian Ruble,Russian Ruble,Russian Ruble,Russian Ruble,Russian Ruble,US Dollar,Russian Ruble,Russian Ruble,Index,Percentage,Percentage,Russian Ruble,Russian Ruble,Index,Russian Ruble,US Dollar,Russian Ruble,Russian Ruble,Russian Ruble,Russian Ruble,Russian Ruble,US Dollar,Russian Ruble,Russian Ruble,Index,Percentage,Percentage,Russian Ruble,Russian Ruble,Index,Russian Ruble,US Dollar,Russian Ruble,Russian Ruble,Russian Ruble,Russian Ruble,Russian Ruble,Russian Ruble,Russian Ruble,Russian Ruble,Russian Ruble,US Dollar,Russian Ruble,Russian Ruble,Index,Percentage,Percentage,Russian Ruble,Russian Ruble,Index,Russian Ruble,US Dollar,Russian Ruble,Russian Ruble,Russian Ruble,Russian Ruble,Russian Ruble,Russian Ruble,Russian Ruble,Russian Ruble,Persons,Persons,Russian Ruble,Russian Ruble,Russian Ruble,Russian Ruble,Russian Ruble,Russian Ruble,Russian Ruble,Russian Ruble,Russian Ruble,Russian Ruble,Russian Ruble
powercode,Millions,Millions,Millions,Millions,Millions,Millions,Millions,Millions,Millions,Millions,Millions,Millions,Millions,Millions,Millions,Millions,Millions,Millions,Millions,Millions,Millions,Millions,Millions,Millions,Millions,Millions,Millions,Millions,Millions,Millions,Millions,Millions,Millions,Millions,Millions,Millions,Millions,Millions,Millions,Millions,Millions,Millions,Millions,Millions,Millions,Millions,Millions,Units,Units,Units,Units,Units,Millions,Millions,Units,Millions,Millions,Millions,Millions,Millions,Millions,Millions,Millions,Millions,Millions,Millions,Millions,Millions,Millions,Millions,Millions,Millions,Millions,Millions,Millions,Millions,Millions,Millions,Millions,Millions,Millions,Millions,Millions,Millions,Millions,Millions,Millions,Millions,Millions,Millions,Millions,Millions,Millions,Millions,Millions,Millions,Millions,Millions,Millions,Millions,Millions,Millions,Millions,Millions,Millions,Millions,Millions,Millions,Millions,Millions,Millions,Millions,Thousands,Thousands,Thousands,Thousands,Thousands,Thousands,Thousands,Thousands,Thousands,Thousands,Thousands,Thousands,Thousands,Thousands,Thousands,Thousands,Thousands,Thousands,Thousands,Thousands,Thousands,Thousands,Thousands,Thousands,Thousands,Thousands,Thousands,Millions,Millions,Millions,Millions,Millions,Millions,Millions,Millions,Millions,Millions,Millions,Millions,Millions,Millions,Millions,Millions,Units,Units,Units,Millions,Millions,Units,Millions,Millions,Millions,Millions,Millions,Millions,Millions,Millions,Millions,Millions,Millions,Millions,Millions,Millions,Units,Units,Units,Millions,Millions,Units,Millions,Millions,Millions,Millions,Millions,Millions,Millions,Millions,Millions,Millions,Millions,Millions,Millions,Millions,Millions,Millions,Units,Units,Units,Millions,Millions,Units,Millions,Millions,Millions,Millions,Millions,Millions,Millions,Millions,Millions,Millions,Units,Units,Units,Millions,Millions,Units,Millions,Millions,Millions,Millions,Millions,Millions,Millions,Millions,Millions,Millions,Millions,Millions,Millions,Millions,Units,Units,Units,Millions,Millions,Units,Millions,Millions,Millions,Millions,Millions,Millions,Millions,Millions,Millions,Millions,Thousands,Thousands,Units,Millions,Millions,Millions,Millions,Millions,Millions,Millions,Millions,Millions,Millions
reference_period,,,2016,2016,,2016,2016,,2016,2016,,2016,2016,,2016,2016,,2016,2016,,2016,2016,,2016,2016,,2016,2016,,2016,2016,,2016,2016,,2016,2016,,2016,2016,,2016,2016,,,,,2015,,,,2015,2016,2016,2015,2015,2015,,,,,,,,,,,,,,,,,,,,,,,,,,,,,,,,,,,,,,,,,2016,2016,,2016,2016,,,,2016,2016,,,,2016,2016,,,,,,,,,,,,,,,,,,,,,,,,,,,,,,2016,2016,,,2016,2016,,,2016,2016,,,,,2015,,,2016,2016,2015,2015,2015,,,2016,2016,,,2016,2016,,,,,2015,,,2016,2016,2015,2015,2015,,2016,2016,,,2016,,,2016,2016,,,,,2015,,,2016,2016,2015,2015,2015,,,,,,,,,2015,,,2016,2016,2015,2015,2015,,,2016,2016,,,2016,2016,,,,,2015,,,2016,2016,2015,2015,2015,,,2016,2016,,,2016,2016,,,,,2016,2016,,,,2016,2016,2015,
time,,,,,,,,,,,,,,,,,,,,,,,,,,,,,,,,,,,,,,,,,,,,,,,,,,,,,,,,,,,,,,,,,,,,,,,,,,,,,,,,,,,,,,,,,,,,,,,,,,,,,,,,,,,,,,,,,,,,,,,,,,,,,,,,,,,,,,,,,,,,,,,,,,,,,,,,,,,,,,,,,,,,,,,,,,,,,,,,,,,,,,,,,,,,,,,,,,,,,,,,,,,,,,,,,,,,,,,,,,,,,,,,,,,,,,,,,,,,,,,,,,,,,,,,,,,,,,,,,,,,,,
1995,,,,,,,,,,,,,,,,,,,,,,,,,,,,,,,,,,,,,,,,,,,,1530309.6,892220.4,,,,,,,,,,,43962557.7,1865774.5,,,,,,,,,,,,,,,,,,,,,,,,,,,,,,,,,,,,,,,,,,,,,,,,,,,,,,,,,,,,,,,,,,,,,,,,,,,,,,,,,,,,,,,,,,,,,,,821505.6,478964.5,,,,,,,,,17380080.5,737612.0,,,,,,,,,290179.5,169184.1,,,,,,,,,12351369.3,524193.1,,,,,,,,,,,329009.1,191823.0,,,,,,,,,9094683.6,385979.1,,,,,416598.0,242890.2,,,,,,,,,9326956.0,395836.8,,,,,,,,,365231.0,212941.6,,,,,,,,,5550791.8,235576.1,,,,,,,,,,,1.71517,,,,38248.4,,,,,1360260.0,
1996,,,,,,,,,,,,,,,,,,,,,,,,,,,,,,,,,,,,,,,,,,,,2150890.1,875778.5,,,,,,,,,,,42376491.2,1798461.7,,,,,,,,,,,,,,,,,,,,,,,,,,,,,,,,,,,,,,,,,,,,,,,,,,,,,,,,,,,,,,,,,,,,,,,,,,,,,,,,,,,,,,,,,,,,,,,1153153.4,469529.8,,,,,,,,,16559672.1,702793.8,,,,,,,,,416771.4,169696.9,,,,,,,,,12734261.6,540443.1,,,,,,,,,,,453104.5,184490.7,,,,,,,,,7266652.3,308397.3,,,,,521123.3,212185.9,,,,,,,,,9672052.9,410482.7,,,,,,,,,433153.5,176367.2,,,,,,,,,5622952.3,238638.6,,,,,,,,,,,2.45598,,,,39891.0,,,,,1766804.5,
1997,,,,,,,,,,,,,,,,,,,,,,,,,,,,,,,,,,,,,,,,,,,,2509426.9,903184.5,,,,,,,,,,,42961772.1,1823301.1,,,,,,,,,,,,,,,,,,,,,,,,,,,,,,,,,,,,,,,,,,,,,,,,,,,,,,,,,,,,,,,,,,,,,,,,,,,,,,,,,,,,,,,,,,,,,,,1415997.6,509641.1,,,,,,,,,17353944.1,736502.8,,,,,,,,,525593.1,189169.7,,,,,,,,,12428639.1,527472.5,,,,,,,,,,,469046.8,168817.8,,,,,,,,,6569054.2,278791.2,,,,,576697.2,207562.9,,,,,,,,,9623693.0,408430.3,,,,,,,,,521046.6,187533.4,,,,,,,,,5645443.7,239593.1,,,,,,,,,,,2.77842,,,,43138.8,,,,,2631885.4,
1998,,,,,,,,,,,,,,,,,,,,,,,,,,,,,,,,,,,,,,,,,,,,2816993.4,864533.0,,,,,,,,,,,40665523.7,1725848.1,,,,,,,,,,,,,,,,,,,,,,,,,,,,,,,,,,,,,,,,,,,,,,,,,,,,,,,,,,,,,,,,,,,,,,,,,,,,,,,,,,,,,,,,,,,,,,,1668386.3,512026.4,,,,,,,,,16788896.9,712522.1,,,,,,,,,524578.4,160992.7,,,,,,,,,12552925.6,532747.2,,,,,,,,,,,467599.1,143505.8,,,,,,,,,5754491.5,244221.1,,,,,817373.4,250851.2,,,,,,,,,9806542.9,416190.5,,,,,,,,,637479.7,195642.0,,,,,,,,,4663136.3,197903.9,,,,,,,,,,,3.2584,,,,-23464.1,,,,,425803.2,
1999,,,,,,,,,,,,,,,,,,,,,,,,,,,,,,,,,,,,,,,,,,,,5166906.9,932715.1,,,,,,,,,,,43248231.8,1835458.5,,,,,,,,,,,,,,,,,,,,,,,,,,,,,,,,,,,,,,,,,,,,,,,,,,,,,,,,,,,,,,,,,,,,,,,,,,,,,,,,,,,,,,,,,,,,,,,2851140.0,514679.6,,,,,,,,,16310165.3,692204.7,,,,,,,,,748828.4,135176.3,,,,,,,,,12942066.3,549262.3,,,,,,,,,,,783153.7,141372.6,,,,,,,,,6220605.0,264003.0,,,,,2075267.2,374621.3,,,,,,,,,10904875.5,462803.8,,,,,,,,,1246406.2,224997.7,,,,,,,,,3870403.4,164260.2,,,,,,,,,,,5.53964,,,,-45076.2,,,,,740923.1,
2000,,,,,,,,,,,,,,,,,,,,,,,,,,,,,,,,,,,,,,,,,,,,7826200.8,1071876.2,,,,,,,,,,,47592800.9,2019842.3,,,,,,,,,,,,,,,,,,,,,,,,,,,,,,,,,,,,,,,,,,,,,,,,,,,,,,,,,,,,,,,,,,,,,,,,,,,,,,,,,,,,,,,,,,,,,,,3725409.7,510232.0,,,,,,,,,17480539.2,741875.5,,,,,,,,,1174019.4,160793.6,,,,,,,,,13200907.8,560247.6,,,,,,,,,,,1351872.9,185152.5,,,,,,,,,7253225.5,307827.5,,,,,3204478.3,438885.2,,,,,,,,,11940838.5,506770.2,,,,,,,,,1733629.6,237437.8,,,,,,,,,5124414.2,217480.6,,,,,,,,,,,7.3014,,,,104050.1,,,,,2841704.1,
2001,,,,,,,,,,,,,,,,,,,,,,,,,,,,,,,,,,,,,,,,,,,,9580846.0,1151154.2,,,,,,,,,,,50015807.2,2122674.9,,,,,,,,,,,,,,,,,,,,,,,,,,,,,,,,,,,,,,,,,,,,,,,,,,,,,,,,,,,,,,,,,,,,,,,,,,,,,,,,,,,,,,,,,,,,,,,4876422.1,585910.0,,,,,,,,,19110041.4,811031.7,,,,,,,,,1565318.1,188075.5,,,,,,,,,13095300.6,555765.6,,,,,,,,,,,1867484.1,224381.3,,,,,,,,,8043827.0,341380.7,,,,,3284813.1,394675.6,,,,,,,,,12442353.9,528054.5,,,,,,,,,2138572.9,256953.0,,,,,,,,,6082679.8,258149.4,,,,,,,,,,,8.32282,,,,125381.4,,,,,3406964.1,
2002,,,,,,,,,,,,,,,,,,,,,,,,,,,,,,,,,,,,,,,,,,,,11602251.2,1251118.4,,,,,,,,,,,52388448.2,2223370.0,,,,,,,,,,,,,,,,,,,,,,,,,,,,,,,,,,,,,,,,,,,,,,,,,,,,,,,,,,,,,,,,,,,,,,,,,,,,,,,,,,,,,,,,,,,,,,,6107380.5,658583.9,,,,,,,,,20701486.2,878572.8,,,,,,,,,2035328.7,219477.8,,,,,,,,,13435778.5,570215.5,,,,,,,,,,,2150693.8,231918.1,,,,,,,,,8293185.3,351963.5,,,,,3796647.8,409408.1,,,,,,,,,13723916.5,582444.1,,,,,,,,,2612783.5,281747.2,,,,,,,,,6970751.1,295839.2,,,,,,,,,,,9.2735,,,,124984.0,,,,,3204832.8,
2003,1520981.6,1520981.6,5158990.3,,12682708.3,,,,,,,,,,,,,,,,,,,,,,,,,,,,,,,,,,,,14226645.4,57786382.7,57786382.7,14186870.1,1437840.9,14186870.1,14186870.1,25.248826187,,,9934.8,16476.7,57786382.7,57786382.7,67.625492377,56188236.4,2384633.3,14186870.1,,,,,,,,,,,,,,,,,,,,,,,,,,,,,,,,,,,,,,,1764636.0,,,1578865.9,,,,,186587.9,,,,,,,,61434.7,4858.2,15679.2,12382.8,3901.6,8064.7,4527.7,24403.4,61434.7,4904.7,2307.0,294.3,284.7,179.5,1573.8,104.4,445.7,4904.7,66339.4,7165.2,15973.5,12667.5,4081.1,9638.5,4632.1,24849.1,66339.4,9868373.8,9868373.8,36886300.9,36886300.9,1026883.9,1026883.9,6457236.9,6457236.9,7227402.9,7227402.9,23210447.0,23210447.0,7390622.0,749040.4,7390622.0,7390622.0,33.232761693,,,23766039.7,23766039.7,50.808382171,22238964.3,943823.5,149439.7,149439.7,576677.0,576677.0,1463590.0,1463590.0,8007434.6,8007434.6,2481764.2,251527.1,2481764.2,2481764.2,18.063074911,,,14505577.4,14505577.4,93.08017484,13739433.7,583102.7,,,,8404210.0,8404210.0,,2873590.2,2873590.2,13448297.3,13448297.3,2696547.1,273295.4,2696547.1,2696547.1,28.556499746,,,10201269.9,10201269.9,55.138750889,9442848.6,400755.3,280642.8,280642.8,240515.4,240515.4,4635069.0,469764.8,4635069.0,4635069.0,29.983754804,,,13907385.0,13907385.0,64.818938027,15458601.1,656064.3,4106776.6,4106776.6,12677064.5,12677064.5,533527.0,533527.0,1175634.2,1175634.2,3114087.4,315613.1,3114087.4,3114087.4,38.091783873,,,8748394.7,8748394.7,47.634240776,8175220.7,346957.0,2275721.2,2275721.2,6873992.3,6873992.3,843819.0,843819.0,1758553.1,1758553.1,144728.0,144728.0,9.86679,-34928.8,,,96955.2,-143560.2,-143560.2,907478.1,907478.1,3483609.3,
2004,2108000.5,2108000.5,4766383.7,,16218025.6,,,,,,,,,,,,,,,,,,,,,,,,,,,,,,,,,,,,18340060.5,61933104.2,61933104.2,18288784.8,1582507.0,18288784.8,18288784.8,30.369812561,7.175949193,7.175949193,10979.4,17731.8,61933104.2,61933104.2,72.478263351,60220275.7,2555753.4,18288784.8,,,,,,,,,,,,,,,,,,,,,,,,,,,,,,,,,,,,,,,2338228.6,,,2155294.9,,,,,183649.7,,,,,,,,62274.3,4334.8,15584.3,12356.1,3951.4,8485.6,5007.0,24911.2,62274.3,5044.3,2396.4,232.9,224.3,178.4,1594.4,109.0,533.3,5044.3,67318.6,6731.2,15817.2,12580.3,4129.8,10080.0,5116.0,25444.4,67318.6,12503766.0,12503766.0,40338696.3,40338696.3,1274499.2,1274499.2,6526692.4,6526692.4,9329138.6,9329138.6,26103387.2,26103387.2,9484144.8,820651.9,9484144.8,9484144.8,38.104957956,11.918564125,11.918564125,26598610.4,26598610.4,56.864011781,24889529.5,1056313.7,144263.1,144263.1,512685.2,512685.2,1765411.0,1765411.0,8240401.8,8240401.8,3030735.7,262246.0,3030735.7,3030735.7,21.600211965,2.122449612,2.122449612,14813451.0,14813451.0,95.05575465,14031046.3,595478.7,,,,10738195.8,10738195.8,,3712082.7,3712082.7,15091080.6,15091080.6,3454881.3,298946.8,3454881.3,3454881.3,32.676993989,11.966475025,11.966475025,11422002.3,11422002.3,61.736915743,10572824.8,448711.5,372479.8,372479.8,328621.5,328621.5,5834201.6,504826.6,5834201.6,5834201.6,33.755023679,11.807985945,11.807985945,15549567.1,15549567.1,72.472749118,17283950.5,733532.3,5207090.5,5207090.5,14003944.4,14003944.4,630377.9,630377.9,1446474.4,1446474.4,3726201.0,322423.8,3726201.0,3726201.0,36.978405358,23.258994256,23.258994256,10783183.3,10783183.3,58.713486102,10076694.8,427655.7,2742574.9,2742574.9,8444617.1,8444617.1,989394.3,989394.3,2187782.8,2187782.8,144134.0,144134.0,11.55684,-33260.1,,,211022.5,-117599.0,-117599.0,663578.4,663578.4,3519619.4,
2005,2983683.5,2983683.5,3977208.1,,20211635.1,,,,,,,,,,,,,,,,,,,,,,,,,,,,,,,,,,,,23275971.3,65882074.7,65882074.7,23210895.7,1822444.8,23210895.7,23210895.7,36.233037309,6.376187027,6.376187027,12692.0,18933.9,65882074.7,65882074.7,77.099612976,64060033.1,2718713.0,23210895.7,,,,,,,,,,,,,,,,,,,,,,,,,,,,,,,,,,,,,,,3229034.8,,,3073378.4,,,,,156081.8,,,,,,,,63029.3,4256.7,15369.7,12154.0,4366.4,8787.4,4951.6,25297.5,63029.3,5309.7,2673.0,260.7,251.8,202.9,1567.6,97.9,507.6,5309.7,68339.0,6929.7,15630.3,12405.8,4569.3,10355.0,5049.5,25805.1,68339.0,15728663.9,15728663.9,44019969.6,44019969.6,1681552.3,1681552.3,6850988.9,6850988.9,11777232.2,11777232.2,29299452.8,29299452.8,11918334.9,935789.3,11918334.9,11918334.9,42.864814786,11.711515849,11.711515849,29713710.8,29713710.8,63.523649533,27804470.7,1180024.0,134444.8,134444.8,418725.4,418725.4,2148477.4,2148477.4,8134426.2,8134426.2,3823711.0,300225.5,3823711.0,3823711.0,26.864420983,1.441933624,1.441933624,15027051.1,15027051.1,96.426395538,14233364.7,604065.2,,,,13580446.9,13580446.9,,4525413.4,4525413.4,16523728.5,16523728.5,4219063.8,331267.3,4219063.8,4219063.8,36.223708424,10.162084417,10.162084417,12582715.8,12582715.8,68.010673237,11647244.2,494310.0,436300.5,436300.5,396091.4,396091.4,7573252.9,594627.4,7573252.9,7573252.9,41.158379765,6.458704503,6.458704503,16553867.7,16553867.7,77.153549829,18400269.8,780908.9,6813012.5,6813012.5,14681936.3,14681936.3,759759.8,759759.8,1750090.9,1750090.9,4589569.4,360358.2,4589569.4,4589569.4,39.05130264,16.632159528,16.632159528,12576659.6,12576659.6,68.478806775,11752666.7,498784.1,3472810.0,3472810.0,9884896.0,9884896.0,1120193.6,1120193.6,2524985.2,2524985.2,143589.5,143589.5,12.73613,-9042.2,,,266102.6,-129988.8,-129988.8,640376.2,640376.2,3727350.5,
2006,3456729.7,3456729.7,2514076.6,,25079278.0,,,,,,,,,,,,,,,,,,,,,,,,,,,,,,,,,,,,28992633.3,71253724.9,71253724.9,28911574.8,2291243.9,28911574.8,28911574.8,41.729605999,8.153431973,8.153431973,16012.0,20548.3,71253724.9,71253724.9,83.385877472,69283124.3,2940381.4,28911574.8,,,,,,,,,,,,,,,,,,,,,,,,,,,,,,,,,,,,,,,4065938.8,,,3916003.5,,,,,150203.1,,,,,,,,63961.0,4080.3,15506.2,12203.1,4267.4,9186.6,5165.3,25755.3,63961.0,5207.7,2750.6,243.6,237.9,215.2,1389.2,117.1,492.0,5207.7,69168.7,6830.9,15749.8,12441.0,4482.6,10575.8,5282.3,26247.3,69168.7,19401616.0,19401616.0,48217151.6,48217151.6,2178459.3,2178459.3,6938379.5,6938379.5,14344185.3,14344185.3,32860686.4,32860686.4,14499297.5,1149070.1,14499297.5,14499297.5,46.570518405,11.975047686,11.975047686,33271941.9,33271941.9,71.130636857,31134069.3,1321332.4,149121.6,149121.6,411400.0,411400.0,2736888.2,2736888.2,8393063.8,8393063.8,4908649.0,389010.7,4908649.0,4908649.0,33.707878896,2.311151826,2.311151826,15374349.1,15374349.1,98.654955939,14562319.3,618026.0,,,,16664496.2,16664496.2,,5943926.9,5943926.9,19452295.2,19452295.2,5465133.3,433112.1,5465133.3,5465133.3,39.791327941,17.920455827,17.920455827,14837595.8,14837595.8,80.198495893,13734483.4,582892.6,624371.0,624371.0,568314.4,568314.4,9038749.1,716321.4,9038749.1,9038749.1,45.770584313,7.324205929,7.324205929,17766307.0,17766307.0,82.8044347,19747943.4,838104.3,8132703.8,8132703.8,15534595.6,15534595.6,905356.7,905356.7,2137178.4,2137178.4,5582019.4,442375.3,5582019.4,5582019.4,39.163984186,21.27409737,21.27409737,15252230.4,15252230.4,83.047054807,14252940.5,604896.0,4349302.2,4349302.2,12197373.5,12197373.5,1232032.2,1232032.2,2889777.7,2889777.7,143095.8,143095.8,12.61829,-2648.2,,,581765.3,13450.9,13450.9,641062.1,641062.1,4357249.3,
2007,2912179.9,2912179.9,-369051.8,,31090189.6,,,,,,,,,,,,,,,,,,,,,,,,,,,,,,,,,,,,35811039.4,77335287.4,77335287.4,35710917.9,2553606.5,35710917.9,35710917.9,47.490136451,8.535080209,8.535080209,17879.9,22345.3,77335287.4,77335287.4,90.502928997,75196494.5,3191345.3,35710917.9,,,,,,,,,,,,,,,,,,,,,,,,,,,,,,,,,,,,,,,4948152.0,,,4734203.8,,,,,214457.1,,,,,,,,65592.5,3737.7,15455.4,12085.7,4688.8,9594.4,5626.3,26489.8,65592.5,5177.8,2530.2,248.1,235.5,243.0,1464.3,116.1,576.0,5177.8,70770.3,6268.0,15703.5,12321.3,4931.9,11058.6,5742.5,27065.8,70770.3,23932181.3,23932181.3,53600675.1,53600675.1,2740394.9,2740394.9,7080246.0,7080246.0,17723837.7,17723837.7,37563309.0,37563309.0,17909825.7,1280690.9,17909825.7,17909825.7,50.383278459,14.174481533,14.174481533,37988067.1,37988067.1,81.213035842,35547162.2,1508624.5,179303.3,179303.3,422648.6,422648.6,3294697.9,3294697.9,8670241.6,8670241.6,6031408.7,431292.3,6031408.7,6031408.7,40.319794232,2.723522566,2.723522566,15793072.9,15793072.9,101.341845926,14958927.4,634858.1,,,,20637716.0,20637716.0,,8379782.0,8379782.0,23738739.2,23738739.2,7659017.4,547678.9,7659017.4,7659017.4,46.058260723,21.074642181,21.074642181,17964566.1,17964566.1,97.100041937,16628976.6,705735.1,916132.3,916132.3,829995.0,829995.0,9983934.7,713928.5,9983934.7,9983934.7,47.574606408,6.268524697,6.268524697,18879992.4,18879992.4,87.995051139,20985848.1,890641.1,8914176.7,8914176.7,16224992.4,16224992.4,1075049.6,1075049.6,2652105.5,2652105.5,7071754.8,505685.1,7071754.8,7071754.8,39.313970747,26.204782353,26.204782353,19249044.2,19249044.2,104.809354769,17987892.5,763407.6,5561668.7,5561668.7,15267213.8,15267213.8,1507219.2,1507219.2,3756896.3,3756896.3,142819.8,142819.8,13.9845,-13354.0,,,1198486.1,368491.2,368491.2,184460.0,184460.0,5063472.6,
2008,3869870.9,3869870.9,-3100687.4,,38401160.8,,,,,,,,,,,,,,,,,,,,,,,,,,,,,,,,,,,,44459471.7,81393807.4,81393807.4,44335170.6,3091455.6,44335170.6,44335170.6,56.01922922,5.247953532,5.247953532,21657.4,23530.5,81393807.4,81393807.4,95.252480656,79142771.6,3358825.7,44335170.6,,,,,,,,,,,,,,,,,,,,,,,,,,,,,,,,,,,,,,,6286488.1,,,6057253.3,,,,,229633.8,,,,,,,,65814.1,3839.1,14845.2,11411.8,5103.6,9231.6,5666.8,27127.8,65814.1,5189.0,2219.3,318.4,308.9,301.9,1538.7,151.9,658.8,5189.0,71003.1,6058.4,15163.6,11720.7,5405.5,10770.3,5818.7,27786.6,71003.1,30005410.8,30005410.8,58193767.5,58193767.5,3539405.4,3539405.4,7313212.0,7313212.0,22074399.1,22074399.1,41527888.0,41527888.0,22289708.6,1554243.4,22289708.6,22289708.6,56.788948455,10.41691958,10.41691958,41945253.5,41945253.5,89.672932474,39250081.5,1665776.6,209049.8,209049.8,416562.2,416562.2,4181743.4,4181743.4,8966656.7,8966656.7,7718745.6,538221.9,7718745.6,7718745.6,49.923046936,3.358259585,3.358259585,16323445.3,16323445.3,104.745168181,15461287.0,656178.3,,,,25823634.2,25823634.2,,10979024.1,10979024.1,26229536.1,26229536.1,9994302.5,696894.6,9994302.5,9994302.5,54.788884644,9.696938727,9.696938727,19706579.0,19706579.0,106.515773507,18241478.3,774169.8,1152271.4,1152271.4,1112848.3,1112848.3,12865786.9,897120.9,12865786.9,12865786.9,60.946766478,0.591007366,0.591007366,18991574.5,18991574.5,88.515108373,21109876.1,895904.9,11505257.9,11505257.9,15814950.9,15814950.9,1365767.3,1365767.3,3413683.0,3413683.0,8995915.9,627277.9,8995915.9,8995915.9,43.57466846,14.770695412,14.770695412,22092261.9,22092261.9,120.290425325,20644829.3,876168.2,7087082.4,7087082.4,16940798.7,16940798.7,1904716.6,1904716.6,4860271.6,4860271.6,142743.8,142743.8,14.3412,1057.5,,,462543.1,-650305.2,-650305.2,-3740.2,-3740.2,5724878.1,
2009,2939696.6,2939696.6,2720204.2,,36926164.5,,,,,,,,,,,,,,,,,,,,,,,,,,,,,,,,,,,,41799421.9,75028091.3,75028091.3,41682557.9,2973733.1,41682557.9,41682557.9,57.136097397,-7.820885026,-7.820885026,20828.4,21685.7,75028091.3,75028091.3,87.802893659,72953106.4,3096135.8,41682557.9,,,,,,,,,,,,,,,,,,,,,,,,,,,,,,,,,,,,,,,5171399.5,,,4945767.8,,,,,226175.3,,,,,,,,64265.6,3644.9,13838.8,10244.8,4624.3,9094.1,5599.4,27464.1,64265.6,5144.9,2094.1,358.1,344.8,287.5,1488.5,170.0,746.7,5144.9,69410.5,5739.0,14196.9,10589.6,4911.8,10582.5,5769.4,28210.8,69410.5,31885811.0,31885811.0,55905571.0,55905571.0,3879025.5,3879025.5,7250146.9,7250146.9,23200933.2,23200933.2,39405777.7,39405777.7,23415330.6,1670505.5,23415330.6,23415330.6,62.890049217,-5.141162941,-5.141162941,39788779.7,39788779.7,85.062700902,37232170.9,1580136.4,209323.7,209323.7,383218.2,383218.2,4583693.9,4583693.9,8931436.3,8931436.3,8460063.3,603561.1,8460063.3,8460063.3,55.056922862,-0.616099998,-0.616099998,16222876.6,16222876.6,104.099833202,15366030.0,652135.6,,,,27301189.8,27301189.8,,7660779.9,7660779.9,15473943.9,15473943.9,9189006.2,655565.6,9189006.2,9189006.2,59.034473508,-14.669788831,-14.669788831,16815665.5,16815665.5,90.890134462,15565492.0,660600.7,-1035394.6,-1035394.6,-616931.2,-616931.2,10793563.6,770038.6,10793563.6,10793563.6,53.672465937,-4.736261513,-4.736261513,18092083.9,18092083.9,84.322801362,20110057.1,853472.5,9409128.3,9409128.3,15292026.7,15292026.7,1410157.8,1410157.8,2804770.9,2804770.9,7853867.0,560313.6,7853867.0,7853867.0,54.67457928,-30.419620308,-30.419620308,15371879.7,15371879.7,83.698534674,14364750.6,609641.2,5891299.9,5891299.9,11222846.7,11222846.7,1970439.0,1970439.0,4007870.3,4007870.3,142773.0,142773.0,14.01691,-72510.4,,,-2321538.7,-1704607.5,-1704607.5,822286.9,822286.9,-955892.9,
2010,3802861.5,3802861.5,27257.2,,43702886.1,,,,,,,,,,,,,,,,,,,,,,,,,,,,,,,,,,,,49879128.8,78407150.7,78407150.7,49739675.4,3143873.9,49739675.4,49739675.4,65.242017691,4.503725625,4.503725625,22009.0,22651.0,78407150.7,78407150.7,91.75729508,76238714.2,3235577.2,49739675.4,,,,,,,,,,,,,,,,,,,,,,,,,,,,,,,,,,,,,,,6424388.0,,,6230510.7,,,,,194050.4,,,,,,,,65157.8,3521.9,13992.9,10302.9,4805.0,9481.8,5665.1,27691.1,65157.8,4775.9,1896.1,355.8,343.5,248.4,1412.5,179.0,684.1,4775.9,69933.7,5418.0,14348.7,10646.5,5053.4,10894.3,5844.1,28375.2,69933.7,35420908.9,35420908.9,57889940.5,57889940.5,4164807.9,4164807.9,7077400.4,7077400.4,26110386.4,26110386.4,41583754.3,41583754.3,26331259.2,1664308.4,26331259.2,26331259.2,67.056672387,5.465707498,5.465707498,41963518.0,41963518.0,89.711979323,39267172.4,1666502.0,217744.8,217744.8,381429.8,381429.8,4932581.2,4932581.2,8871132.0,8871132.0,9094179.1,574811.8,9094179.1,9094179.1,60.077100956,-1.487155609,-1.487155609,15981617.2,15981617.2,102.551706693,15137513.2,642437.3,,,,30488313.4,30488313.4,,10923236.7,10923236.7,19890416.3,19890416.3,10781679.8,681472.9,10781679.8,10781679.8,65.096861932,6.405364313,6.405364313,17892770.1,17892770.1,96.711978699,16562518.4,702914.6,398442.3,398442.3,579992.2,579992.2,13468836.4,851318.8,13468836.4,13468836.4,62.566175331,7.047656994,7.047656994,19367151.9,19367151.9,90.26558317,21527345.0,913622.3,12009447.7,12009447.7,16358984.9,16358984.9,1467951.8,1467951.8,3016780.4,3016780.4,9665974.9,610953.0,9665974.9,9665974.9,53.483576826,25.813466307,25.813466307,19339894.7,19339894.7,105.304027721,18072790.7,767010.7,7392018.7,7392018.7,14305142.5,14305142.5,2278167.0,2278167.0,4836940.0,4836940.0,142845.0,142845.0,15.82114,-54268.1,,,-270304.1,-850296.3,-850296.3,544341.9,544341.9,1816955.8,
2011,4854435.3,4854435.3,-3835571.6,-3835571.6,51915591.2,72817608.7,72817608.7,1894027.3,2981124.2,2981124.2,13724594.0,18851240.2,18851240.2,6895637.1,9305558.5,9305558.5,3957090.8,4917347.5,4917347.5,12575350.9,18143571.5,18143571.5,1343877.3,1838492.8,1838492.8,1941079.9,2578541.6,2578541.6,5779185.9,7084679.0,7084679.0,2971886.4,4414353.3,4414353.3,6784324.9,10584794.3,10584794.3,944173.8,1453924.8,1453924.8,60282540.5,81750570.0,81750570.0,60114000.8,3259319.2,60114000.8,60114000.8,75.624924146,4.264176565,4.264176565,22810.4,23609.8,81750570.0,81750570.0,95.669988154,79489667.6,3373548.0,60114000.1,24984268.5,26385052.8,15841660.9,371516.3,3368315.7,2113093.1,1136310.0,3582160.0,386671.3,754551.6,312162.2,1112742.9,4154371.8,662859.2,4415391.9,85258.3,1046622.5,674412.8,311963.5,1015619.7,93141.6,155817.5,86617.9,284048.7,1246390.9,89911.3,26385052.8,456774.6,4414938.2,2787505.9,1448273.5,4597779.7,479812.9,910369.1,398780.1,1396791.6,5400762.7,752770.5,8413321.9,9060745.4,9060745.4,8198409.6,8790744.2,8790744.2,9104661.7,8744678.8,214912.3,268478.3,268478.3,359982.8,-208364.9,-208364.9,110826.8,110826.8,65827.2,3380.7,14018.5,10291.7,4796.1,9845.2,5988.4,27798.3,65827.2,5029.4,2065.5,327.2,315.3,310.3,1400.6,193.3,732.5,5029.4,70856.6,5446.2,14345.6,10607.0,5106.4,11245.8,6181.7,28530.8,70856.6,40883862.9,40883862.9,60951994.6,60951994.6,4904682.5,4904682.5,7135491.9,7135491.9,30062605.9,30062605.9,44417243.6,44417243.6,30288442.1,1642208.1,30288442.1,30288442.1,72.288403886,6.703501352,6.703501352,44776543.0,44776543.0,95.725823069,41899447.9,1778216.0,225836.2,225836.2,362926.8,362926.8,5690738.3,5690738.3,9042018.0,9042018.0,10595420.8,574472.8,10595420.8,10595420.8,69.027230184,1.401230816,1.401230816,16205556.5,16205556.5,103.98869281,15349624.7,651439.3,55467930.4,85013987.5,85013987.5,35193124.6,35193124.6,51895955.4,14584067.5,14584067.5,24061992.9,24061992.9,12817253.5,694938.3,12817253.5,12817253.5,70.849626575,9.227258638,9.227258638,19543782.3,19543782.3,105.635843108,18090784.8,767774.4,1766814.0,1766814.0,1766814.0,1766814.0,16865192.2,914413.3,16865192.2,16865192.2,78.098698349,0.312956169,0.312956169,19427762.6,19427762.6,90.548074881,21594716.1,916481.5,15159983.3,15159983.3,16071120.6,16071120.6,1705208.9,1705208.9,3582647.5,3582647.5,12010756.9,651210.9,12010756.9,12010756.9,55.249366528,20.286767707,20.286767707,23263334.2,23263334.2,126.666811211,21739175.8,922612.4,9320282.7,9320282.7,17129026.5,17129026.5,2690474.2,2690474.2,5907279.2,5907279.2,142887.5,142887.5,18.44373,168539.7,142217.1,142217.1,1558449.1,-208364.9,-208364.9,542049.2,542049.2,4294269.8,0.0
2012,4537900.6,4537900.6,-5823432.7,-5823432.7,58935692.0,75811724.3,75811724.3,1992726.5,2938136.6,2938136.6,15301863.1,19511961.7,19511961.7,7774197.5,9788026.8,9788026.8,4518179.6,5118703.1,5118703.1,13858319.6,18842598.0,18842598.0,1591625.7,1966195.0,1966195.0,2458040.2,3018771.8,3018771.8,6747913.8,7308486.1,7308486.1,3338765.9,4764486.3,4764486.3,8037304.4,10813569.0,10813569.0,1090953.1,1522828.4,1522828.4,68163883.1,85040283.5,85040283.5,68103449.6,3480301.7,68103449.6,68103449.6,82.361551646,4.024086315,4.024086315,24314.4,24517.0,85040283.5,85040283.5,99.519831055,82688400.4,3509302.4,68103448.9,28086300.8,30187193.6,17962623.4,399626.2,3804981.6,2396813.0,1277821.9,3887985.7,440337.6,861500.5,348469.4,1287542.3,4901732.5,752626.0,4893570.2,90699.7,1140316.3,730855.8,346115.4,1057782.2,110708.3,200007.9,96074.1,308914.2,1448013.5,94938.7,30187193.6,490325.9,4945297.9,3127668.8,1623937.3,4945767.9,551045.9,1061508.4,444543.5,1596456.5,6349746.0,847564.7,9411798.2,9374176.6,9374176.6,9167757.6,9095663.2,9095663.2,10203663.7,9829954.5,244040.6,276801.1,276801.1,373709.0,-429785.7,-429785.7,160333.9,160333.9,66597.8,3259.7,14226.2,10408.9,4994.4,10123.6,6005.1,27988.9,66597.8,4947.6,1981.8,320.6,308.9,325.8,1379.7,183.9,755.7,4947.6,71545.4,5241.5,14546.8,10717.8,5320.2,11503.3,6189.1,28744.6,71545.4,47273436.1,47273436.1,64707857.6,64707857.6,5225597.1,5225597.1,6903579.8,6903579.8,34788524.4,34788524.4,47791218.6,47791218.6,35037116.7,1790507.5,35037116.7,35037116.7,77.765403477,7.530986481,7.530986481,48148658.4,48148658.4,102.934921863,45054889.6,1912133.2,248592.3,248592.3,358804.9,358804.9,7010722.3,7010722.3,9673850.7,9673850.7,12236319.4,625314.6,12236319.4,12236319.4,77.964299385,2.248574432,2.248574432,16569950.5,16569950.5,106.326955968,15694772.5,666087.4,63995334.7,90103321.2,90103321.2,40262713.8,40262713.8,55024492.6,16721898.6,16721898.6,25395463.6,25395463.6,14683886.2,750393.0,14683886.2,14683886.2,76.431271273,6.197066061,6.197066061,20754923.4,20754923.4,112.18216609,19211882.7,815353.9,2038012.4,2038012.4,2038012.4,2038012.4,18324772.3,936453.8,18324772.3,18324772.3,83.718788448,1.360362001,1.360362001,19692050.5,19692050.5,91.779856484,21888482.4,928949.0,16384650.9,16384650.9,16185261.5,16185261.5,1940121.4,1940121.4,3838461.1,3838461.1,13786871.7,704552.8,13786871.7,13786871.7,57.821695555,9.681110114,9.681110114,25515483.2,25515483.2,138.929564682,23843769.3,1011931.5,10392736.8,10392736.8,18265209.4,18265209.4,3394134.9,3394134.9,7102913.2,7102913.2,143137.5,143137.5,19.56826,60433.5,132896.0,132896.0,1608226.7,-429785.7,-429785.7,749643.7,749643.7,4682142.5,0.0
2013,3943749.4,3943749.4,-5828143.4,-5828143.4,63721256.0,77130833.9,77130833.9,2184900.3,3053295.3,3053295.3,16105367.3,19682100.8,19682100.8,8070252.4,9925583.5,9925583.5,4470242.4,5053513.3,5053513.3,14978951.6,18865359.3,18865359.3,1661429.4,2032146.2,2032146.2,2865581.5,3210650.2,3210650.2,6988442.8,7584012.2,7584012.2,4018584.8,5232719.8,5232719.8,9221105.1,10883108.4,10883108.4,1226650.8,1538065.9,1538065.9,73133895.1,86533099.4,86533099.4,72985701.1,3741783.4,72985701.1,72985701.1,86.743238775,1.755422064,1.755422064,26089.0,24897.6,86533099.4,86533099.4,101.266824127,84139930.8,3570905.5,72985700.9,29127028.3,33800074.4,19917116.2,427617.5,4207968.7,2676526.3,1299421.0,4123201.6,521672.3,961066.5,423647.0,1458817.3,5655537.4,838167.2,5449958.2,117298.0,1276126.6,816678.9,351290.9,1136938.4,120520.9,212657.9,116937.4,377609.4,1630130.6,110448.2,33800074.4,544915.5,5484095.3,3493205.2,1650711.9,5260140.0,642193.2,1173724.4,540584.4,1836426.7,7285668.0,948615.4,9510857.9,9538668.8,9538668.8,9264445.2,9264359.2,9264359.2,10408206.8,10058598.2,246412.7,271265.1,271265.1,349608.4,-376733.9,-376733.9,73629.4,73629.4,66196.8,2982.7,14063.3,10232.0,5023.7,10071.7,6198.0,27857.5,66196.8,5194.6,2009.2,339.0,330.2,368.4,1422.9,210.0,845.1,5194.6,71391.5,4991.9,14402.3,10562.2,5392.1,11494.6,6407.9,28702.7,71391.5,52433659.7,52433659.7,67157044.6,67157044.6,5726917.4,5726917.4,6777319.8,6777319.8,38544309.6,38544309.6,50246879.7,50246879.7,38803305.5,1989342.6,38803305.5,38803305.5,81.954573484,5.088114148,5.088114148,50598517.1,50598517.1,108.172368186,47347333.8,2009424.7,258995.9,258995.9,351856.9,351856.9,7903436.8,7903436.8,9814787.9,9814787.9,13630354.2,698792.1,13630354.2,13630354.2,86.799874882,0.053668839,0.053668839,16578843.4,16578843.4,106.384020411,15703195.7,666444.9,69418685.6,91243410.0,91243410.0,44530222.9,44530222.9,57330223.1,16985025.9,16985025.9,24086365.4,24086365.4,16013227.0,820955.7,16013227.0,16013227.0,81.784060362,1.915505985,1.915505985,21152485.2,21152485.2,114.331022196,19579887.5,830972.0,971798.9,971798.9,971798.9,971798.9,18863370.2,967075.0,18863370.2,18863370.2,82.419475396,4.561977941,4.561977941,20590397.5,20590397.5,95.966833291,22887030.2,971327.4,16626623.7,16626623.7,16772173.4,16772173.4,2236746.5,2236746.5,4316912.9,4316912.9,14919620.8,764889.4,14919620.8,14919620.8,60.433513374,3.539253766,3.539253766,26418540.9,26418540.9,143.846634531,24687660.8,1047746.3,10817379.5,10817379.5,18069581.1,18069581.1,4102241.3,4102241.3,8356992.4,8356992.4,143423.8,143423.8,19.50559,148194.0,137906.3,137906.3,595065.0,-376733.9,-376733.9,1097516.9,1097516.9,3310144.5,0.0
2014,5074399.1,5074399.1,-3804859.3,-3804859.3,68737894.0,77977816.8,77977816.8,2655886.5,3139819.5,3139819.5,17397574.2,19843476.3,19843476.3,8958509.2,10001213.8,10001213.8,4676711.6,4918485.4,4918485.4,16040654.8,18953825.0,18953825.0,1729555.0,2023472.6,2023472.6,3086550.8,3350016.4,3350016.4,7310110.3,7782921.2,7782921.2,4454046.9,5392988.7,5392988.7,10042903.7,11007625.3,11007625.3,1343900.2,1570414.7,1570414.7,79030040.1,87170214.3,87170214.3,79030040.1,3763536.9,79030040.1,79030040.1,93.240414896,0.736267283,0.736267283,25969.7,24821.9,87170214.3,87170214.3,102.012418622,84759425.6,3597196.9,79030040.4,30592604.2,37438961.3,21538181.7,486627.9,4524574.1,2858214.9,1336149.4,4465398.1,601918.4,1017666.8,481921.3,1606874.4,6103528.9,913522.5,5781779.6,125909.3,1298372.6,827984.7,340467.5,1191737.7,132139.4,228027.3,122069.1,382020.4,1839448.1,121588.2,37438961.3,612537.2,5822946.7,3686199.6,1676616.9,5657135.8,734057.8,1245694.1,603990.4,1988894.8,7942977.0,1035110.7,10550847.9,9378996.7,9378996.7,10292146.0,9101999.8,9101999.8,11492182.1,10998475.0,258701.8,274737.7,274737.7,493706.9,-475745.9,-475745.9,50445.3,50445.3,66378.3,2909.4,13964.0,10091.1,5005.9,10087.5,6390.5,28020.9,66378.3,5160.7,1901.1,302.0,290.6,412.9,1381.8,233.0,929.8,5160.7,71539.0,4810.6,14266.1,10381.7,5418.8,11469.3,6623.5,28950.8,71539.0,56735901.6,56735901.6,67752866.1,67752866.1,6177117.6,6177117.6,6740489.2,6740489.2,42198664.3,42198664.3,51294829.1,51294829.1,42488855.6,2023387.3,42488855.6,42488855.6,87.91838931,2.070391901,2.070391901,51646104.7,51646104.7,110.411960136,48327609.2,2051027.7,290191.3,290191.3,351177.6,351177.6,8069928.4,8069928.4,9433464.8,9433464.8,14247046.0,678467.1,14247046.0,14247046.0,93.035370194,-2.481122417,-2.481122417,16167502.0,16167502.0,103.744502633,15313580.2,649909.6,74431386.9,90301317.5,90301317.5,48665973.2,48665973.2,58324463.2,17695485.3,17695485.3,22548451.4,22548451.4,16926030.2,806044.6,16926030.2,16926030.2,88.333621009,-2.136918644,-2.136918644,20700473.8,20700473.8,111.887861266,19161481.2,813214.8,769455.1,769455.1,769455.1,769455.1,21425934.6,1020337.3,21425934.6,21425934.6,93.140460012,0.510620545,0.510620545,20695536.3,20695536.3,96.456859658,23003896.0,976287.2,18919675.9,18919675.9,16972247.2,16972247.2,2506258.7,2506258.7,4120019.7,4120019.7,16351535.5,778686.3,16351535.5,16351535.5,71.419093014,-7.260602723,-7.260602723,24500395.6,24500395.6,133.402501867,22895187.8,971673.6,11754960.4,11754960.4,16693117.9,16693117.9,4596575.1,4596575.1,7828889.3,7828889.3,144920.5,144920.5,20.99887,0.0,90397.7,90397.7,293709.2,-475745.9,-475745.9,613015.5,613015.5,1848046.8,-0.1
2015,6686408.3,6686408.3,3089974.2,3089974.2,74620507.7,76836521.3,76836521.3,3218061.8,3230256.3,3230256.3,20032851.7,19743446.7,19743446.7,10288728.4,9909657.6,9909657.6,4722258.1,4821044.6,4821044.6,17464671.8,18009384.6,18009384.6,1875634.5,2020814.1,2020814.1,2663184.7,3134076.2,3134076.2,7569272.9,7810039.5,7810039.5,5082744.2,5434876.2,5434876.2,10436990.7,10989280.0,10989280.0,1554837.3,1634658.5,1634658.5,83087360.1,85450590.7,85450590.7,83087360.1,3526234.3,83087360.1,83087360.1,100.0,-1.972719253,-1.972719253,24099.4,24099.4,85450590.7,85450590.7,100.0,83087360.1,3526234.3,83087359.5,34074663.2,39748920.9,22760975.4,538684.7,4822018.1,3053921.2,1443880.7,4789422.1,705884.8,1000270.6,506607.6,1763135.3,6163016.0,1028055.4,6270945.5,152242.2,1428241.8,904281.9,386343.5,1268328.7,153621.9,241414.5,133477.7,444862.3,1928219.4,134193.2,39748920.9,690926.9,6250259.9,3958203.1,1830224.2,6057750.8,859506.7,1241685.1,640085.3,2207997.6,8091235.4,1162248.6,8738499.6,8886422.4,8886422.4,8466852.4,8612962.4,8612962.4,9779980.8,9263775.4,271647.2,273530.8,273530.8,516205.4,-532947.5,-532947.5,212975.3,212975.3,67109.5,2896.8,13889.5,10058.2,5041.2,10130.2,6555.5,28596.3,67109.5,5214.1,1956.0,293.6,285.0,434.1,1383.0,238.3,909.2,5214.1,72323.6,4852.8,14183.1,10343.3,5475.3,11513.1,6793.8,29505.5,72323.6,58531125.9,58531125.9,62354017.4,62354017.4,6407611.4,6407611.4,6657418.4,6657418.4,43456179.5,43456179.5,46434731.5,46434731.5,43770266.5,1857613.7,43770266.5,43770266.5,100.0,-9.430101705,-9.430101705,46775824.5,46775824.5,100.0,43770266.5,1857613.7,314087.0,314087.0,340902.4,340902.4,8353248.0,8353248.0,8921343.4,8921343.4,14760859.4,626452.1,14760859.4,14760859.4,100.0,-3.609350412,-3.609350412,15583960.2,15583960.2,100.0,14760859.4,626452.1,76933899.3,82254617.2,82254617.2,50177877.9,50177877.9,53431286.6,18402773.4,18402773.4,19900599.8,19900599.8,17125612.2,726812.4,17125612.2,17125612.2,100.0,-10.624799805,-10.624799805,18501089.9,18501089.9,100.0,17125612.2,726812.4,1277161.2,1277161.2,1277161.2,1277161.2,23848895.9,1012149.1,23848895.9,23848895.9,100.0,3.673290167,3.673290167,21455743.4,21455743.4,100.0,23848895.9,1012149.1,20705222.1,20705222.1,18045446.8,18045446.8,3143673.8,3143673.8,3447168.1,3447168.1,17162487.6,728377.4,17162487.6,17162487.6,100.0,-25.038887127,-25.038887127,18365769.2,18365769.2,100.0,17162487.6,728377.4,11766357.5,11766357.5,12499492.6,12499492.6,5396130.1,5396130.1,5885238.9,5885238.9,146320.3,146320.3,23.56263,0.0,1107.0,1107.0,744213.7,-532947.5,-532947.5,100232.0,100232.0,744213.7,0.0
2016,4444165.8,4444165.8,4444165.8,4444165.8,77077133.3,77077133.3,77077133.3,3287844.3,3287844.3,3287844.3,20077964.1,20077964.1,20077964.1,10017322.6,10017322.7,10017322.7,4899595.6,4899595.6,4899595.6,17629118.0,17629118.0,17629118.0,1953446.3,1953446.3,1953446.3,3398322.0,3398322.0,3398322.0,7849650.6,7849650.6,7849650.6,5297500.8,5297500.8,5297500.8,11032016.2,11032016.2,11032016.2,1651675.5,1651675.5,1651675.5,85616083.8,85616083.8,85616083.8,85616083.7,3538975.3,85616083.7,85616083.7,102.844271978,0.193671101,0.193671101,24134.6,24094.3,85616083.8,85616083.8,100.193671101,83248276.3,3533063.6,85616084.1,34973589.9,41237451.9,23823817.4,581093.1,5055535.6,3168913.3,1574340.4,5005291.9,729035.7,1068430.7,494774.6,1889033.2,6349980.2,1076301.9,6727634.5,170436.8,1528286.9,961428.0,421533.2,1361658.8,162263.1,280651.8,133598.8,481773.6,2048116.3,139315.0,41237451.9,751529.9,6583822.5,4130341.3,1995873.6,6366950.7,891298.8,1349082.5,628373.4,2370806.8,8398096.5,1215616.9,8817205.9,8817205.9,8817205.9,8538950.5,8538950.5,8538950.5,9928423.6,9405042.3,278255.4,278255.4,278255.4,523381.3,-0.1,-0.1,0.0,0.0,66968.4,2853.5,13961.7,10061.9,4760.2,10176.1,6402.1,28814.7,66968.4,5424.3,2009.7,343.6,328.2,441.0,1363.8,265.6,1000.6,5424.3,72392.6,4863.2,14305.3,10390.1,5201.2,11540.0,6667.7,29815.3,72392.6,61398518.2,61398518.2,61398518.2,61398518.2,6565091.8,6565091.8,6565091.8,6565091.8,45244514.6,45244514.6,45244514.6,45244514.6,45588744.0,1884429.1,45588744.0,45588744.0,106.866665982,-2.537807752,-2.537807752,45588744.0,45588744.0,97.462192248,42659461.3,1810471.0,344229.4,344229.4,344229.4,344229.4,9244682.4,9244682.4,9244682.4,9244682.4,15809774.2,653503.4,15809774.2,15809774.2,105.576239009,1.449015508,1.449015508,15809774.2,15809774.2,101.449015508,14974746.5,635529.5,81171918.0,81171918.0,81171918.0,52153835.8,52153835.8,52153835.8,19773399.8,19773399.8,19773399.8,19773399.8,18733924.0,774374.3,18733924.0,18733924.0,108.031699445,1.258488561,1.258488561,18733924.0,18733924.0,101.258488561,17341136.1,735959.2,1039475.8,1039475.8,1039475.8,1039475.8,22135545.1,914981.7,22135545.1,22135545.1,89.965353071,3.168390334,3.168390334,22135545.1,22135545.1,103.168390334,24604522.0,1044217.9,18764544.2,18764544.2,18764544.2,18764544.2,3371000.9,3371000.9,3371000.9,3371000.9,17691379.3,731280.3,17691379.3,17691379.3,107.01111417,-3.671993765,-3.671993765,17691379.3,17691379.3,96.328006235,16532282.1,701631.4,12725371.2,12725371.2,12725371.2,12725371.2,4966008.1,4966008.1,4966008.1,4966008.1,146634.8,146634.8,24.19234,0.0,0.0,0.0,1039475.7,-0.1,-0.1,0.0,0.0,200692.5,0.0
2017,4872455.0,4872455.0,2490763.6,2490763.6,82897394.4,78499950.7,78499950.7,3263769.4,3336941.1,3336941.1,23173026.5,20599046.4,20599046.4,11308443.9,10456683.1,10456683.1,4998310.9,4829899.0,4829899.0,18258273.1,17771726.8,17771726.8,2143608.0,2023376.8,2023376.8,3619017.7,3418899.5,3418899.5,8265682.7,8101022.2,8101022.2,5700720.1,5449544.3,5449544.3,11693052.8,11277743.7,11277743.7,1781933.3,1691750.9,1691750.9,91843154.3,87179270.2,87179270.2,91843154.3,3807099.4,91843154.3,91843154.3,108.34619663,1.825809276,1.825809276,25932.8,24505.6,87179270.2,87179270.2,102.023016442,84768231.1,3597570.6,91843154.1,37972555.2,43897535.9,25234028.4,604504.1,5435467.3,3390666.3,1610950.1,5603157.0,747515.0,1143074.8,498271.0,1907980.0,6583712.0,1099397.1,7243507.7,178645.3,1666055.9,1043165.9,431068.6,1549970.9,176180.6,285214.0,136939.2,510781.2,2160451.7,148200.3,43897535.9,783149.5,7101523.0,4433832.1,2042018.7,7153127.8,923695.5,1428288.9,635210.0,2418761.3,8744163.7,1247597.3,9264512.5,8962820.5,8962820.5,8945759.8,8680086.7,8680086.7,10495650.2,9973063.0,318752.7,282733.9,282733.9,522587.3,0.1,0.1,161643.2,161643.2,67519.8,2875.7,13895.6,9924.8,4822.8,10250.8,6559.8,29115.0,67519.8,4796.1,1392.4,343.9,327.8,440.5,1274.1,232.4,1112.9,4796.1,72315.9,4268.0,14239.5,10252.6,5263.3,11524.9,6792.3,30227.9,72315.9,65289518.7,65289518.7,63486054.9,63486054.9,6802024.1,6802024.1,6531537.1,6531537.1,48178030.2,48178030.2,46930776.4,46930776.4,48558608.7,2012860.4,48558608.7,48558608.7,109.764681264,3.702266287,3.702266287,47276560.7,47276560.7,101.070502135,44238828.1,1877499.5,380578.5,380578.5,345784.3,345784.3,9928885.9,9928885.9,9677957.1,9677957.1,16730910.0,693532.8,16730910.0,16730910.0,108.972342456,2.528309354,2.528309354,16209494.2,16209494.2,104.013960457,15353354.5,651597.6,86970699.2,84526863.4,84526863.4,55360632.8,55360632.8,53808097.8,21681180.5,21681180.5,21040808.5,21040808.5,20189066.4,836880.9,20189066.4,20189066.4,111.242880567,4.656562074,4.656562074,19606280.8,19606280.8,105.973652936,18148636.8,770229.6,1492114.1,1492114.1,1492114.1,1492114.1,23962659.4,993304.6,23962659.4,23962659.4,92.741228084,5.014009346,5.014009346,23245423.4,23245423.4,108.341263067,25838195.0,1096575.1,20601201.0,20601201.0,19475509.5,19475509.5,3361458.4,3361458.4,3769913.9,3769913.9,19090204.4,791330.7,19090204.4,19090204.4,98.429175051,17.315102729,17.315102729,20754659.8,20754659.8,113.007299471,19394863.8,823119.6,13906225.8,13906225.8,14802788.5,14802788.5,5183978.6,5183978.6,5951871.3,5951871.3,146806.3,146806.3,24.12418,0.0,-767.1,-767.1,1492114.2,0.1,0.1,161643.2,161643.2,584080.3,0.0
2018,10391959.8,10391959.8,3230366.0,3230366.0,92828842.3,80683552.5,80683552.5,3525329.3,3393921.8,3393921.8,28655427.0,21232755.3,21232755.3,13314948.7,10871001.8,10871001.8,5156020.4,4922545.1,4922545.1,19524609.2,18166611.2,18166611.2,2309371.8,2140117.0,2140117.0,4036798.1,3732711.9,3732711.9,8822407.5,8372541.9,8372541.9,5796911.3,5529402.2,5529402.2,12955829.6,11400850.7,11400850.7,2046138.2,1778762.8,1778762.8,103861651.1,89626606.3,89626606.3,103861651.0,4231840.4,103861651.0,103861651.0,119.178627161,2.807245455,2.807245455,28821.9,25189.9,89626606.3,89626606.3,104.887052934,87147883.4,3698563.3,103861651.2,45255691.2,46415809.5,27605093.8,648606.4,5881557.4,3658589.5,1833754.8,5821140.8,883060.4,1216780.8,544515.0,2032249.0,7433719.5,1309709.8,7930715.6,194298.5,1816753.3,1133672.6,491901.1,1626173.3,206187.8,308102.8,150104.0,549636.6,2410070.0,177488.3,46415809.5,842904.8,7698310.5,4792262.0,2325656.0,7447314.1,1089248.4,1524883.5,694619.1,2581885.5,9843789.3,1487198.2,11341881.2,9232872.9,9232872.9,11032808.7,8943531.5,8943531.5,12684481.8,12190150.4,309072.5,289505.5,289505.5,494331.6,-1.0,-1.0,12223.9,12223.9,67577.3,2849.7,13906.9,9825.6,4687.7,10235.9,6695.0,29202.0,67577.3,4954.4,1417.0,408.1,392.3,441.5,1289.2,236.7,1161.8,4954.4,72531.6,4266.8,14315.0,10217.9,5129.2,11525.1,6931.7,30363.9,72531.6,70705213.0,70705213.0,65685697.6,65685697.6,7792609.8,7792609.8,6598312.2,6598312.2,51883723.3,51883723.3,48932115.0,48932115.0,52310888.9,2131405.9,52310888.9,52310888.9,113.461132956,4.217672501,4.217672501,49270531.2,49270531.2,105.33332491,46104677.0,1956686.2,427165.6,427165.6,339893.1,339893.1,10601714.3,10601714.3,9818849.1,9818849.1,18394324.1,749476.3,18394324.1,18394324.1,118.292896146,1.279580334,1.279580334,16416907.7,16416907.7,105.344902639,15549813.0,659935.3,93469692.2,86391661.0,86391661.0,60103498.7,60103498.7,55866295.7,22764479.2,22764479.2,20705963.4,20705963.4,21452076.3,874064.3,21452076.3,21452076.3,117.479120149,0.615441558,0.615441558,19726946.0,19726946.0,106.625858837,18260331.1,774969.9,1312402.9,1312402.9,1312402.9,1312402.9,31982372.8,1303121.0,31982372.8,31982372.8,117.266334882,5.554112213,5.554112213,24536500.3,24536500.3,114.358658391,27273277.4,1157480.1,27914104.9,27914104.9,20313265.0,20313265.0,4068267.9,4068267.9,4268689.2,4268689.2,21590413.0,879700.8,21590413.0,21590413.0,108.438918012,2.65711173,2.65711173,21306134.3,21306134.3,116.010029681,19910207.0,844990.8,15631148.4,15631148.4,15044938.8,15044938.8,5959264.6,5959264.6,6273076.4,6273076.4,146827.3,146827.3,24.5429,0.0,-477.7,-477.7,1312401.9,-1.0,-1.0,2838.0,2838.0,-130008.1,0.0
2019,8333417.6,8333417.6,2679084.9,2679084.9,98026288.0,82307178.9,82307178.9,3818610.6,3511158.2,3511158.2,29906871.5,21721830.8,21721830.8,14191932.6,11172128.4,11172128.4,5348572.0,4834446.1,4834446.1,20347993.8,18273919.7,18273919.7,2552904.0,2275543.8,2275543.8,4250660.1,4180792.1,4180792.1,9605467.0,8594298.3,8594298.3,6207964.7,5637609.9,5637609.9,13890054.0,11450466.5,11450466.5,2097190.2,1803917.2,1803917.2,109241536.4,91448699.6,91448699.6,109241536.4,4398115.3,109241536.4,109241536.4,122.854303484,2.032982588,2.032982588,29971.0,25716.3,91448699.6,91448699.6,107.019388457,88919584.7,3773754.4,109241536.4,48781519.3,48165914.7,29714039.9,705820.5,6341208.5,3984053.7,1922503.3,6376006.2,1069133.0,1353960.1,617424.7,2176575.7,7877434.2,1273973.6,8651875.1,214621.3,1986823.9,1246318.1,511858.3,1818713.6,240549.3,321060.9,172963.6,601825.9,2593614.5,189844.0,48165914.7,920441.9,8328032.5,5230371.7,2434361.6,8194719.6,1309682.2,1675021.0,790388.2,2778401.4,10471048.6,1463817.7,11550374.2,9435716.4,9435716.4,11215248.4,9140886.5,9140886.5,12839510.4,12294102.4,335125.8,294862.6,294862.6,545408.1,83579.7,83579.7,-159897.9,-159897.9,67108.9,2867.5,13884.2,9864.5,4526.1,10018.4,6764.4,29048.2,67109.0,4824.0,1328.6,417.1,393.6,439.5,1179.9,235.2,1224.0,4824.1,71933.1,4196.1,14301.0,10258.1,4965.9,11198.3,6999.4,30272.5,71933.1,75962176.1,75962176.1,67616176.9,67616176.9,8668769.5,8668769.5,6789582.4,6789582.4,55448032.5,55448032.5,50481616.9,50481616.9,55895023.8,2250359.8,55895023.8,55895023.8,117.545139018,3.13913563,3.13913563,50817200.0,50817200.0,108.639880843,47551965.4,2018109.3,446991.3,446991.3,339209.7,339209.7,11398382.8,11398382.8,10013343.1,10013343.1,20067152.3,807912.9,20067152.3,20067152.3,126.063430838,2.369705715,2.369705715,16805940.1,16805940.1,107.841266817,15918297.8,675573.9,100824539.1,88996057.5,88996057.5,64563793.3,64563793.3,57602604.5,24862363.0,24862363.0,21379880.6,21379880.6,23087231.4,929502.7,23087231.4,23087231.4,124.526055174,1.532008553,1.532008553,20029164.5,20029164.5,108.259376114,18540080.9,786842.5,1775131.6,1775131.6,1775131.6,1775131.6,31173621.0,1255064.5,31173621.0,31173621.0,113.488154077,0.716213388,0.716213388,24712234.0,24712234.0,115.177710412,27468612.3,1165770.1,27169065.7,27169065.7,20628917.0,20628917.0,4004555.3,4004555.3,4053903.8,4053903.8,22840203.4,919557.3,22840203.4,22840203.4,110.930834381,3.412232317,3.412232317,22033149.1,22033149.1,119.968561404,20589589.5,873823.9,16462454.2,16462454.2,15591636.0,15591636.0,6377749.2,6377749.2,6450677.3,6450677.3,146745.5,146745.5,24.83826,0.0,634.2,634.2,1858711.3,83579.7,83579.7,-233406.0,-233406.0,30217.8,0.0
2020,5309035.0,5309035.0,4263555.8,4263555.8,96221697.6,80112449.2,80112449.2,3958005.8,3517903.6,3517903.6,26608069.1,20763666.3,20763666.3,14179370.1,11169334.6,11169334.6,5467714.8,4833852.6,4833852.6,19524528.2,17102911.0,17102911.0,2676985.0,2279614.7,2279614.7,4673406.7,4487781.2,4487781.2,10065128.5,8697956.9,8697956.9,6287863.1,5398332.3,5398332.3,15075448.8,11551099.5,11551099.5,1884547.7,1555709.1,1555709.1,106967459.4,88749798.2,88749798.2,106967459.4,4367291.7,106967459.4,106967459.4,123.955104386,-2.951273678,-2.951273678,29790.8,24982.4,88749798.2,88749798.2,103.860953415,86295324.4,3662380.6,106967459.5,44934726.9,50345915.6,31160915.9,738248.6,6582840.2,4095111.2,1907460.5,6510412.1,1213049.5,1518560.0,604255.1,2304717.7,8608524.6,1172847.5,8834999.3,215968.3,1985597.9,1234580.4,488833.1,1777820.6,259475.4,357398.8,162955.2,613648.3,2782605.3,190696.4,50345915.6,954216.9,8568438.1,5329691.6,2396293.7,8288232.8,1472524.9,1875958.9,767210.4,2918366.0,11391130.1,1363543.8,11095566.1,8925144.7,8925144.7,10745761.8,8643601.1,8643601.1,12379292.0,11686817.0,349804.3,281786.6,281786.6,692475.2,936284.9,936284.9,-303888.4,-303888.4,65832.8,2928.3,13659.3,9638.5,4245.8,9807.0,6835.0,28359.5,65832.9,4768.8,1311.0,399.5,380.8,403.8,1099.8,269.5,1285.3,4768.5,70601.5,4236.8,14059.0,10018.8,4649.5,10906.8,7104.5,29645.0,70601.4,75062841.5,75062841.5,64092011.6,64092011.6,9730266.0,9730266.0,7102593.4,7102593.4,52424591.1,52424591.1,46137089.1,46137089.1,52914237.7,2160394.5,52914237.7,52914237.7,121.63726221,-8.517623954,-8.517623954,46488782.0,46488782.0,99.386344328,43501667.8,1846214.3,489646.6,489646.6,347570.6,347570.6,12418337.8,12418337.8,10366603.6,10366603.6,22148603.8,904288.2,22148603.8,22148603.8,133.793649199,3.995424213,3.995424213,17477408.7,17477408.7,112.149982904,16554301.3,702565.9,100722139.5,85050040.9,85050040.9,62644503.7,62644503.7,53711549.4,25659298.0,25659298.0,20958029.3,20958029.3,23272464.4,950173.5,23272464.4,23272464.4,131.217314882,-4.337967767,-4.337967767,19160305.8,19160305.8,103.563119273,17735818.2,752709.6,2386833.6,2386833.6,2386833.6,2386833.6,27301457.2,1114670.1,27301457.2,27301457.2,103.822567103,-4.267952869,-4.267952869,23657527.5,23657527.5,110.261980016,26296264.8,1116015.6,23932254.1,23932254.1,20343483.9,20343483.9,3369203.1,3369203.1,3087591.5,3087591.5,21992422.2,897911.6,21992422.2,21992422.2,121.34871801,-11.978212411,-11.978212411,19393971.7,19393971.7,105.598472293,18123324.7,769155.4,17380633.5,17380633.5,15066828.0,15066828.0,4611788.7,4611788.7,4244001.0,4244001.0,146598.5,146598.5,24.49286,0.0,-6252.1,-6252.1,3323118.5,936284.9,936284.9,-437977.6,-437977.6,330597.0,0.0
2021,,,,,,,,,,,,,,,,,,,,,,,,,,,,,,,,,,,,,,,,,,,,,,,,,,,,,,,,,,,,,,,,,,,,,,,,,,,,,,,,,,,,,,,,,,,,,,,,,,,,,,,,,,,,,,,,,,,,,,,,,,,,,,,,,,,,,,,,,,,,,,,,,,,,,,,,,,,,,,,,,,,,,,,,,,,,,,,,,,,,,,,,,,,,,,,,,,,,,,,,,,,,,,,,,,,,,,,,,,,,,,,,,,,,,,,,,,,,,,,,,,,,,,,,,,145944.3,145944.3,27.24589,,,,,,,,,,
