country,SAU,SAU,SAU,SAU,SAU,SAU,SAU,SAU,SAU,SAU,SAU,SAU,SAU,SAU,SAU,SAU,SAU,SAU,SAU,SAU,SAU,SAU,SAU,SAU,SAU,SAU,SAU,SAU,SAU,SAU,SAU,SAU,SAU,SAU,SAU,SAU,SAU,SAU,SAU,SAU,SAU,SAU,SAU,SAU,SAU,SAU,SAU,SAU,SAU,SAU,SAU,SAU,SAU,SAU,SAU,SAU,SAU,SAU,SAU,SAU,SAU,SAU,SAU,SAU,SAU,SAU,SAU,SAU,SAU,SAU,SAU,SAU,SAU,SAU,SAU,SAU,SAU,SAU,SAU,SAU,SAU,SAU,SAU,SAU,SAU,SAU,SAU,SAU,SAU,SAU,SAU,SAU,SAU,SAU,SAU,SAU,SAU
subject,B11,B11,B1G,B1G,B1G,B1GVA,B1GVA,B1GVA,B1GVB_E,B1GVB_E,B1GVB_E,B1GVC,B1GVC,B1GVC,B1GVF,B1GVF,B1GVF,B1GVG_I,B1GVG_I,B1GVG_I,B1GVG_U,B1GVG_U,B1GVG_U,B1GVJ,B1GVJ,B1GVJ,B1GVK,B1GVK,B1GVK,B1GVL,B1GVL,B1GVL,B1GVO_Q,B1GVO_Q,B1GVO_Q,B1GVR_U,B1GVR_U,B1GVR_U,B1_GA,B1_GA,B1_GA,B1_GE,B1_GE,B1_GE,B1_GE,B1_GE,B1_GE,B1_GE,B1_GE,B1_GE,B1_GE,B1_GE,B1_GE,B1_GE,B1_GE,B1_GS1,B5_GS1,B8GS1,D1_D4FRS2,D1_D4NFRS2,D1_D4TOS2,D21_D31,D21_D31,D21_D31,D5_D7TOS2,P3,P3,P31S14_S15,P31S14_S15,P3S1,P3S13,P3S13,P3_P5,P3_P5,P3_P51,P3_P51,P3_P6,P3_P6,P5,P5,P51,P51,P52_P53,P52_P53,P5S1,P6,P6,P61,P62,P7,P7,P71,P72,POPNC,PPPGDP,RB1_GE,RB1_GE
measure,CQR,VNBQR,CQR,VNBQR,VNBQRSA,CQR,VNBQR,VNBQRSA,CQR,VNBQR,VNBQRSA,CQR,VNBQR,VNBQRSA,CQR,VNBQR,VNBQRSA,CQR,VNBQR,VNBQRSA,CQR,VNBQR,VNBQRSA,CQR,VNBQR,VNBQRSA,CQR,VNBQR,VNBQRSA,CQR,VNBQR,VNBQRSA,CQR,VNBQR,VNBQRSA,CQR,VNBQR,VNBQRSA,CQR,VNBQR,VNBQRSA,CARSA,CPCARSA,CQR,DOBSA,GCUMSA,GPSA,GYSA,HCPCARSA,HVPVOBARSA,VIXOBSA,VNBQR,VNBQRSA,VOBARSA,VPVOBARSA,CQR,CQR,CQR,CQR,CQR,CQR,CQR,VNBQR,VNBQRSA,CQR,CQR,VNBQR,CQR,VNBQR,CQR,CQR,VNBQR,CQR,VNBQR,CQR,VNBQR,CQR,VNBQR,CQR,VNBQR,CQR,VNBQR,CQR,VNBQR,CQR,CQR,VNBQR,CQR,CQR,CQR,VNBQR,CQR,CQR,PER,CD,CQR,VNBQR
unit,Saudi Riyal,Saudi Riyal,Saudi Riyal,Saudi Riyal,Saudi Riyal,Saudi Riyal,Saudi Riyal,Saudi Riyal,Saudi Riyal,Saudi Riyal,Saudi Riyal,Saudi Riyal,Saudi Riyal,Saudi Riyal,Saudi Riyal,Saudi Riyal,Saudi Riyal,Saudi Riyal,Saudi Riyal,Saudi Riyal,Saudi Riyal,Saudi Riyal,Saudi Riyal,Saudi Riyal,Saudi Riyal,Saudi Riyal,Saudi Riyal,Saudi Riyal,Saudi Riyal,Saudi Riyal,Saudi Riyal,Saudi Riyal,Saudi Riyal,Saudi Riyal,Saudi Riyal,Saudi Riyal,Saudi Riyal,Saudi Riyal,Saudi Riyal,Saudi Riyal,Saudi Riyal,Saudi Riyal,US Dollar,Saudi Riyal,Index,Percentage,Percentage,Percentage,US Dollar,US Dollar,Index,Saudi Riyal,Saudi Riyal,Saudi Riyal,US Dollar,Saudi Riyal,Saudi Riyal,Saudi Riyal,Saudi Riyal,Saudi Riyal,Saudi Riyal,Saudi Riyal,Saudi Riyal,Saudi Riyal,Saudi Riyal,Saudi Riyal,Saudi Riyal,Saudi Riyal,Saudi Riyal,Saudi Riyal,Saudi Riyal,Saudi Riyal,Saudi Riyal,Saudi Riyal,Saudi Riyal,Saudi Riyal,Saudi Riyal,Saudi Riyal,Saudi Riyal,Saudi Riyal,Saudi Riyal,Saudi Riyal,Saudi Riyal,Saudi Riyal,Saudi Riyal,Saudi Riyal,Saudi Riyal,Saudi Riyal,Saudi Riyal,Saudi Riyal,Saudi Riyal,Saudi Riyal,Saudi Riyal,Persons,Saudi Riyal,Saudi Riyal,Saudi Riyal
powercode,Millions,Millions,Millions,Millions,Millions,Millions,Millions,Millions,Millions,Millions,Millions,Millions,Millions,Millions,Millions,Millions,Millions,Millions,Millions,Millions,Millions,Millions,Millions,Millions,Millions,Millions,Millions,Millions,Millions,Millions,Millions,Millions,Millions,Millions,Millions,Millions,Millions,Millions,Millions,Millions,Millions,Billions,Millions,Millions,Units,Units,Units,Units,Units,Units,Units,Millions,Millions,Billions,Millions,Millions,Millions,Millions,Millions,Millions,Millions,Millions,Millions,Millions,Millions,Millions,Millions,Millions,Millions,Millions,Millions,Millions,Millions,Millions,Millions,Millions,Millions,Millions,Millions,Millions,Millions,Millions,Millions,Millions,Millions,Millions,Millions,Millions,Millions,Millions,Millions,Millions,Millions,Thousands,Units,Millions,Millions
reference_period,,2010,,2010,2010,,2010,2010,,2010,2010,,2010,2010,,2010,2010,,2010,2010,,2010,2010,,2010,2010,,2010,2010,,2010,2010,,2010,2010,,2010,2010,,2010,2010,,,,2015,,,,,2015,2015,2010,2010,2015,2015,,,,,,,,2010,2010,,,2010,,2010,,,2010,,2010,,2010,,2010,,2010,,2010,,2010,,,2010,,,,2010,,,,,,2010
time,,,,,,,,,,,,,,,,,,,,,,,,,,,,,,,,,,,,,,,,,,,,,,,,,,,,,,,,,,,,,,,,,,,,,,,,,,,,,,,,,,,,,,,,,,,,,,,,,
2005-Q1,83445.0,,,,,9910.2,,,,,,27019.6,,,14624.2,,,20822.8,,,59714.5,,,11351.6,,,14561.4,,,12978.7,,,,,,,,,279776.7,,,,,279776.7,,,,,,,,,,,,279776.7,,,,,,,,,,137376.2,,78881.2,,,58495.0,,196331.7,,195552.7,,349140.7,,58955.5,,58176.5,,779.0,,,152809.0,,143192.0,9617.0,69364.0,,51912.0,17452.0,,,779.0,
2005-Q2,90249.0,,,,,10306.6,,,,,,29150.9,,,15178.8,,,17738.0,,,55278.4,,,10480.1,,,14029.3,,,13031.0,,,,,,,,,300987.1,,,,,300987.1,,,,,,,,,,,,300987.1,,,,,,,,,,148221.8,,82952.8,,,65269.0,,210738.1,,208101.1,,378982.1,,62516.3,,59879.3,,2637.0,,,168244.0,,165076.0,3168.0,77995.0,,57089.0,20906.0,,,2637.0,
2005-Q3,116511.0,,,,,10623.7,,,,,,30503.7,,,14565.8,,,18509.2,,,55522.7,,,10436.5,,,13441.3,,,13135.7,,,,,,,,,322050.7,,,,,322050.7,,,,,,,,,,,,322050.7,,,,,,,,,,148024.8,,83214.8,,,64810.0,,205539.7,,203310.7,,399410.7,,57514.9,,55285.9,,2229.0,,,193871.0,,188409.0,5462.0,77360.0,,55647.0,21713.0,,,2229.0,
2005-Q4,105456.0,,,,,8800.3,,,,,,30792.1,,,14011.2,,,20051.6,,,58521.0,,,11308.1,,,13973.3,,,13188.0,,,,,,,,,327956.9,,,,,327956.9,,,,,,,,,,,,327956.9,,,,,,,,,,153181.4,,79105.4,,,74076.0,,222500.9,,217529.9,,409740.9,,69319.6,,64348.6,,4971.0,,,187240.0,,180467.0,6773.0,81784.0,,58337.0,23447.0,,,4971.0,
2006-Q1,130568.0,,,,,11191.7,,,,,,34056.7,,,16454.3,,,23478.7,,,67754.1,,,12670.0,,,17072.5,,,14532.9,,,,,,,,,351824.3,,,,,351824.3,,,,,,,,,,,,351824.3,354023.8,147333.3,7685.5,2199.5,5486.0,,,,14375.6,159278.6,,89422.6,,159278.6,69856.0,,221256.3,,220409.8,,432577.3,,61977.7,,61131.3,,846.5,,61977.7,211321.0,,195451.0,15870.0,80753.0,,54942.1,25810.9,,,846.4,
2006-Q2,118185.0,,,,,10798.0,,,,,,34497.7,,,16158.6,,,21782.0,,,65036.3,,,12958.0,,,16546.7,,,13749.6,,,,,,,,,362661.3,,,,,362661.3,,,,,,,,,,,,362661.3,366891.9,150729.8,10003.6,4230.6,5773.0,,,,16247.0,165861.2,,92868.2,,165861.2,72993.0,,244476.3,,236420.5,,463967.3,,78615.1,,70559.3,,8055.8,,78615.1,219491.0,,208647.0,10844.0,101306.0,,66939.8,34366.2,,,8055.8,
2006-Q3,103835.0,,,,,10404.2,,,,,,34199.8,,,16336.0,,,22121.3,,,64345.3,,,12349.0,,,16021.0,,,13854.0,,,,,,,,,363121.7,,,,,363121.7,,,,,,,,,,,,363121.7,368473.5,146159.1,11874.8,5351.8,6523.0,,,,15959.0,172258.2,,93977.2,,172258.2,78281.0,,259286.7,,248754.5,,480361.7,,87028.5,,76496.3,,10532.2,,87028.5,221075.0,,207399.0,13676.0,117240.0,,67232.6,50007.4,,,10532.2,
2006-Q4,66896.0,,,,,9225.1,,,,,,32717.2,,,15686.5,,,23821.0,,,66113.0,,,11836.0,,,16549.7,,,13906.2,,,,,,,,,333884.1,,,,,333884.1,,,,,,,,,,,,333884.1,336464.0,107806.5,9688.9,2579.9,7109.0,,,,16261.9,181043.9,,91091.9,,181043.9,89952.0,,266988.1,,261537.5,,459623.1,,85944.2,,80493.6,,5450.6,,85944.2,192635.0,,179841.0,12794.0,125739.0,,72287.2,53451.8,,,5450.6,
2007-Q1,78244.0,,,,,11640.7,,,,,,36521.1,,,18776.3,,,28405.3,,,79121.2,,,15935.0,,,19201.6,,,15579.4,,,,,,,,,347752.7,,,,,347752.7,,,,,,,,,,,,347752.7,352483.7,123240.3,11367.0,4731.0,6636.0,,,,13292.0,183297.4,,106169.4,,183297.4,77128.0,,269508.7,,258669.0,,458506.7,,86211.3,,75371.6,,10839.7,,86211.3,188998.0,,174949.0,14049.0,110754.0,,76559.1,34194.9,,,10839.7,
2007-Q2,80216.0,,,,,11158.8,,,,,,37858.0,,,18646.2,,,26555.6,,,75847.6,,,15171.5,,,19006.7,,,15113.8,,,,,,,,,374121.8,,,,,374121.8,,,,,,,,,,,,374121.8,380651.9,138263.5,15304.0,6530.0,8774.0,,,,17324.6,189933.7,,111506.7,,189933.7,78427.0,,293905.8,,281128.2,,507773.8,,103972.2,,91194.5,,12777.6,,103972.2,213868.0,,202070.0,11798.0,133652.0,,83060.5,50591.5,,,12777.6,
2007-Q3,85044.0,,,,,10757.3,,,,,,38341.3,,,18711.3,,,26925.5,,,74990.1,,,14445.1,,,18451.0,,,15168.6,,,,,,,,,393357.1,,,,,393357.1,,,,,,,,,,,,393357.1,400441.2,150945.3,16581.1,7084.1,9497.0,,,,18302.0,194257.7,,111962.7,,194257.7,82295.0,,308313.1,,296091.3,,546165.1,,114055.4,,101833.5,,12221.8,,114055.4,237852.0,,222935.0,14917.0,152808.0,,86962.0,65846.0,,,12221.8,
2007-Q4,146382.0,,,,,9626.0,,,,,,42238.8,,,18191.1,,,28480.3,,,78260.7,,,15489.1,,,19040.6,,,15250.7,,,,,,,,,443595.8,,,,,443595.8,,,,,,,,,,,,443595.8,449221.8,203833.6,13478.0,5626.0,7852.0,,,,14950.6,188783.9,,104547.9,,188783.9,84236.0,,297213.8,,289071.5,,590815.8,,108429.9,,100287.6,,8142.3,,108429.9,293602.0,,274449.0,19153.0,147220.0,,91507.0,55713.0,,,8142.3,
2008-Q1,148714.0,,,,,12082.4,,,,,,44041.6,,,19662.0,,,34189.1,,,92424.7,,,19579.8,,,21157.6,,,17498.2,,,,,,,,,492351.1,,,,,492351.1,,,,,,,,,,,,492351.1,500201.8,227616.7,16778.9,7850.5,8928.4,,,,19886.3,206467.1,,130250.1,,206467.1,76217.0,,343637.1,,316902.1,,649207.1,,137170.0,,110435.0,,26735.0,,137170.0,305570.0,,299943.0,5627.0,156856.0,,95933.4,60922.6,,,26735.0,
2008-Q2,207290.0,,,,,11588.4,,,,,,46927.2,,,19901.0,,,32175.2,,,89320.0,,,19105.5,,,20849.9,,,17189.4,,,,,,,,,557569.8,,,,,557569.8,,,,,,,,,,,,557569.8,567967.4,272411.8,22478.2,10397.4,12080.8,,,,21389.4,221810.5,,132565.5,,221810.5,89245.0,,350279.8,,333618.8,,725114.8,,128469.4,,111808.4,,16661.0,,128469.4,374835.0,,367106.0,7729.0,167545.0,,105704.9,61840.1,,,16661.0,
2008-Q3,175822.0,,,,,11309.1,,,,,,45656.4,,,20082.0,,,33143.0,,,90806.0,,,19452.0,,,20956.0,,,17255.0,,,,,,,,,535505.9,,,,,535505.9,,,,,,,,,,,,535505.9,543143.9,253816.3,21120.4,7637.9,13482.5,,,,23761.7,215281.9,,131240.9,,215281.9,84041.0,,359683.9,,331991.9,,710470.9,,144402.0,,116710.0,,27692.0,,144402.0,350787.0,,341527.0,9260.0,174965.0,,113892.9,61072.2,,,27692.0,
2008-Q4,16307.0,,,,,10181.4,,,,,,38475.7,,,20036.0,,,33831.0,,,91866.0,,,19637.0,,,21070.0,,,17328.0,,,,,,,,,363811.5,,,,,363811.5,,,,,,,,,,,,363811.5,372294.3,91390.6,20240.8,8482.5,11758.3,,,,21256.7,225485.1,,129890.1,,225485.1,95595.0,,347504.5,,331030.5,,527013.5,,122019.4,,105545.4,,16474.0,,122019.4,179509.0,,166976.0,12533.0,163202.0,,116221.6,46980.4,,,16474.0,
2009-Q1,-5077.4,,,,,12417.0,,,,,,41171.5,,,19710.9,,,36577.6,,,101364.8,,,22464.5,,,22776.5,,,19546.2,,,,,,,,,352014.5,,,,,352014.5,,,,,,,,,,,,352014.5,365193.7,70770.3,19000.4,13179.4,5821.0,,,,25338.2,236031.0,,149036.8,,236031.0,86994.2,,357091.9,,341256.9,,498999.9,,121060.9,,105225.9,,15835.0,,121060.9,141908.0,,135613.0,6295.0,146985.4,,86279.4,60706.0,,,15835.0,
2009-Q2,16241.0,,,,,11661.5,,,,,,43339.1,,,19955.0,,,34090.2,,,95993.5,,,21663.3,,,20708.0,,,19532.0,,,,,,,,,386801.4,,,,,386801.4,,,,,,,,,,,,386801.4,397218.1,100341.5,19524.2,10416.5,9107.7,,,,26425.4,234130.6,,149959.6,,234130.6,84171.0,,370560.4,,335702.4,,551412.4,,136429.8,,101571.8,,34858.0,,136429.8,180852.0,,172321.0,8531.0,164611.0,,90812.0,73799.0,,,34858.0,
2009-Q3,49642.9,,,,,11443.1,,,,,,44308.1,,,20198.4,,,37315.5,,,104121.1,,,22453.1,,,24562.6,,,19789.9,,,,,,,,,422833.4,,,,,422833.4,,,,,,,,,,,,422833.4,430022.3,137342.2,19740.1,7189.1,12551.0,,,,25023.1,227952.9,,145641.7,,227952.9,82311.2,,373190.5,,330474.5,,576193.5,,145237.6,,102521.6,,42716.0,,145237.6,203003.0,,194192.0,8811.0,153360.1,,89367.2,63992.9,,,42716.0,
2009-Q4,89146.0,,,,,10404.1,,,,,,45781.1,,,20514.6,,,39852.2,,,106525.8,,,22288.9,,,24438.4,,,19946.2,,,,,,,,,447467.7,,,,,447467.7,,,,,,,,,,,,447467.7,449081.1,129365.3,15805.5,1613.5,14192.0,,,,26985.5,250713.1,,147174.5,,250713.1,103538.6,,358321.7,,355846.7,,590269.7,,107608.7,,105133.7,,2475.0,,107608.7,231948.0,,219026.0,12922.0,142802.0,,91830.9,50971.1,,,2475.0,
2010-Q1,82438.0,82436.6,477076.5,477076.5,468256.6,14015.4,14015.4,12752.6,245631.4,245631.4,247682.9,53525.7,53525.7,51796.1,22580.0,22580.0,22287.1,45264.2,45264.2,39674.2,194849.7,194849.7,185534.0,25873.6,25873.6,24451.5,24343.6,24343.6,23208.5,22742.8,22742.8,21616.2,67510.4,67510.4,67887.3,9115.0,9115.0,8696.3,480428.9,480428.9,472498.1,1921.72,1355409.6,480428.9,105.149046193,,,,49841.4,42233.0,72.796755959,480428.9,472498.1,1827.61,1148504.3,481074.1,491611.1,169924.1,16412.4,10536.9,5875.5,3352.4,3352.4,4241.5,25466.4,250402.5,250402.5,156759.2,156759.2,251047.7,93643.2,93643.2,398636.1,398637.5,367486.9,367486.9,623976.1,623976.7,147588.4,147589.8,116439.2,116439.2,31149.2,31150.6,147588.4,225340.0,225339.2,218109.0,7231.0,142902.0,142902.6,91584.0,51318.0,27194.4,1.41781,31149.2,31150.6
2010-Q2,62516.0,62514.7,474160.1,474160.1,483809.3,13490.4,13490.4,12896.0,259085.5,259085.5,259848.1,52528.3,52528.3,53727.1,22114.7,22114.7,22063.2,38247.0,38247.0,41091.4,179469.5,179469.5,189001.9,24650.3,24650.3,24726.4,23396.7,23396.7,23348.6,21414.5,21414.5,21764.8,62691.1,62691.1,69125.1,9069.9,9069.9,8945.6,477912.1,477912.1,487268.9,1911.65,1392067.2,477912.1,101.427475442,,3.126109262,,50790.2,43213.7,75.07246209,477912.1,487268.9,1884.74,1184407.8,476504.5,485679.6,154484.8,18274.1,9175.1,9099.0,3752.0,3752.0,3459.7,25526.0,262332.6,262332.6,164331.8,164331.8,260925.0,98000.7,98000.7,413988.5,413989.8,374167.8,374167.8,651774.5,651774.1,153063.5,153064.8,113242.7,113242.7,39820.8,39822.0,153063.5,237786.0,237784.3,229396.0,8390.0,175270.0,175269.6,102491.0,72779.0,27408.2,1.37324,39820.8,39822.0
2010-Q3,73522.0,73523.2,475768.1,475768.1,489460.2,12972.8,12972.8,13041.6,262801.9,262801.9,261198.7,54264.2,54264.2,54507.0,22416.6,22416.6,22116.6,40088.3,40088.3,42497.7,177576.7,177576.7,193103.3,23602.0,23602.0,25006.6,22462.9,22462.9,23472.8,21601.9,21601.9,21928.8,60770.5,60770.5,70993.4,9051.1,9051.1,9204.1,479432.4,479432.4,492963.7,1917.73,1403477.1,479432.4,100.574712663,,1.168710134,,50805.9,43376.7,75.949841563,479432.4,492963.7,1906.77,1198250.1,479784.3,484908.7,168793.4,17702.4,5124.4,12578.0,3664.3,3664.3,3503.4,24363.3,246348.3,246348.3,159314.8,159314.8,246700.2,87033.5,87033.5,406262.3,406261.1,356709.4,356709.4,642742.3,642741.9,159562.1,159560.8,110009.1,110009.1,49552.9,49551.7,159562.1,236480.0,236480.8,226448.0,10032.0,162958.0,162957.6,100106.0,62852.0,27624.3,1.36641,49552.9,49551.7
2010-Q4,110129.0,110131.4,539104.0,539104.0,517755.0,11399.3,11399.3,13187.7,293451.5,293451.5,285421.9,54168.0,54168.0,54456.0,21393.0,21393.0,22037.4,43497.0,43497.0,43833.1,212860.2,212860.2,197108.0,25320.3,25320.3,25261.7,23398.2,23398.2,23571.4,21681.0,21681.0,22121.5,89891.0,89891.0,72857.2,9072.9,9072.9,9463.0,543004.0,543004.0,521219.1,2172.02,1498851.3,543004.0,107.735553012,,5.731744309,,53837.1,45506.8,80.303092284,543004.0,521219.1,2016.06,1266930.7,543414.4,544992.7,183701.0,15754.2,1578.2,14176.0,3900.0,3900.0,3464.1,29347.6,280507.0,280507.0,159011.5,159011.5,280917.4,121495.5,121495.5,433285.4,433283.0,425147.3,425147.3,715545.4,715545.7,152368.0,152365.6,144229.9,144229.9,8138.1,8135.7,152368.0,282260.0,282262.7,267832.0,14428.0,172131.0,172131.3,106555.0,65576.0,27840.5,1.44912,8138.1,8135.7
2011-Q1,156239.2,99830.2,600002.1,531003.2,531857.6,14753.5,14723.3,13431.1,336963.3,279255.4,290129.0,62328.6,59031.3,57298.3,27289.9,24924.2,24581.2,53476.1,50416.3,45415.3,220995.4,212100.2,203716.2,29991.1,29987.0,28185.3,25568.4,24767.4,23653.8,25145.3,23260.6,22103.8,76263.4,73476.3,74606.5,10551.0,10192.6,9751.6,603134.1,534058.8,535829.9,2412.54,1554896.6,603134.1,116.402759364,,2.803196563,13.40360531,55580.8,46556.7,82.554145807,534058.8,535829.9,2072.58,1302445.3,598789.2,606803.6,231737.7,15692.4,8014.4,7678.0,3132.0,3055.6,3972.3,25593.8,292574.9,281961.5,164371.1,159407.9,293245.8,128203.8,122553.6,442550.2,429960.3,447233.9,435665.0,755216.2,676669.9,154320.2,152267.1,153997.0,153072.0,323.2,-805.0,149304.4,312666.0,246709.6,304907.0,7759.0,156426.8,146879.4,108909.1,47517.9,27975.4,1.55157,323.0,-805.0
2011-Q2,162792.3,80485.6,632157.5,531780.5,539906.8,14212.3,14162.4,13552.5,376312.2,293771.2,294057.6,62596.6,57950.0,58794.7,26764.8,25119.7,24902.6,45543.2,43105.0,46625.2,214868.1,198727.3,207394.1,28567.8,28483.5,28602.1,24578.0,23830.5,23812.2,23689.6,22228.4,22578.8,82050.5,71026.8,75800.6,10439.0,10053.1,9975.3,637197.5,536463.2,544264.4,2548.79,1587780.1,637197.5,121.071086671,,1.574099543,11.696923084,56362.1,46961.2,83.853630238,536463.2,544264.4,2105.2,1322947.1,630448.8,642270.6,248711.5,20890.8,11821.8,9069.0,5040.0,4682.7,4357.6,28696.9,307365.5,285518.4,170713.2,163892.7,305663.0,136652.3,121625.8,467656.8,449478.4,442865.1,418847.1,820632.8,707069.4,167040.0,170459.2,137211.0,134858.0,29829.0,35601.2,161993.8,352976.0,257590.9,342634.0,10342.0,190183.7,177105.4,125722.7,64461.3,28171.1,1.60525,29828.7,35601.2
2011-Q3,159110.3,76679.8,630911.7,544522.6,550553.6,13676.8,13659.1,13728.4,388763.1,312890.1,302239.3,63951.3,60600.2,60951.0,27025.9,25321.0,24991.1,47477.7,45244.6,47658.4,201445.9,192652.4,209594.9,27319.8,27239.1,28981.1,23598.6,22913.3,23945.0,23868.0,22260.4,22665.7,68794.8,65032.6,76171.1,10387.0,9962.4,10173.6,635905.7,549279.0,555165.3,2543.62,1612748.4,635905.7,118.453190745,,2.002866141,12.617886287,56848.9,47567.5,85.533106206,549279.0,555165.3,2147.37,1349443.9,631439.9,641333.1,260207.1,20080.3,9893.3,10187.0,4994.0,4756.4,4611.6,27650.4,293726.2,276881.1,172616.0,163549.0,294054.5,121110.1,113332.1,472329.9,468150.7,411795.0,392274.0,836445.9,734078.7,183069.6,195718.1,117749.4,115095.3,65320.1,80622.8,178275.4,364116.0,265927.9,352534.0,11582.0,205005.7,189248.2,128484.9,76521.1,28369.0,1.5772,65319.8,80622.8
2011-Q4,190285.3,135699.6,657023.4,574668.0,561208.6,12042.0,12047.6,13880.4,393813.1,309134.5,310168.4,63175.4,60060.8,60598.3,25938.7,24372.5,25262.5,51451.6,49511.8,48578.7,225229.6,229113.4,211897.3,29394.8,29465.2,29406.3,24595.0,24058.8,24159.1,24009.7,22617.0,23027.4,85199.3,93405.5,76362.9,10579.2,10055.1,10362.9,661142.4,578738.3,564832.0,2644.57,1641170.6,661142.4,121.046436996,,1.741236564,8.367483059,57449.5,48060.1,87.022439926,578738.3,564832.0,2184.76,1372940.9,656468.2,663054.1,296166.1,17457.9,6585.9,10872.0,4119.0,4070.3,3623.4,28385.7,276464.7,272854.8,174369.0,163879.3,276859.9,102095.7,108975.5,466183.2,438508.2,436721.8,429831.0,847266.2,749965.9,194392.6,170183.9,159870.9,156553.2,34521.8,13630.7,189323.3,381083.0,311457.7,367545.0,13538.0,190797.7,175758.2,130332.4,60465.6,28567.2,1.61139,34521.5,13630.7
2012-Q1,199801.1,92229.7,711609.6,576951.4,568711.1,15555.2,15228.8,13811.6,426124.0,313237.4,314997.3,71233.9,63532.5,61176.1,30216.6,26134.4,25618.7,59322.6,53548.9,48957.6,239713.8,222350.7,214283.5,32340.3,32005.6,29856.3,28195.1,25605.7,24393.1,32215.8,25452.4,24326.0,75961.6,74900.7,76278.0,11678.6,10837.4,10472.5,715423.6,580469.2,573404.1,2861.69,1687228.7,715423.6,129.026476063,,1.517625495,7.012329663,58767.8,48546.6,88.343114661,580469.2,573404.1,2217.91,1393777.0,710785.7,717942.9,305523.0,18092.1,7157.1,10935.0,3814.0,3517.8,4693.0,28417.5,316892.3,300530.3,190927.6,179103.5,317259.6,125964.7,121426.8,510984.8,483801.9,495799.1,471900.4,906464.0,757987.5,198730.4,187709.2,178604.7,171064.8,20125.7,16644.4,193725.2,395479.3,274185.7,386790.0,8689.2,195678.3,181956.0,136483.3,59194.9,28710.1,1.69609,20125.5,16644.4
2012-Q2,166291.2,92490.8,682413.9,568044.8,575413.2,14979.1,14706.7,13982.7,406828.4,318313.3,318650.8,67146.5,60920.3,61765.9,29624.1,26179.5,25858.3,50348.7,45844.1,49570.7,230982.4,208845.3,216921.4,30789.8,29935.7,30021.0,26714.4,24437.3,24552.6,30590.2,24845.0,25195.9,80907.2,72961.6,76921.9,11632.0,10821.5,10659.3,687673.9,572817.0,579886.4,2750.7,1687333.2,687673.9,122.635426266,,1.130502549,6.544982692,58395.7,48781.5,89.341835824,572817.0,579886.4,2242.99,1409533.7,680133.2,693307.4,269881.3,24801.2,13174.2,11627.0,5260.0,4772.3,4473.2,30891.0,331145.7,305366.4,199418.7,185521.3,328670.5,131727.0,119845.1,513842.2,473166.2,465500.1,433989.3,891430.7,759930.8,190237.1,174959.9,136895.4,130948.7,53341.7,44011.2,185171.7,377588.6,286764.5,367846.0,9742.5,211297.4,194273.8,150436.9,60860.5,28894.8,1.6302,53341.5,44011.2
2012-Q3,156034.3,77850.0,681110.9,571000.4,585629.1,14403.0,14018.0,14117.4,391131.9,319150.2,317482.6,65518.6,61384.5,62240.9,29979.6,26596.0,26307.5,52442.0,47953.9,50308.0,245596.4,211236.1,227721.5,29443.2,28379.9,30329.3,26133.9,23834.9,24875.4,30718.9,25252.6,25603.3,95272.9,75038.8,85737.0,11585.5,10776.1,10868.6,686867.9,576042.1,590590.1,2747.47,1705969.9,686867.9,120.271687276,,1.845824197,6.38094778,58661.6,49363.0,90.990929048,576042.1,590590.1,2284.39,1435551.2,682017.2,693346.5,231159.8,23679.3,11329.3,12350.0,5757.0,5041.7,4961.0,26706.0,371493.5,328632.8,197778.2,182186.5,371439.3,173715.3,146446.3,525983.1,493428.5,516266.6,466674.9,881638.8,753979.5,159340.2,169559.2,144893.6,138192.7,14446.6,31366.5,154543.8,355655.8,260551.0,346435.0,9220.7,199621.6,182701.0,148036.6,51585.0,29081.5,1.6105,14446.4,31366.5
2012-Q4,168674.9,114015.0,685309.0,582317.8,570060.2,12674.6,12361.4,14403.3,388015.7,303794.0,304836.1,66698.5,61809.5,62463.8,28676.1,25574.1,26699.5,57229.2,52450.7,50961.5,255942.6,240588.2,224121.3,31716.2,30547.7,30662.4,27014.5,24947.5,25004.3,30843.3,25590.2,26042.3,97507.3,96380.1,80344.2,11632.0,10671.9,11106.5,691972.0,588534.4,575481.5,2767.89,1663406.3,691972.0,124.346486829,,-2.558224945,1.88541769,56833.3,47793.5,88.663176403,588534.4,575481.5,2225.95,1398826.6,686969.5,696516.2,284401.1,22105.7,9546.7,12559.0,6663.0,6216.6,5421.2,28394.5,319192.4,298067.2,199420.5,181508.6,319214.2,119772.0,116558.6,518294.7,469714.5,473923.7,445451.8,887394.8,766542.2,204104.8,176452.2,154781.3,147397.2,49323.6,29055.0,199080.6,369100.2,296827.6,355315.0,13785.1,200425.4,182812.7,148516.2,51909.1,29268.2,1.66399,49323.4,29055.0
2013-Q1,140118.4,73402.2,704841.9,579859.1,569864.4,16997.9,16282.1,14764.4,383110.6,296794.0,297572.3,72646.3,66362.5,62937.6,34124.1,27906.0,27338.0,65151.3,56512.0,52063.0,270609.3,238877.0,230189.7,34939.0,33291.2,31240.6,30120.8,26401.1,25331.8,39544.8,29047.6,27922.2,87771.2,81591.0,82251.3,13082.2,12034.1,11380.9,707855.9,582657.8,573734.0,2831.42,1652770.7,707855.9,127.588232102,,-0.303653845,0.057539966,56163.5,47389.8,88.393947259,582657.8,573734.0,2219.19,1394579.0,702563.8,710481.4,260896.7,19062.6,7917.6,11145.0,3014.0,2798.7,3869.6,30371.7,353633.8,319663.0,203065.9,183278.9,353242.3,150567.9,136384.1,562445.5,504243.5,531058.9,486667.8,912102.1,764258.2,214103.8,189592.5,178054.7,167575.2,36049.0,22017.4,209203.2,349656.6,260014.7,338895.2,10761.4,209538.3,186612.4,156811.0,52727.3,29427.9,1.71314,36049.0,22017.4
2013-Q2,123731.2,75023.6,696509.5,580337.9,585678.3,16302.1,15790.0,14961.0,381945.4,307766.1,308335.5,67628.9,62109.7,63230.7,33562.7,28233.5,27987.2,56261.2,49423.6,52870.8,264699.3,228548.3,234394.6,33249.4,31752.9,31858.5,28881.1,25639.6,25640.6,37724.4,28283.3,28635.6,95532.7,81502.1,83698.2,13050.5,11946.9,11690.8,702998.5,586119.2,591161.4,2811.99,1680244.2,702998.5,122.977220275,,3.037533151,1.944337577,56743.8,48527.1,91.07894271,586119.2,591161.4,2286.6,1436939.8,692774.3,707382.7,251205.9,26860.3,14608.3,12252.0,6489.0,5781.3,5483.0,35472.7,360981.8,318166.6,209893.8,188370.1,355652.6,151088.0,129796.5,569043.1,501744.9,504324.9,452406.2,916375.3,776607.3,218285.5,192929.0,148910.5,139115.1,69375.0,53813.9,213390.5,347332.1,274862.4,336839.6,10492.5,223600.9,199838.8,168230.0,55370.9,29611.1,1.67356,69375.0,53813.9
2013-Q3,162096.1,84194.6,701813.1,593256.6,609713.1,15691.1,15015.8,15174.3,393084.7,330316.7,328885.7,69252.2,63897.5,65071.5,34083.3,28744.6,28487.9,57918.6,51208.6,53660.0,258954.0,219179.4,237165.2,31803.8,30475.1,32546.7,27442.9,24392.8,25859.2,37907.6,28581.9,28932.0,90884.8,72603.9,84111.1,12996.2,11917.1,12056.2,707458.1,598110.8,614601.7,2829.83,1733053.2,707458.1,119.037356445,,3.965140309,4.065703661,58163.7,50138.0,94.690350581,598110.8,614601.7,2377.26,1493916.5,701752.5,717703.8,266198.4,26483.2,15951.2,10532.0,5645.0,4854.2,4888.6,35701.8,351093.7,303284.3,213297.5,190087.1,349908.9,137796.2,113197.2,539656.5,508413.9,505707.5,447702.5,915808.1,783085.1,194268.4,210631.8,156035.3,145751.7,38233.0,64880.1,189747.6,376151.7,274671.1,366565.2,9586.5,214055.6,190476.5,155899.0,58156.6,29796.1,1.63286,38233.0,64880.1
2013-Q4,165591.1,118850.0,702653.5,611294.7,601167.0,12354.5,11753.2,13941.4,385083.1,315684.6,317457.5,70339.6,64838.8,65968.7,32742.5,27670.0,28741.1,63131.3,56325.3,54875.7,272473.3,256186.9,241027.0,34313.1,33145.6,33019.0,29947.6,26670.1,26271.9,38170.8,29309.4,29717.4,93881.3,99090.7,84727.1,13029.2,11645.9,12415.9,708679.5,617042.0,606107.2,2834.72,1721866.3,708679.5,120.914047968,,-1.382115205,5.32176337,57431.9,49140.1,93.381620848,617042.0,606107.2,2344.41,1473268.8,702836.1,715214.2,207451.3,21983.1,12378.1,9605.0,6026.0,5747.3,4940.2,33313.7,409566.9,376050.8,220497.0,195126.8,408452.9,189069.9,180924.0,537245.1,492818.1,588620.6,543664.5,917769.4,803595.1,133521.6,122141.2,180414.1,168757.8,-46892.5,-46616.6,128792.2,380524.4,310776.9,367553.3,12971.0,214933.3,191927.0,149642.0,65291.4,29981.0,1.64631,-46892.5,-46616.6
2014-Q1,125822.2,70333.4,749865.6,618169.4,608298.9,17798.7,16856.3,15276.2,397063.7,319666.6,320620.2,79959.8,73590.9,70073.0,38721.6,29956.7,29414.2,70363.9,58608.8,55575.8,296281.6,251689.8,242988.4,37661.0,35615.6,33438.1,32167.9,27282.0,26526.8,44518.4,30535.8,29411.5,96241.1,85848.0,85156.8,15329.2,13799.6,12879.5,754283.6,621822.0,613298.1,3017.13,1772772.3,754283.6,127.186029301,,1.186399148,6.895893364,58794.6,49441.2,94.489499602,621822.0,613298.1,2372.22,1490747.7,746219.9,757628.2,219355.7,22354.3,11408.3,10946.0,4418.0,3652.5,4999.1,37072.6,434123.6,376398.3,224651.6,198200.5,431129.9,209472.0,178197.8,620397.7,544042.5,609811.5,540223.0,985370.0,818874.0,194337.9,175090.2,179271.7,167067.4,15066.2,8022.8,189267.8,364972.3,274831.5,352740.0,12232.3,239150.1,204498.0,152075.0,87075.1,30151.9,1.70193,15066.2,8022.8
2014-Q2,138089.9,80426.8,733717.7,604842.2,611088.5,17138.6,16390.8,15425.9,395108.6,319669.1,320100.1,75500.4,68192.9,69646.7,37849.4,29673.2,29770.8,63347.3,53363.6,56609.5,283621.1,239109.1,245791.8,35891.7,33824.3,33979.7,31102.8,26584.4,26481.2,40112.1,28966.5,29320.2,97929.6,82714.0,86088.8,15237.6,13656.4,13312.4,739851.7,610071.6,616018.6,2959.41,1768891.7,739851.7,124.201604165,,0.44358192,4.204808614,58306.6,49356.3,94.908637939,610071.6,616018.6,2382.74,1497360.4,726232.1,744400.7,243199.5,28832.6,18168.6,10664.0,6134.0,5229.4,4930.0,35271.7,406398.3,347854.0,226303.8,198393.0,397736.4,180094.5,149461.0,588142.2,517413.6,574182.2,505249.9,950300.7,789384.8,195363.5,181790.8,177034.1,165354.1,18329.5,16436.7,190405.8,362158.4,271971.3,351122.0,11036.4,224068.5,191544.4,170052.0,54016.5,30337.8,1.67303,18329.5,16436.7
2014-Q3,80644.6,38683.6,725960.2,608763.4,621542.7,16385.4,15440.9,15520.7,378824.1,328538.3,326545.0,77448.3,69799.2,71168.4,38621.8,30304.0,30169.3,66775.2,56433.4,57489.9,292128.9,234480.2,249307.6,34039.3,31974.2,34360.3,29577.4,25256.9,26648.6,41883.0,29486.0,29962.3,105021.2,78039.5,87116.2,14832.8,13290.2,13730.3,731515.2,613456.9,626245.2,2926.06,1766197.9,731515.2,120.79675318,,1.660120292,1.89447489,57859.9,49867.2,96.484235496,613456.9,626245.2,2422.3,1522218.4,723184.2,741414.9,234811.7,27553.7,18230.7,9323.0,5555.0,4693.5,4702.5,36655.6,406104.2,336771.4,237139.8,206833.7,402040.7,168964.4,129937.7,642539.6,566945.6,561545.7,481415.9,978728.7,824826.9,244766.4,238001.8,160090.3,148829.4,84676.1,89172.4,240498.9,336189.1,257881.4,327850.0,8339.1,255544.5,219197.7,168939.0,86605.5,30525.4,1.6567,84676.1,89172.4
2014-Q4,27287.2,90244.6,641708.8,628204.3,620548.5,14469.9,13167.0,15632.2,302673.5,320435.9,322516.5,78481.0,72954.3,73649.3,37543.0,30097.4,30677.1,68740.8,59194.4,57925.1,287022.4,264504.0,251722.7,37256.5,35315.5,34951.4,31335.2,27209.5,26676.2,42099.4,30160.4,30482.1,92434.1,99252.9,87492.6,15156.3,13371.3,14195.3,649121.8,634595.6,625883.6,2596.49,1671418.9,649121.8,107.252877423,,-0.057744314,3.26284815,54420.7,49534.2,96.428521336,634595.6,625883.6,2420.9,1521339.4,640677.2,654841.9,140323.5,22924.7,14164.7,8760.0,7413.0,6391.3,5335.1,36252.7,422101.1,379564.1,241475.9,209485.3,418106.2,180625.1,170078.8,613390.0,536751.6,617727.1,563304.4,879600.6,831611.4,199733.5,164787.0,200204.9,187665.0,-471.3,-22877.9,195283.8,266210.6,294859.9,252003.0,14207.6,238923.4,204615.3,160810.0,78113.4,30712.9,1.55346,-471.3,-22877.9
2015-Q1,-10364.2,82664.8,650480.3,638247.3,627853.6,18801.8,17618.6,15992.0,239100.0,324904.5,326532.6,82835.5,77724.5,74648.9,41258.8,31441.2,31174.3,73935.2,60770.5,58713.5,351319.8,264283.0,254154.6,40514.2,37879.2,35748.9,31778.6,26472.9,26568.6,47756.5,31532.4,30409.1,139561.3,91958.3,88094.3,17774.1,15669.7,14620.3,654710.3,641727.7,632606.7,2618.84,1630497.7,654710.3,107.026598618,,1.074185254,3.148331511,52808.8,49802.7,97.464342293,641727.7,632606.7,2446.91,1537681.4,642110.4,654217.5,90901.6,19785.9,12107.0,7678.9,4230.0,3480.4,4753.1,47092.4,463240.8,376232.7,262014.6,223522.7,455929.4,201226.3,152710.0,652474.6,547253.7,647148.7,547977.6,859104.8,814752.2,201833.7,182830.2,192362.5,179224.3,9471.2,3606.0,196545.2,206630.2,267498.5,192865.0,13765.2,216994.5,184833.6,163877.4,53117.1,30875.5,1.60616,9471.2,3606.0
2015-Q2,-8590.1,65620.9,647091.1,640379.3,648383.4,17956.2,17077.3,16048.0,269542.0,344842.3,345457.4,81033.2,75506.4,77227.6,40231.7,30687.5,31243.9,66751.1,55303.5,59001.3,319361.1,247772.2,255634.0,38461.0,35767.4,35921.7,33903.8,27802.1,27009.6,43006.7,29847.8,30202.1,119578.3,83547.5,88401.1,17660.4,15504.0,15098.2,652337.1,644731.5,652555.7,2609.35,1620968.3,652337.1,103.378635285,,3.153457804,5.931179063,52188.2,51067.9,100.537839201,644731.5,652555.7,2524.07,1586171.5,633737.0,651530.2,109078.2,25614.8,17793.6,7821.1,5246.0,4352.3,4172.3,39842.6,456417.6,385236.3,255330.8,219115.0,443101.5,201086.8,166121.3,642327.1,563195.7,638014.5,556533.6,875427.8,839651.4,204509.6,193874.4,196095.7,183686.3,8413.8,10188.0,199225.6,233100.8,276455.7,220714.0,12386.8,241690.8,210834.9,169645.1,72045.7,31060.1,1.60975,8413.8,10188.0
2015-Q3,-38166.5,51718.3,613125.2,638964.1,650368.7,17374.6,16156.3,16257.0,239790.4,348994.7,344777.7,79766.2,76735.0,78070.3,41121.8,31439.6,31298.3,70352.7,58676.5,59205.0,314838.3,242373.4,258035.7,36630.1,33820.8,36492.2,30616.4,25639.7,26954.5,44880.9,30451.9,31290.6,115169.8,78684.4,88486.7,17188.4,15100.2,15606.6,619818.2,644446.0,655982.8,2479.27,1561140.9,619818.2,97.712057885,,0.525183656,4.748560198,49962.3,51030.0,101.0658475,644446.0,655982.8,2537.33,1594501.8,606991.2,627117.1,123409.8,28401.5,20125.4,8276.1,6693.0,5481.9,5614.2,35618.4,418786.6,348294.2,247631.1,212994.0,411092.4,171155.5,135300.2,645157.7,580964.2,586844.6,508220.2,847747.7,845415.3,239198.0,244433.5,176894.1,167692.2,62303.9,76741.4,234065.3,202590.0,264451.2,184980.0,17610.0,240756.5,212732.9,157305.0,83451.5,31246.4,1.58812,62303.9,76741.4
2015-Q4,-52742.4,96688.0,573874.8,657544.0,650081.2,15483.5,13864.6,16419.7,209785.7,340114.7,343631.6,78561.9,77978.3,77997.4,39874.0,31240.4,31092.2,72367.5,61475.4,59306.1,308731.6,272324.4,258937.7,39975.4,37322.4,36627.0,32855.8,27665.8,27047.7,45183.9,31174.9,31114.3,100757.3,99492.4,88700.4,17591.7,15193.5,16142.2,583700.8,665354.0,656666.2,2334.8,1495553.9,583700.8,91.922532626,,0.104171186,4.918262346,47580.1,50780.9,101.171128992,665354.0,656666.2,2539.97,1596162.8,570673.2,585447.5,72015.8,22110.3,14774.1,7336.2,9826.0,7809.9,6584.9,45097.7,422780.8,387618.6,260110.2,225011.2,414822.9,162670.6,162607.4,623415.7,557131.0,585370.9,544932.0,798633.6,855827.7,213662.4,181047.4,171649.9,165078.8,42012.5,15968.6,208592.8,175217.9,298696.7,164703.0,10514.9,227960.4,202008.7,164205.8,63754.5,31432.4,1.56116,42012.5,15968.6
2016-Q1,-41788.5,117218.3,590637.1,659363.9,650655.5,19314.7,18027.9,16619.1,186297.5,341225.3,343658.7,85370.3,82967.2,80452.3,40337.0,30421.2,30518.1,74126.9,60346.3,58965.8,344687.9,269689.5,259859.5,41230.8,38397.9,36763.5,33367.5,27503.9,27350.1,49175.9,31999.3,30876.7,126219.0,93467.2,89167.3,20567.8,17974.9,16736.1,594201.1,662253.1,654665.6,2376.8,1478726.0,594201.1,93.862093862,,-0.304658691,3.486977885,46793.9,50356.2,100.862902355,662253.1,654665.6,2532.23,1591300.0,576101.5,584720.9,75340.0,15957.3,8619.4,7337.9,3564.0,2889.2,4010.1,42326.3,426902.3,347953.8,274404.9,227284.9,412958.7,152497.4,120668.9,617889.9,528590.2,564642.1,479322.6,774289.1,822206.1,209087.2,197081.0,153848.2,144958.6,55238.9,52122.3,204931.2,156399.2,293615.9,140211.0,16188.2,198187.6,176397.6,143100.1,55087.6,31600.9,1.60733,55238.9,52122.3
2016-Q2,-2661.4,119530.3,614039.6,646168.5,656318.5,18977.4,18001.1,16946.5,226987.1,346094.8,347646.0,80421.3,78668.8,80314.2,39146.9,29414.9,30396.8,67224.7,55248.3,58794.8,328928.2,252657.8,261329.2,39976.6,37071.3,37318.6,33795.2,27461.1,27387.2,47221.5,31453.1,31686.4,120282.0,83741.4,88849.7,20428.2,17682.6,17292.4,623176.6,653663.7,663558.3,2492.71,1514865.2,623176.6,97.119935578,,1.358355333,1.686071413,47658.9,50743.6,102.232978968,653663.7,663558.3,2566.63,1612915.5,600753.7,618591.7,109392.4,25485.5,17838.0,7647.5,9137.0,7495.2,7239.8,40908.9,425697.1,346241.3,271922.5,224611.6,411879.6,153774.5,121629.7,603415.1,514686.3,572999.4,485223.2,795360.9,806767.4,200140.9,187892.1,163219.1,152357.1,36921.8,35535.0,191535.5,191945.8,292081.2,175966.0,15979.8,194607.2,172550.9,139626.4,54980.8,31785.6,1.6455,36921.8,35535.0
2016-Q3,33462.0,142772.6,620405.2,653884.9,657598.3,18528.1,17140.4,17151.1,240847.2,362111.7,349444.6,81716.7,80290.9,81263.0,40129.4,30174.5,29875.3,70899.3,58592.8,58640.6,320900.4,244458.3,261127.3,37655.5,34471.3,37151.8,31859.7,26353.5,27655.3,46119.2,30926.5,31626.0,114518.0,76895.4,88207.2,19848.7,17218.8,17846.5,625046.2,657615.9,661500.0,2500.18,1518431.2,625046.2,97.714409674,,-0.310194472,0.841046148,47492.7,50291.4,101.915857918,657615.9,661500.0,2558.67,1607912.3,605080.5,622367.2,144119.0,27315.8,17286.7,10029.1,4641.0,3730.9,3901.6,33012.1,402262.9,323715.7,272442.5,224885.6,388419.0,129820.4,98830.1,571618.5,497299.9,519329.2,434718.0,766917.0,783356.6,189321.3,191127.6,132611.6,124022.7,56709.7,67104.9,183199.5,195298.5,286056.7,175479.0,19819.5,161836.6,143284.1,117293.6,44543.0,31971.9,1.64656,56709.7,67104.9
2016-Q4,21299.8,153400.6,646555.7,677363.5,666603.7,16781.9,14959.6,17412.3,246595.2,353310.1,356638.5,82118.4,81156.2,81053.5,39196.8,30611.1,29831.4,72378.1,60943.7,58729.9,343981.9,278482.7,262721.4,42206.5,38972.0,37678.5,34837.6,28981.5,27907.4,47739.4,32053.1,31992.1,126496.0,100166.4,88046.2,20324.3,17366.0,18367.4,655075.7,684078.1,672282.1,2620.3,1582028.3,655075.7,100.766522076,,1.62995752,2.378063921,49195.8,50815.7,103.577043108,684078.1,672282.1,2600.37,1634120.6,636572.7,651804.0,102748.0,21130.9,15231.3,5899.6,8520.0,6714.7,5678.4,42450.4,460658.9,393797.9,272119.1,226387.0,446831.4,188539.8,167410.9,615272.8,514260.8,634955.5,560872.8,824854.6,838153.1,173117.0,136879.7,189873.6,180239.4,-16756.6,-43359.8,168441.4,209581.8,323892.3,196872.0,12709.8,188282.0,170491.7,125615.9,62666.1,32157.8,1.65629,-16756.6,-43359.8
2017-Q1,43386.1,124833.3,653330.4,658014.1,652350.5,20233.4,18861.1,17566.9,257923.7,337968.6,340857.0,91301.1,84208.7,82069.6,39030.4,29362.2,29707.1,72423.4,59745.2,59003.1,336142.8,271822.2,264219.6,42319.9,39112.4,37742.7,34445.8,28050.5,28355.5,52017.2,33830.1,32708.0,111829.1,91096.0,87507.5,23107.4,19987.8,18902.8,657878.4,661672.7,657089.2,2631.51,1595676.3,657878.4,103.537481866,,-2.259898712,0.37020994,49249.0,49295.8,101.236306845,661672.7,657089.2,2541.6,1597191.1,634716.4,643799.5,153442.9,16225.7,9083.1,7142.6,4548.0,3658.6,4738.8,36387.5,412186.2,347834.9,281201.2,234103.3,394369.3,130985.0,113731.6,591330.3,516187.8,544377.2,475070.5,812574.8,800523.5,202305.8,189004.4,152703.9,144622.2,49601.8,44382.2,196961.0,221244.5,284335.7,207398.8,13845.7,177858.4,159502.4,125720.5,52137.9,32400.2,1.64915,49602.2,44382.2
2017-Q2,4932.8,99796.5,643977.9,647218.6,659708.1,19766.2,18754.7,17702.7,250656.1,343025.5,345953.8,87222.9,81362.7,83577.5,37062.1,27827.0,29171.1,67746.8,55993.7,59480.5,336493.6,257611.4,266880.6,40475.9,37426.1,38015.0,35123.5,28261.2,28691.1,49754.0,33352.4,33465.1,120532.1,82870.8,87872.8,22861.3,19707.2,19356.1,650512.9,652530.0,664715.7,2602.05,1616300.8,650512.9,101.203683613,,1.160641637,0.17442376,49563.7,49546.2,102.411297574,652530.0,664715.7,2571.1,1615728.8,624765.6,634912.6,129184.9,17631.8,10147.0,7484.8,6535.0,5311.4,5007.5,36930.4,428081.1,349395.9,283291.0,235677.4,410131.8,144790.1,113718.5,619832.9,530129.4,560928.7,477572.6,825535.9,809088.7,217498.7,203337.6,153417.3,145597.3,64081.5,57740.3,209701.0,205703.0,278959.2,189753.4,15949.6,200770.2,179162.8,126710.3,74059.9,32610.5,1.60988,64081.7,57740.3
2017-Q3,42375.6,127176.0,662275.6,654822.7,662750.8,19359.7,17890.8,17873.6,262837.1,353026.8,345712.8,89778.9,83663.2,84267.8,39465.6,29652.8,29031.0,72339.7,60577.1,59995.5,340613.1,254252.4,270133.4,39353.7,35718.7,38103.6,34046.5,27836.1,29195.7,48347.3,32521.5,33644.3,124363.1,78580.5,89420.0,22162.9,19018.5,19774.3,669249.6,660411.3,668243.5,2677.0,1638835.3,669249.6,103.568989247,,0.530724533,1.019430693,49930.1,49487.4,102.954819455,660411.3,668243.5,2584.75,1624303.9,644513.4,655650.3,152691.7,18798.3,11137.0,7661.4,6974.0,5588.6,5492.7,33523.4,426920.4,342687.7,284168.8,235917.7,408915.5,142751.6,106770.0,602137.7,511555.0,541593.1,453186.9,821943.8,789654.5,199953.7,190547.6,134931.1,127576.0,65022.6,62971.6,193222.2,219806.1,278099.5,196313.1,23493.0,177430.4,150923.5,123853.5,53576.9,32822.6,1.63348,65022.5,62971.6
2017-Q4,51871.7,142054.7,698268.2,676953.9,663576.9,17524.0,15644.1,18007.6,280084.1,341415.1,344237.9,88129.9,83070.5,82390.2,38046.0,29667.1,28599.9,73803.9,62525.3,60362.4,362614.1,290227.6,272731.5,43684.4,40140.1,38535.9,37932.3,31695.4,29601.0,49973.7,33660.9,33599.0,134353.1,102763.9,90511.0,22866.7,19442.0,20122.2,703589.2,681144.5,667087.1,2814.36,1652006.2,703589.2,109.071921042,,-0.1730546,-0.7727501,50009.4,49085.7,102.776651404,681144.5,667087.1,2580.28,1621492.9,678202.5,687952.5,106462.9,18260.0,9750.0,8509.9,5321.0,4190.6,3510.1,36600.8,499385.7,430203.7,286934.2,239127.4,481205.6,212451.5,191076.2,626330.8,516837.1,679955.5,602923.0,879552.3,834294.7,152331.9,108886.1,201043.9,190035.2,-48711.9,-81149.1,145125.2,253221.4,317457.6,238516.1,14705.3,201349.8,175402.9,128162.3,73187.5,33033.9,1.7036,-48712.0,-81149.1
2018-Q1,69293.9,115407.4,730150.7,654042.7,649405.2,20698.8,19283.1,18046.3,317243.6,335164.3,337972.3,101188.6,82017.5,80388.4,36779.1,27197.6,27250.0,71564.3,58213.5,57593.6,355429.2,272397.7,266136.6,41448.6,37664.1,36568.9,33409.9,26388.2,27369.9,53197.3,34524.9,33402.7,131851.0,95489.3,91709.5,23958.1,20117.7,19492.0,749238.7,672415.7,671959.9,2996.95,1666323.9,749238.7,115.30632109,,0.730472101,2.263120214,50331.8,49335.4,103.527406169,672415.7,671959.9,2599.12,1633337.5,723053.5,728893.6,197619.1,14322.4,5840.1,8482.2,19087.9,18373.0,22554.8,39429.9,442440.3,351315.4,297412.2,241350.5,423949.8,145028.1,109965.0,653759.6,534135.3,578814.7,482356.6,915964.5,817901.3,237504.5,205692.9,157915.3,148934.6,79589.2,56758.3,229809.7,262204.9,283766.0,244247.0,17957.9,192911.0,168358.6,126055.6,66855.4,33106.8,1.79854,79589.2,56758.3
2018-Q2,104051.6,133672.6,779994.3,648029.7,658655.5,20264.8,19253.8,18164.4,357455.5,341729.9,345315.2,98631.7,78972.9,81094.7,34863.9,25667.8,26729.2,67068.6,54511.9,57906.3,367410.2,261378.1,268446.7,40128.4,36235.1,37064.5,35806.4,27268.0,27584.2,50496.1,33765.6,33806.6,149815.1,89461.7,92434.5,24095.5,20135.9,19650.6,798575.6,665540.1,675648.9,3194.3,1695864.4,798575.6,122.228174557,,0.548978001,1.644790487,50910.4,49302.5,104.095748854,665540.1,675648.9,2613.39,1642304.1,765639.1,775793.2,197943.2,20509.4,10154.0,10355.4,18581.3,17510.5,16993.3,39105.8,494214.2,381478.1,300491.2,243823.4,466850.7,193723.0,137654.7,661587.6,504825.6,636165.3,519665.3,961077.6,810084.8,200309.8,150389.3,172286.5,162383.7,28023.3,-11994.3,194736.9,299490.0,305259.2,281109.0,18381.0,195438.4,171586.5,133019.8,62418.7,33310.8,1.88358,28023.3,-11994.3
2018-Q3,125830.9,146528.7,778645.2,656542.7,665833.0,19784.2,18266.8,18226.3,374810.4,357801.8,350623.0,98470.6,80943.8,81472.2,36883.7,27130.8,26559.8,71605.8,59167.5,58478.9,347167.1,253343.4,270423.9,40907.5,36301.6,38077.1,34171.5,26444.3,27760.2,49000.9,32880.3,34045.9,128671.0,79517.7,92301.3,22810.3,19031.9,19760.5,801495.8,678092.4,687281.3,3205.98,1707744.0,801495.8,120.59881681,,1.721667045,2.84893084,50952.8,49843.9,105.887931058,678092.4,687281.3,2658.39,1670579.2,775364.6,782701.2,233399.6,18512.4,7336.6,11175.8,22850.5,21549.7,21448.3,37036.9,460594.9,358937.5,300351.0,241528.0,439458.0,160244.0,117409.5,649533.7,508891.9,580804.3,475856.4,961562.0,816161.3,215069.9,172626.2,143877.6,136212.6,71192.2,36413.6,210075.8,312028.2,307269.4,288445.0,23583.2,186197.3,160740.7,128021.4,58175.9,33516.2,1.87732,71192.2,36413.6
2018-Q4,95800.5,163836.7,801161.7,690099.3,676389.3,18036.0,15975.1,18341.9,365550.2,356795.2,359127.9,100753.6,80804.1,79783.0,36265.3,26751.1,26208.3,73939.3,61404.4,59318.4,381310.3,290577.9,272711.1,44294.0,39785.4,38275.7,39161.4,30717.0,28103.2,51069.8,34313.2,34250.3,149020.6,104876.0,92899.4,23825.0,19481.8,19864.2,825379.2,713068.7,695795.5,3301.52,1744200.5,825379.2,122.672786348,,1.23882036,4.303546421,51724.6,50155.1,107.199692307,713068.7,695795.5,2691.32,1691274.6,798112.8,803697.6,161076.5,19649.3,5584.9,14064.4,24217.4,22969.4,19406.2,38425.7,553136.9,451336.1,302887.5,242139.7,529252.7,250249.4,209196.5,702312.2,525849.7,710597.6,604942.0,1009526.2,871377.9,176441.7,97895.9,183747.2,175137.8,-7305.5,-77241.9,173059.5,307214.0,345528.2,290151.0,17063.0,211413.5,181691.5,126895.9,84517.6,33720.9,1.89285,-7305.5,-77241.9
2019-Q1,75526.6,121417.7,736577.5,666488.0,663641.4,20991.4,19598.4,18495.3,306502.7,340570.8,342305.4,101650.7,83581.6,80830.8,37833.3,27120.9,26925.9,73024.3,60064.7,60535.2,371250.2,279197.9,275914.7,43744.4,39547.2,38773.5,34626.3,26684.0,28134.9,53932.6,36064.4,34941.9,141481.6,96813.3,93576.3,24441.0,20024.2,19953.0,755656.8,684845.6,686042.9,3022.63,1687898.0,755656.8,113.906805808,,-1.401643482,2.095801216,49774.3,49174.8,105.697134807,684845.6,686042.9,2653.6,1667569.0,725803.7,734543.0,188210.4,19082.9,8739.3,10343.6,19079.3,18357.6,22401.5,35038.4,467229.9,370313.0,311794.2,256854.8,440371.1,155435.6,113458.2,650277.1,537713.4,594541.2,494776.1,920918.3,834506.6,212900.4,193114.9,163973.7,155776.6,48926.7,37338.3,209906.0,270641.2,296793.2,249100.3,21540.9,195114.6,175375.5,132191.8,62922.8,33911.0,1.79076,48926.7,37338.3
2019-Q2,64958.0,101020.3,765010.0,652358.1,664173.9,20821.5,19663.2,18770.6,325852.3,335018.2,338445.9,95624.3,78667.9,80845.0,37965.5,26515.6,27655.2,72634.5,58411.0,62085.8,380370.7,271161.1,279302.2,43107.1,38563.5,39868.6,38262.3,28647.4,28692.3,50920.6,34462.4,34576.8,150092.0,90450.4,93989.2,25354.2,20626.5,20089.6,788245.0,674315.2,685974.4,3152.98,1736342.3,788245.0,118.830970477,,-0.009983224,1.528241055,50898.7,48877.8,105.686582825,674315.2,685974.4,2653.33,1667402.5,750499.7,763055.9,188616.3,24679.5,12556.2,12123.4,23235.0,21957.1,21800.5,34653.5,501873.4,393013.7,316822.5,258760.2,466741.9,185050.9,134253.4,685541.7,542698.9,648520.4,533570.3,960158.3,833999.4,221413.6,180281.3,191601.9,177535.2,29811.7,2746.0,218799.9,274616.5,291300.5,252631.0,21985.5,209658.6,190280.2,151818.6,57840.0,34113.7,1.81587,29811.7,2746.0
2019-Q3,58877.6,99715.3,763350.4,656298.2,663123.4,20256.8,18771.8,18605.8,329445.7,341843.8,335631.2,96185.5,80556.7,81785.5,40068.3,27951.1,27491.9,78931.1,64751.6,63451.0,373579.6,267731.6,281394.6,43313.8,38364.0,39592.5,36625.6,28032.6,29088.7,49655.8,33799.0,34880.1,140950.5,83224.0,94255.3,24102.8,19560.3,20126.9,786409.4,678159.5,685188.2,3145.64,1756804.0,786409.4,118.690278598,,-0.114606113,-0.304540389,51188.8,48528.2,105.565459541,678159.5,685188.2,2650.29,1665491.6,755028.5,757230.1,180269.2,13968.2,2201.6,11766.7,23059.1,21861.3,22064.8,34002.6,498645.1,386846.8,319642.9,259207.5,469387.2,179002.2,127639.3,696150.9,551849.5,627381.1,508255.9,958230.0,836923.8,228886.8,191597.4,167842.7,153891.9,61044.1,37705.6,226763.7,262079.1,285074.3,235886.7,26192.4,203201.5,185358.9,145451.5,57750.0,34320.1,1.79055,61044.1,37705.6
2019-Q4,51584.4,109862.2,787735.3,689627.8,675385.6,18418.0,16373.8,18535.4,331178.9,342287.0,344880.4,99274.5,81094.2,80439.1,39181.1,28368.3,27882.8,81707.2,67902.8,65058.2,398957.3,302598.6,284086.9,46962.3,42009.8,40250.0,41954.8,31999.8,29447.9,51883.7,35292.7,35228.8,151234.0,105258.6,93925.6,25215.5,20135.0,20176.5,814306.4,714510.5,696177.6,3257.23,1825830.2,814306.4,120.960649649,,1.603847237,0.054921743,52879.9,49009.8,107.258568246,714510.5,696177.6,2692.8,1692203.5,782229.1,788355.0,170834.7,19597.8,6125.9,13471.8,26571.0,24882.8,20792.0,33513.0,536135.5,438693.4,319655.4,256879.4,508036.7,216480.1,181814.0,730644.7,577659.6,678784.3,572628.5,995282.6,884262.3,226586.5,165954.9,180536.3,165526.7,46050.2,428.2,222608.1,264637.8,306602.7,243446.4,21191.5,213053.5,196740.6,144899.5,68154.0,34527.9,1.78397,46050.2,428.2
2020-Q1,30322.0,119265.6,697256.7,656904.7,652601.6,21132.9,19555.1,18444.5,259705.2,325601.3,326002.5,94540.5,75696.1,71566.6,40028.6,28373.8,27961.1,74066.4,60277.1,61258.5,376390.0,283374.5,280193.4,44640.4,41007.4,40501.4,37396.1,28978.1,30092.0,53299.3,35735.8,34613.1,143760.6,97223.5,93551.2,23227.2,20152.6,20177.3,722186.6,676056.5,675646.9,2888.75,1749021.9,722186.6,110.536558728,-2.949058678,-2.949058678,-1.515352973,50242.7,47176.9,104.095450132,676056.5,675646.9,2613.39,1642299.4,694823.6,689042.2,110782.0,1191.0,-5781.4,6972.4,24929.9,19151.8,23045.3,32263.6,482006.5,374821.3,313639.0,254603.5,463221.3,168367.4,120217.8,664524.4,532618.6,620105.1,503031.4,874083.8,804957.6,209858.1,181969.6,169795.9,155403.4,40062.2,26566.2,201303.1,209559.5,272339.0,191685.0,17874.5,179237.4,153073.4,132380.8,46879.5,34811.5,1.65164,40062.2,26566.2
2020-Q2,-46229.3,125069.7,573043.7,605289.6,622752.3,20739.5,17743.7,17519.9,171057.5,313510.2,317672.0,73975.7,68964.2,71244.9,35707.3,25868.9,27697.9,56773.1,45736.0,49993.2,345539.3,248166.8,259862.5,35401.9,32168.5,34257.7,38932.9,29859.5,30335.5,50192.6,34264.7,34330.8,143966.9,88643.9,93551.8,20271.9,17494.2,17393.5,598320.8,624566.6,642150.6,2393.28,1588499.2,598320.8,96.35483772,-7.760514771,-4.957660407,-6.388541885,45371.2,44582.3,98.934751215,624566.6,642150.6,2483.82,1560879.8,565585.7,570887.2,51850.3,9906.8,5301.5,4605.3,25277.1,19277.0,19398.4,32393.3,441663.6,342115.0,264477.0,211455.4,419500.5,177186.6,130659.6,611106.2,471925.5,561649.6,454226.9,735365.3,744762.5,202886.5,157382.0,153312.9,139671.1,49573.6,17710.9,191605.7,123666.3,272311.4,119665.0,4594.1,169895.7,147241.8,124848.8,44930.8,35011.2,1.50663,49573.6,17710.9
2020-Q3,10174.0,97333.9,668518.4,623182.8,627735.0,20770.2,18905.1,18531.9,247723.5,315222.9,310119.3,83612.6,71838.8,74567.5,42448.7,28682.5,28184.9,70655.2,58819.8,56649.3,357576.1,260372.3,270898.9,39510.0,35809.8,36613.5,36606.0,29484.2,30515.4,50493.7,34504.5,35628.6,139524.3,83808.3,93207.6,20786.8,17945.7,18284.4,699582.7,645841.8,650879.5,2798.33,1704827.6,699582.7,111.151361463,-6.506683596,1.359321523,-5.007193624,48412.7,44927.4,100.279592582,645841.8,650879.5,2517.59,1582097.2,672367.2,695110.4,98580.0,29551.5,22743.3,6808.2,31064.3,22659.0,23144.5,37366.6,500047.3,368538.1,317389.4,239477.8,479657.8,182657.9,129060.3,660358.7,522997.8,625112.1,480360.3,827740.3,757500.8,189361.5,179969.9,156404.1,136769.4,32957.4,43200.5,180700.9,165663.2,232986.6,160586.0,6795.6,155489.2,135652.7,123032.6,32340.5,35214.5,1.64142,32957.4,43200.5
2020-Q4,8224.4,112787.1,697428.1,659706.2,643616.0,18868.7,16968.9,18676.5,247892.6,316624.9,318783.8,95857.6,79825.6,78945.6,42264.4,29151.8,28233.1,76266.4,64292.5,61224.4,388402.3,296960.6,277922.6,44670.2,39435.7,37048.9,42870.7,33869.5,31248.5,52346.2,36383.2,36318.9,149720.2,103842.3,93207.3,22528.7,19137.4,18874.6,733426.8,685898.3,665307.7,2933.71,1747444.0,733426.8,114.001500735,-4.434200582,2.216717829,-4.434200582,49336.1,45658.0,102.50250819,685898.3,665307.7,2573.39,1617167.8,704852.3,734442.8,74162.3,40820.6,29590.5,11230.0,35998.8,26192.1,21691.7,38327.2,564818.4,438302.9,323196.7,242695.0,538940.9,241621.7,195607.9,694011.2,546165.2,712035.8,562493.6,883418.8,825453.2,160384.1,134808.3,184032.8,152965.1,-23648.7,-18156.8,155070.3,186791.0,277054.7,180054.0,9353.6,178566.6,164267.6,137228.5,41338.1,35419.2,1.67886,-23648.7,-18156.8
2021-Q1,25610.7,79604.3,696782.2,641591.4,632651.0,22392.6,20188.3,18718.8,262308.5,301363.8,300340.9,105233.2,85796.3,80279.9,41728.3,29135.0,28442.8,77269.2,64270.0,64386.3,370352.7,290904.3,285148.5,42206.2,38669.1,37943.5,35546.7,29815.9,31633.3,54855.7,38097.8,36974.9,142049.7,99028.4,93615.4,18425.3,21023.2,20595.0,739044.4,659999.7,655093.5,2956.18,1715981.3,739044.4,116.665807341,-5.901382715,-1.535258578,-3.042035447,,,100.92882964,659999.7,655093.5,2533.89,1592340.1,715368.1,728000.0,139161.1,20472.0,12632.0,7840.0,42262.3,18408.3,22442.5,38884.0,506554.5,378751.4,337626.0,256786.4,482781.7,168928.5,121965.0,679956.6,545201.9,660111.8,510516.5,900304.6,790210.8,206879.3,201644.0,191160.0,161449.4,15719.2,40194.5,197174.9,214496.2,238222.9,212430.0,7918.0,188885.5,158618.6,137704.2,47232.3,,1.72273,15719.2,40194.5
2021-Q2,53939.8,92541.7,714287.8,619858.8,642017.2,22074.6,18240.2,18541.2,293936.1,302975.4,307392.6,98973.9,77873.6,80441.1,38067.9,26123.5,27932.0,75856.8,64031.9,66986.1,360209.1,272519.6,288151.4,37703.6,35029.3,38053.7,37258.6,31115.3,32210.7,52794.5,37217.5,37306.9,141967.8,85877.9,93888.3,14628.0,19247.6,19705.6,769954.3,643717.6,666700.7,3079.82,1754372.6,769954.3,119.429167771,-4.234111139,1.771834299,3.823095525,,,102.717121261,643717.6,666700.7,2578.78,1620553.7,735469.9,751441.0,136886.1,29239.0,15971.0,13268.0,55666.6,23858.9,24683.5,41857.0,527929.4,388332.4,341111.4,255668.3,503637.1,186818.0,132664.1,675190.6,509492.2,685553.7,518261.9,922983.5,760113.2,188085.2,162843.5,195728.6,159276.7,-7643.4,3566.8,171553.5,239513.0,242006.3,238636.8,9156.1,185573.2,149464.6,140944.0,46569.6,,1.75551,-7643.4,3566.8
2021-Q3,87852.2,113379.5,797463.8,667683.1,672126.6,22437.9,19311.1,18880.5,350962.9,341267.8,337833.6,110575.9,77993.0,82360.9,45031.4,28887.9,28432.0,78950.3,65186.4,63878.2,379031.5,278216.3,286980.4,43225.3,37472.5,38411.7,41695.6,33441.2,32807.9,50657.2,36093.7,37176.1,142595.1,86750.9,94780.6,21908.0,19271.6,19925.9,846435.2,689294.3,695146.7,3385.74,1866836.3,846435.2,125.919669418,-0.148083892,4.266683362,6.801127554,,,107.099735584,689294.3,695146.7,2688.81,1689697.6,820147.9,839520.0,212968.5,29113.0,19372.0,9741.0,48971.4,21611.2,23020.1,42425.0,533484.0,393190.3,350726.2,262745.3,507115.0,182757.7,130445.0,719357.3,540898.3,687498.0,517916.4,1005706.2,809146.6,225099.0,182724.5,193882.5,155140.2,31216.5,27584.3,212242.0,283941.7,265861.0,275967.0,10381.9,196089.4,152481.4,146555.8,39002.4,,1.81362,31216.5,27584.3
2021-Q4,108168.9,129584.1,850808.7,705668.9,681057.5,20934.9,17369.7,18968.7,379185.7,349370.3,342445.2,126229.9,88465.4,87046.4,45162.2,29340.4,28680.0,80822.2,67088.5,65326.3,405526.0,309588.5,290963.6,49896.6,42836.4,39598.3,45951.5,35192.3,32912.7,52603.5,37374.2,37340.6,151020.6,106150.8,95523.7,25231.6,20946.3,20262.1,901763.1,742585.6,711706.6,3607.05,1951903.6,901763.1,131.02911537,2.230601228,2.382212793,6.974044951,,,109.651079187,742585.6,711706.6,2752.86,1729949.8,854793.7,862409.0,171421.8,23659.0,7616.0,16043.0,50954.3,36916.7,30649.0,43339.0,595185.8,457437.6,353362.4,262285.2,567383.0,241823.4,195152.4,725511.7,559045.1,765411.4,593538.0,1057829.2,875304.5,198408.4,155563.8,211787.5,168172.0,-13379.1,-12608.2,158129.0,336430.2,319206.6,320487.0,11830.5,228261.3,189622.4,151138.7,51896.8,,1.84797,-13379.1,-12608.2
2022-Q1,179694.7,136760.0,924554.1,702545.9,702146.2,24236.5,20826.7,19167.5,461454.1,350913.1,359575.7,145983.7,92091.7,87432.9,44813.9,29249.1,28912.1,82529.8,68293.7,67029.8,394049.7,301557.1,294490.9,47585.7,40953.3,40268.9,39224.9,31071.4,33296.5,55226.7,38546.3,37396.9,144333.0,101430.3,95914.3,25149.5,21262.1,20584.6,977463.7,725735.3,731080.5,3909.85,2071720.5,977463.7,138.264854955,5.013499204,2.722177061,11.599407338,,,112.635975712,725735.3,731080.5,2827.8,1777042.1,944813.9,950343.0,,16135.0,5529.0,10606.0,52909.6,23189.3,28934.2,43590.0,536932.2,397386.0,363542.9,272395.0,514565.0,173389.3,124991.1,,,,,,,260836.9,191589.2,240698.7,189659.8,20138.1,1929.4,281787.0,383884.3,304657.7,,,204189.6,167897.7,,,,1.88725,20138.1,1929.4
2022-Q2,194207.8,118983.2,1033727.9,692924.4,715006.7,25172.5,18869.7,19387.1,573698.7,364237.7,367254.0,152191.6,88249.9,89484.7,43868.9,28429.1,29707.1,81985.0,66562.4,68155.4,390987.8,281387.9,298658.4,44284.0,37744.6,41467.1,42178.0,31787.3,33645.2,54302.8,37912.7,37997.7,145075.9,87904.3,96500.3,23162.1,19476.6,20892.8,1088078.0,716075.9,739074.9,4352.31,2198204.5,1088078.0,152.246697486,6.161833062,1.093510707,10.85558159,,,113.867662167,716075.9,739074.9,2858.72,1796474.3,1048074.0,1056749.0,,20609.0,8676.0,11933.0,54350.0,23151.5,24068.2,46921.0,578579.5,416280.1,369183.6,271704.8,549583.0,209395.9,144575.4,,,,,,,315290.6,180812.6,263219.8,202488.7,52070.8,-21676.1,282910.0,453405.5,309488.2,,,259197.7,190505.0,,,,1.97994,52070.8,-21676.1
2022-Q3,202980.7,143833.1,1015569.1,727041.0,724145.1,26499.2,19902.4,19570.2,535865.2,386157.8,372982.4,147841.8,85854.7,89457.4,48543.9,30170.3,29807.5,85948.3,68507.9,68910.6,404660.9,290810.5,301784.9,48048.2,40845.9,42492.4,47725.5,35297.6,34206.5,52227.6,36501.4,37646.3,145999.2,88922.9,97174.1,24712.2,20734.8,21354.9,1066284.4,749421.8,748181.3,4265.14,2216383.0,1066284.4,147.38136571,7.469882298,1.232127591,7.629263901,,,115.270657049,749421.8,748181.3,2893.95,1818609.1,,,,,,,50715.3,22380.8,24036.2,,574749.0,414637.8,372400.7,271383.1,,202348.3,143254.7,,,,,,,288554.7,190950.9,267883.4,204459.2,20671.3,-13508.2,,442822.9,319913.2,,,239842.2,176080.1,,,,1.92437,20671.3,-13508.2
2022-Q4,117168.9,136401.1,971147.7,745471.0,728183.3,24067.9,18445.7,19919.7,458278.9,369518.4,372486.5,164035.3,89976.3,89797.4,49564.2,30734.8,30156.4,89565.4,70478.3,69746.6,439236.7,326772.1,305620.7,57442.5,48465.8,43781.1,53561.2,37717.9,34726.1,54771.7,37710.6,37657.5,155775.2,109258.2,97926.9,28120.7,23141.3,21782.6,1023732.5,783569.0,757964.5,4094.93,2216728.1,1023732.5,139.673493072,8.875156293,1.307597966,6.499575455,,,116.777933816,783569.0,757964.5,2931.79,1842389.2,,,,,,,52584.9,38098.1,29781.1,,637802.6,478237.9,377979.0,271973.8,,259823.6,206264.1,,,,,,,268761.0,168930.1,267784.2,202808.3,976.8,-33878.2,,378696.8,330354.1,,,261527.8,193953.1,,,,1.84729,976.8,-33878.2
