country,TUR,TUR,TUR,TUR,TUR,TUR,TUR,TUR,TUR,TUR,TUR,TUR,TUR,TUR,TUR,TUR,TUR,TUR,TUR,TUR,TUR,TUR,TUR,TUR,TUR,TUR,TUR,TUR,TUR,TUR,TUR,TUR,TUR,TUR,TUR,TUR,TUR,TUR,TUR,TUR,TUR,TUR,TUR,TUR,TUR,TUR,TUR,TUR,TUR,TUR,TUR,TUR,TUR,TUR,TUR,TUR,TUR,TUR,TUR,TUR,TUR,TUR,TUR,TUR,TUR,TUR,TUR,TUR,TUR,TUR,TUR,TUR,TUR,TUR,TUR,TUR,TUR,TUR,TUR,TUR,TUR,TUR,TUR,TUR,TUR,TUR,TUR,TUR,TUR,TUR,TUR,TUR,TUR,TUR,TUR,TUR,TUR,TUR,TUR,TUR,TUR,TUR,TUR,TUR,TUR,TUR,TUR,TUR,TUR,TUR,TUR,TUR,TUR,TUR,TUR,TUR,TUR,TUR,TUR,TUR,TUR,TUR,TUR,TUR,TUR,TUR,TUR,TUR,TUR,TUR,TUR,TUR,TUR,TUR,TUR,TUR,TUR,TUR,TUR,TUR,TUR,TUR,TUR,TUR,TUR,TUR,TUR,TUR,TUR,TUR,TUR,TUR,TUR,TUR,TUR,TUR,TUR,TUR,TUR,TUR,TUR,TUR,TUR,TUR,TUR,TUR,TUR,TUR,TUR,TUR,TUR,TUR,TUR,TUR,TUR,TUR,TUR,TUR,TUR,TUR,TUR,TUR,TUR,TUR,TUR,TUR,TUR,TUR,TUR,TUR,TUR,TUR,TUR,TUR,TUR,TUR,TUR,TUR,TUR,TUR,TUR,TUR,TUR,TUR,TUR,TUR,TUR,TUR,TUR,TUR,TUR,TUR,TUR,TUR,TUR,TUR,TUR,TUR,TUR,TUR,TUR,TUR,TUR,TUR,TUR,TUR,TUR,TUR,TUR,TUR
subject,B11,B11,B11,B11,B1G,B1G,B1G,B1G,B1GVA,B1GVA,B1GVA,B1GVA,B1GVB_E,B1GVB_E,B1GVB_E,B1GVB_E,B1GVC,B1GVC,B1GVC,B1GVC,B1GVF,B1GVF,B1GVF,B1GVF,B1GVG_I,B1GVG_I,B1GVG_I,B1GVG_I,B1GVG_U,B1GVG_U,B1GVG_U,B1GVG_U,B1GVJ,B1GVJ,B1GVJ,B1GVJ,B1GVK,B1GVK,B1GVK,B1GVK,B1GVL,B1GVL,B1GVL,B1GVL,B1GVM_N,B1GVM_N,B1GVM_N,B1GVM_N,B1GVO_Q,B1GVO_Q,B1GVO_Q,B1GVO_Q,B1GVR_U,B1GVR_U,B1GVR_U,B1GVR_U,B1_GA,B1_GA,B1_GA,B1_GA,B1_GE,B1_GE,B1_GE,B1_GE,B1_GE,B1_GE,B1_GE,B1_GE,B1_GE,B1_GE,B1_GE,B1_GE,B1_GE,B1_GE,B1_GE,B1_GI,B1_GI,B2G_B3G,B2G_B3G,B2N_B3N,B2N_B3N,D1,D1,D1S1,D1S1,D1VA,D1VA,D1VB_E,D1VB_E,D1VC,D1VC,D1VF,D1VF,D1VG_I,D1VG_I,D1VJ,D1VJ,D1VK,D1VK,D1VL,D1VL,D1VM_N,D1VM_N,D1VO_Q,D1VO_Q,D1VR_U,D1VR_U,D21_D31,D21_D31,D21_D31,D21_D31,D2_D3,D2_D3,K1,K1,P3,P3,P3,P3,P3,P311B,P311B,P312B,P312B,P312N,P313B,P313B,P314B,P314B,P31DC,P31NC,P31NC,P31S14,P31S14,P31S14,P31S14,P31S14_S15,P31S14_S15,P31S14_S15,P31S14_S15,P31S14_S15,P31S14_S15,P31S14_S15,P31S14_S15,P31S14_S15,P31S14_S15,P31S14_S15,P31S14_S15,P31S14_S15,P31S14_S15B,P31S14_S15B,P31S15,P31S15,P31S15,P31S15,P3S13,P3S13,P3S13,P3S13,P3S13,P3S13,P3S13,P3S13,P3S13,P3S13,P3S13,P3S13,P3S13,P3_P5,P3_P5,P5,P5,P51,P51,P51,P51,P51,P51,P51,P51,P51,P51,P51,P51,P51,P51A,P51A,P51N1111,P51N1111,P51N1113,P51N1113,P51N112,P51N112,P52,P52,P52_P53,P52_P53,P6,P6,P6,P6,P6,P6,P6,P6,P6,P6,P6,P6,P6,P7,P7,P7,P7,P7,P7,P7,P7,P7,P7,P7,P7,P7,POPNC,POPNC,PPPGDP,RB1_GE,RB1_GE,RB1_GE,RB1_GE
measure,CQR,CQRSA,LNBQR,LNBQRSA,CQR,CQRSA,LNBQR,LNBQRSA,CQR,CQRSA,LNBQR,LNBQRSA,CQR,CQRSA,LNBQR,LNBQRSA,CQR,CQRSA,LNBQR,LNBQRSA,CQR,CQRSA,LNBQR,LNBQRSA,CQR,CQRSA,LNBQR,LNBQRSA,CQR,CQRSA,LNBQR,LNBQRSA,CQR,CQRSA,LNBQR,LNBQRSA,CQR,CQRSA,LNBQR,LNBQRSA,CQR,CQRSA,LNBQR,LNBQRSA,CQR,CQRSA,LNBQR,LNBQRSA,CQR,CQRSA,LNBQR,LNBQRSA,CQR,CQRSA,LNBQR,LNBQRSA,CQR,CQRSA,LNBQR,LNBQRSA,CARSA,CPCARSA,CQR,CQRSA,DNBSA,DOBSA,GPSA,GYSA,HCPCARSA,HVPVOBARSA,LNBQR,LNBQRSA,VIXOBSA,VOBARSA,VPVOBARSA,CQR,CQRSA,CQR,CQRSA,CQR,CQRSA,CQR,CQRSA,CQR,CQRSA,CQR,CQRSA,CQR,CQRSA,CQR,CQRSA,CQR,CQRSA,CQR,CQRSA,CQR,CQRSA,CQR,CQRSA,CQR,CQRSA,CQR,CQRSA,CQR,CQRSA,CQR,CQRSA,CQR,CQRSA,LNBQR,LNBQRSA,CQR,CQRSA,CQR,CQRSA,CQR,CQRSA,DNBSA,LNBQR,LNBQRSA,CQR,LNBQR,CQR,LNBQR,CQR,CQR,LNBQR,CQR,LNBQR,CQR,CQR,LNBQR,CQR,CQRSA,LNBQR,LNBQRSA,CARSA,CPCARSA,CQR,CQRSA,DNBSA,DOBSA,GPSA,GYSA,LNBQR,LNBQRSA,VIXOBSA,VOBARSA,VPVOBARSA,CQR,LNBQR,CQR,CQRSA,LNBQR,LNBQRSA,CARSA,CPCARSA,CQR,CQRSA,DNBSA,DOBSA,GPSA,GYSA,LNBQR,LNBQRSA,VIXOBSA,VOBARSA,VPVOBARSA,CQR,CQRSA,CQR,CQRSA,CARSA,CPCARSA,CQR,CQRSA,DNBSA,DOBSA,GPSA,GYSA,LNBQR,LNBQRSA,VIXOBSA,VOBARSA,VPVOBARSA,CQR,LNBQR,CQR,LNBQR,CQR,LNBQR,CQR,LNBQR,CQR,CQRSA,CQR,CQRSA,CARSA,CPCARSA,CQR,CQRSA,DNBSA,DOBSA,GPSA,GYSA,LNBQR,LNBQRSA,VIXOBSA,VOBARSA,VPVOBARSA,CARSA,CPCARSA,CQR,CQRSA,DNBSA,DOBSA,GPSA,GYSA,LNBQR,LNBQRSA,VIXOBSA,VOBARSA,VPVOBARSA,PER,PERSA,CD,CARSA,CQR,CQRSA,VOBARSA
unit,Turkish Lira,Turkish Lira,Turkish Lira,Turkish Lira,Turkish Lira,Turkish Lira,Turkish Lira,Turkish Lira,Turkish Lira,Turkish Lira,Turkish Lira,Turkish Lira,Turkish Lira,Turkish Lira,Turkish Lira,Turkish Lira,Turkish Lira,Turkish Lira,Turkish Lira,Turkish Lira,Turkish Lira,Turkish Lira,Turkish Lira,Turkish Lira,Turkish Lira,Turkish Lira,Turkish Lira,Turkish Lira,Turkish Lira,Turkish Lira,Turkish Lira,Turkish Lira,Turkish Lira,Turkish Lira,Turkish Lira,Turkish Lira,Turkish Lira,Turkish Lira,Turkish Lira,Turkish Lira,Turkish Lira,Turkish Lira,Turkish Lira,Turkish Lira,Turkish Lira,Turkish Lira,Turkish Lira,Turkish Lira,Turkish Lira,Turkish Lira,Turkish Lira,Turkish Lira,Turkish Lira,Turkish Lira,Turkish Lira,Turkish Lira,Turkish Lira,Turkish Lira,Turkish Lira,Turkish Lira,Turkish Lira,US Dollar,Turkish Lira,Turkish Lira,Index,Index,Percentage,Percentage,US Dollar,US Dollar,Turkish Lira,Turkish Lira,Index,Turkish Lira,US Dollar,Turkish Lira,Turkish Lira,Turkish Lira,Turkish Lira,Turkish Lira,Turkish Lira,Turkish Lira,Turkish Lira,Turkish Lira,Turkish Lira,Turkish Lira,Turkish Lira,Turkish Lira,Turkish Lira,Turkish Lira,Turkish Lira,Turkish Lira,Turkish Lira,Turkish Lira,Turkish Lira,Turkish Lira,Turkish Lira,Turkish Lira,Turkish Lira,Turkish Lira,Turkish Lira,Turkish Lira,Turkish Lira,Turkish Lira,Turkish Lira,Turkish Lira,Turkish Lira,Turkish Lira,Turkish Lira,Turkish Lira,Turkish Lira,Turkish Lira,Turkish Lira,Turkish Lira,Turkish Lira,Turkish Lira,Turkish Lira,Index,Turkish Lira,Turkish Lira,Turkish Lira,Turkish Lira,Turkish Lira,Turkish Lira,Turkish Lira,Turkish Lira,Turkish Lira,Turkish Lira,Turkish Lira,Turkish Lira,Turkish Lira,Turkish Lira,Turkish Lira,Turkish Lira,Turkish Lira,Turkish Lira,Turkish Lira,US Dollar,Turkish Lira,Turkish Lira,Index,Index,Percentage,Percentage,Turkish Lira,Turkish Lira,Index,Turkish Lira,US Dollar,Turkish Lira,Turkish Lira,Turkish Lira,Turkish Lira,Turkish Lira,Turkish Lira,Turkish Lira,US Dollar,Turkish Lira,Turkish Lira,Index,Index,Percentage,Percentage,Turkish Lira,Turkish Lira,Index,Turkish Lira,US Dollar,Turkish Lira,Turkish Lira,Turkish Lira,Turkish Lira,Turkish Lira,US Dollar,Turkish Lira,Turkish Lira,Index,Index,Percentage,Percentage,Turkish Lira,Turkish Lira,Index,Turkish Lira,US Dollar,Turkish Lira,Turkish Lira,Turkish Lira,Turkish Lira,Turkish Lira,Turkish Lira,Turkish Lira,Turkish Lira,Turkish Lira,Turkish Lira,Turkish Lira,Turkish Lira,Turkish Lira,US Dollar,Turkish Lira,Turkish Lira,Index,Index,Percentage,Percentage,Turkish Lira,Turkish Lira,Index,Turkish Lira,US Dollar,Turkish Lira,US Dollar,Turkish Lira,Turkish Lira,Index,Index,Percentage,Percentage,Turkish Lira,Turkish Lira,Index,Turkish Lira,US Dollar,Persons,Persons,Turkish Lira,Turkish Lira,Turkish Lira,Turkish Lira,Turkish Lira
powercode,Millions,Millions,Millions,Millions,Millions,Millions,Millions,Millions,Millions,Millions,Millions,Millions,Millions,Millions,Millions,Millions,Millions,Millions,Millions,Millions,Millions,Millions,Millions,Millions,Millions,Millions,Millions,Millions,Millions,Millions,Millions,Millions,Millions,Millions,Millions,Millions,Millions,Millions,Millions,Millions,Millions,Millions,Millions,Millions,Millions,Millions,Millions,Millions,Millions,Millions,Millions,Millions,Millions,Millions,Millions,Millions,Millions,Millions,Millions,Millions,Millions,Millions,Millions,Millions,Units,Units,Units,Units,Units,Units,Millions,Millions,Units,Millions,Millions,Millions,Millions,Millions,Millions,Millions,Millions,Millions,Millions,Millions,Millions,Millions,Millions,Millions,Millions,Millions,Millions,Millions,Millions,Millions,Millions,Millions,Millions,Millions,Millions,Millions,Millions,Millions,Millions,Millions,Millions,Millions,Millions,Millions,Millions,Millions,Millions,Millions,Millions,Millions,Millions,Millions,Millions,Units,Millions,Millions,Millions,Millions,Millions,Millions,Millions,Millions,Millions,Millions,Millions,Millions,Millions,Millions,Millions,Millions,Millions,Millions,Millions,Millions,Millions,Millions,Units,Units,Units,Units,Millions,Millions,Units,Millions,Millions,Millions,Millions,Millions,Millions,Millions,Millions,Millions,Millions,Millions,Millions,Units,Units,Units,Units,Millions,Millions,Units,Millions,Millions,Millions,Millions,Millions,Millions,Millions,Millions,Millions,Millions,Units,Units,Units,Units,Millions,Millions,Units,Millions,Millions,Millions,Millions,Millions,Millions,Millions,Millions,Millions,Millions,Millions,Millions,Millions,Millions,Millions,Millions,Millions,Millions,Units,Units,Units,Units,Millions,Millions,Units,Millions,Millions,Millions,Millions,Millions,Millions,Units,Units,Units,Units,Millions,Millions,Units,Millions,Millions,Thousands,Thousands,Units,Millions,Millions,Millions,Millions
reference_period,,,2009,2009,,,2009,2009,,,2009,2009,,,2009,2009,,,2009,2009,,,2009,2009,,,2009,2009,,,2009,2009,,,2009,2009,,,2009,2009,,,2009,2009,,,2009,2009,,,2009,2009,,,2009,2009,,,2009,2009,,,,,2009,2015,,,,2015,2009,2009,2015,2015,2015,,,,,,,,,,,,,,,,,,,,,,,,,,,,,,,,,,,2009,2009,,,,,,,2009,2009,2009,,2009,,2009,,,2009,,2009,,,2009,,,2009,2009,,,,,2009,2015,,,2009,2009,2015,2015,2015,,2009,,,2009,2009,,,,,2009,2015,,,2009,2009,2015,2015,2015,,,,,,,,,2009,2015,,,2009,2009,2015,2015,2015,,2009,,2009,,2009,,2009,,,,,,,,,2009,2015,,,2009,2009,2015,2015,2015,,,,,2009,2015,,,2009,2009,2015,2015,2015,,,,,,,2015
time,,,,,,,,,,,,,,,,,,,,,,,,,,,,,,,,,,,,,,,,,,,,,,,,,,,,,,,,,,,,,,,,,,,,,,,,,,,,,,,,,,,,,,,,,,,,,,,,,,,,,,,,,,,,,,,,,,,,,,,,,,,,,,,,,,,,,,,,,,,,,,,,,,,,,,,,,,,,,,,,,,,,,,,,,,,,,,,,,,,,,,,,,,,,,,,,,,,,,,,,,,,,,,,,,,,,,,,,,,,,,,,,,,,,,,
1960,,,,,,,,,,,,,,,,,,,,,,,,,,,,,,,,,,,,,,,,,,,,,,,,,,,,,,,,,,,,,0.1,24523.4,,,,5.028e-05,,,,,,,,182256.1,156785.8,,,,,,,,,,,,,,,,,,,,,,,,,,,,,,,,,,,,,,,,,,,,,,,,,,,,,,,,,,,,,,0.1,18057.3,,,,,,,,,,145092.9,124816.2,,,,,,,0.0,1549.7,,,,,,,,,,15696.2,13502.7,,,,,0.0,3720.7,,,,,,,,,,19478.3,16756.2,,,,,,,,,,,,,0.0,945.2,,,,,,,,,,7099.5,6107.4,0.0,1000.9,,,,,,,,,,9319.4,8017.0,,,0.0,0.0,,,4208.5
1961,,,,,,,,,,,,,,,,,,,,,,,,,,,,,,,,,,,,,,,,,,,,,,,,,,,,,,,,,,,,,0.1,25302.3,,,,5.2425e-05,,,,,,,,185388.6,159480.5,,,,,,,,,,,,,,,,,,,,,,,,,,,,,,,,,,,,,,,,,,,,,,,,,,,,,,,,,,,,,,0.1,18390.2,,,,,,,,,,146501.1,126027.6,,,,,,,0.0,1837.3,,,,,,,,,,16849.2,14494.6,,,,,0.0,3777.0,,,,,,,,,,20146.1,17330.7,,,,,,,,,,,,,0.0,974.3,,,,,,,,,,7221.3,6212.2,0.0,1075.1,,,,,,,,,,9927.9,8540.5,,,0.0,0.0,,,4598.7
1962,,,,,,,,,,,,,,,,,,,,,,,,,,,,,,,,,,,,,,,,,,,,,,,,,,,,,,,,,,,,,0.1,27345.8,,,,5.7416e-05,,,,,,,,196649.2,169167.6,,,,,,,,,,,,,,,,,,,,,,,,,,,,,,,,,,,,,,,,,,,,,,,,,,,,,,,,,,,,,,0.1,20575.0,,,,,,,,,,157931.5,135860.6,,,,,,,0.0,1820.8,,,,,,,,,,17550.2,15097.6,,,,,0.0,3924.3,,,,,,,,,,21503.3,18498.2,,,,,,,,,,,,,0.0,1053.7,,,,,,,,,,7659.5,6589.1,0.0,1295.0,,,,,,,,,,12041.7,10358.9,,,0.0,0.0,,,4046.4
1963,,,,,,,,,,,,,,,,,,,,,,,,,,,,,,,,,,,,,,,,,,,,,,,,,,,,,,,,,,,,,0.1,30478.7,,,,6.0651e-05,,,,,,,,215188.3,185115.7,,,,,,,,,,,,,,,,,,,,,,,,,,,,,,,,,,,,,,,,,,,,,,,,,,,,,,,,,,,,,,0.1,23043.1,,,,,,,,,,173600.2,149339.6,,,,,,,0.0,2013.7,,,,,,,,,,19035.8,16375.5,,,,,0.0,4173.7,,,,,,,,,,22509.5,19363.8,,,,,,,,,,,,,0.0,1174.4,,,,,,,,,,8381.2,7210.0,0.0,1526.2,,,,,,,,,,13925.1,11979.0,,,0.0,0.0,,,5586.6
1964,,,,,,,,,,,,,,,,,,,,,,,,,,,,,,,,,,,,,,,,,,,,,,,,,,,,,,,,,,,,,0.1,32512.1,,,,6.2211e-05,,,,,,,,224098.0,192780.4,,,,,,,,,,,,,,,,,,,,,,,,,,,,,,,,,,,,,,,,,,,,,,,,,,,,,,,,,,,,,,0.1,23497.3,,,,,,,,,,175298.1,150800.2,,,,,,,0.0,2351.9,,,,,,,,,,20485.1,17622.3,,,,,0.0,4502.0,,,,,,,,,,23164.8,19927.5,,,,,,,,,,,,,0.0,1251.9,,,,,,,,,,8728.5,7508.7,0.0,1233.3,,,,,,,,,,10934.4,9406.3,,,0.0,0.0,,,7355.9
1965,,,,,,,,,,,,,,,,,,,,,,,,,,,,,,,,,,,,,,,,,,,,,,,,,,,,,,,,,,,,,0.1,34361.6,,,,6.4836e-05,,,,,,,,229964.5,197827.0,,,,,,,,,,,,,,,,,,,,,,,,,,,,,,,,,,,,,,,,,,,,,,,,,,,,,,,,,,,,,,0.1,24759.1,,,,,,,,,,179779.8,154655.6,,,,,,,0.0,2547.1,,,,,,,,,,21467.2,18467.2,,,,,0.0,4748.8,,,,,,,,,,23737.2,20419.9,,,,,,,,,,,,,0.0,1323.4,,,,,,,,,,8957.6,7705.7,0.0,1250.2,,,,,,,,,,10878.6,9358.3,,,0.0,0.0,,,6901.3
1966,,,,,,,,,,,,,,,,,,,,,,,,,,,,,,,,,,,,,,,,,,,,,,,,,,,,,,,,,,,,,0.2,39972.0,,,,6.892e-05,,,,,,,,256892.4,220991.7,,,,,,,,,,,,,,,,,,,,,,,,,,,,,,,,,,,,,,,,,,,,,,,,,,,,,,,,,,,,,,0.1,27953.4,,,,,,,,,,196157.9,168744.9,,,,,,,0.0,2905.9,,,,,,,,,,23057.2,19835.0,,,,,0.0,6028.7,,,,,,,,,,29002.3,24949.2,,,,,,,,,,,,,0.0,1539.4,,,,,,,,,,10006.6,8608.2,0.0,1548.0,,,,,,,,,,13584.8,11686.3,,,0.0,0.0,,,12253.1
1967,,,,,,,,,,,,,,,,,,,,,,,,,,,,,,,,,,,,,,,,,,,,,,,,,,,,,,,,,,,,,0.2,43590.1,,,,7.3525e-05,,,,,,,,268457.1,230940.2,,,,,,,,,,,,,,,,,,,,,,,,,,,,,,,,,,,,,,,,,,,,,,,,,,,,,,,,,,,,,,0.1,30106.7,,,,,,,,,,202223.9,173963.1,,,,,,,0.0,3216.2,,,,,,,,,,25057.4,21555.6,,,,,0.0,6762.0,,,,,,,,,,30860.0,26547.3,,,,,,,,,,,,,0.0,1596.2,,,,,,,,,,10850.2,9333.9,0.0,1404.5,,,,,,,,,,12524.2,10774.0,,,0.0,0.0,,,11989.9
1968,,,,,,,,,,,,,,,,,,,,,,,,,,,,,,,,,,,,,,,,,,,,,,,,,,,,,,,,,,,,,0.2,49363.7,,,,7.6406e-05,,,,,,,,286409.0,246383.4,,,,,,,,,,,,,,,,,,,,,,,,,,,,,,,,,,,,,,,,,,,,,,,,,,,,,,,,,,,,,,0.2,34236.5,,,,,,,,,,216947.4,186629.0,,,,,,,0.0,3713.7,,,,,,,,,,26757.6,23018.2,,,,,0.0,8110.6,,,,,,,,,,35005.5,30113.5,,,,,,,,,,,,,0.0,1646.2,,,,,,,,,,10862.9,9344.8,0.0,1726.9,,,,,,,,,,14737.1,12677.6,,,0.0,0.0,,,11572.8
1969,,,,,,,,,,,,,,,,,,,,,,,,,,,,,,,,,,,,,,,,,,,,,,,,,,,,,,,,,,,,,0.2,55694.1,,,,8.0483e-05,,,,,,,,301667.5,259509.5,,,,,,,,,,,,,,,,,,,,,,,,,,,,,,,,,,,,,,,,,,,,,,,,,,,,,,,,,,,,,,0.2,38780.3,,,,,,,,,,228434.8,196511.0,,,,,,,0.0,4146.3,,,,,,,,,,28493.7,24511.7,,,,,0.0,9206.4,,,,,,,,,,37237.5,32033.6,,,,,,,,,,,,,0.0,1797.5,,,,,,,,,,11608.3,9986.1,0.0,1814.2,,,,,,,,,,15012.6,12914.6,,,0.0,0.0,,,10905.8
1970,,,,,,,,,,,,,,,,,,,,,,,,,,,,,,,,,,,,,,,,,,,,,,,,,,,,,,,,,,,,,0.3,62644.8,,,,8.9685e-05,,,1773.6,7706.6,,,,316425.9,272205.4,,,,,,,,,,,,,,,,,,,,,,,,,,,,,,,,,,,,,,,,,,,,,,,,,,,,,,,,,,,,,,0.2,42581.7,,,,,,,,,,233534.0,200897.7,,,,,,,0.0,4828.6,,,,,,,,,,29521.4,25395.8,,,,,0.0,11023.5,,,,,,,,,,42270.4,36363.2,,,,,,,,,,,,,0.0,2323.5,,,,,,,,,,13268.2,11414.0,0.0,2580.0,,,,,,,,,,18318.3,15758.3,35321.0,35321.0,0.0,0.0,,,16150.1
1971,,,,,,,,,,,,,,,,,,,,,,,,,,,,,,,,,,,,,,,,,,,,,,,,,,,,,,,,,,,,,0.4,69837.2,,,,0.000105163,,,1928.4,7934.9,,,,334044.1,287361.5,,,,,,,,,,,,,,,,,,,,,,,,,,,,,,,,,,,,,,,,,,,,,,,,,,,,,,,,,,,,,,0.2,49086.4,,,,,,,,,,254570.7,218994.5,,,,,,,0.0,5721.9,,,,,,,,,,31295.0,26921.5,,,,,0.1,11233.9,,,,,,,,,,38842.9,33414.6,,,,,,,,,,,,,0.0,3022.6,,,,,,,,,,15321.4,13180.2,0.0,3872.5,,,,,,,,,,20094.9,17286.7,36215.0,36215.0,1e-05,0.0,,,14109.1
1972,,,,,,,,,,,,,,,,,,,,,,,,,,,,,,,,,,,,,,,,,,,,,,,,,,,,,,,,,,,,,0.4,78204.0,,,,0.000117088,,,2106.1,8313.6,,,,358850.3,308701.0,,,,,,,,,,,,,,,,,,,,,,,,,,,,,,,,,,,,,,,,,,,,,,,,,,,,,,,,,,,,,,0.3,54573.0,,,,,,,,,,270995.4,233123.9,,,,,,,0.0,6857.0,,,,,,,,,,33599.0,28903.6,,,,,0.1,12963.5,,,,,,,,,,46252.2,39788.5,,,,,,,,,,,,,0.0,3700.5,,,,,,,,,,17553.6,15100.5,0.0,4713.2,,,,,,,,,,23915.3,20573.2,37132.0,37132.0,1e-05,0.0,,,14365.3
1973,,,,,,,,,,,,,,,,,,,,,,,,,,,,,,,,,,,,,,,,,,,,,,,,,,,,,,,,,,,,,0.5,85348.3,,,,0.000142388,,,2241.8,8372.8,,,,370555.2,318770.2,,,,,,,,,,,,,,,,,,,,,,,,,,,,,,,,,,,,,,,,,,,,,,,,,,,,,,,,,,,,,,0.4,57830.2,,,,,,,,,,274933.1,236511.2,,,,,,,0.0,8007.9,,,,,,,,,,36466.6,31370.4,,,,,0.1,14667.7,,,,,,,,,,50055.6,43060.3,,,,,,,,,,,,,0.0,4729.6,,,,,,,,,,20621.5,17739.7,0.0,5356.6,,,,,,,,,,28653.1,24648.9,38072.0,38072.0,1e-05,0.0,,,17131.5
1974,,,,,,,,,,,,,,,,,,,,,,,,,,,,,,,,,,,,,,,,,,,,,,,,,,,,,,,,,,,,,0.7,98007.2,,,,0.000183078,,,2510.7,8622.9,,,,391284.8,336602.8,,,,,,,,,,,,,,,,,,,,,,,,,,,,,,,,,,,,,,,,,,,,,,,,,,,,,,,,,,,,,,0.5,67209.7,,,,,,,,,,253545.8,218112.8,,,,,,,0.1,8348.0,,,,,,,,,,39500.0,33979.9,,,,,0.1,17439.8,,,,,,,,,,75271.3,64752.2,,,,,,,,,,,,,0.0,4800.2,,,,,,,,,,18663.8,16055.5,0.1,7728.5,,,,,,,,,,29924.7,25742.7,39036.0,39036.0,1e-05,0.1,,,34228.5
1975,,,,,,,,,,,,,,,,,,,,,,,,,,,,,,,,,,,,,,,,,,,,,,,,,,,,,,,,,,,,,0.9,114933.1,,,,0.000221415,,,2867.7,9001.1,,,,419352.2,360747.8,,,,,,,,,,,,,,,,,,,,,,,,,,,,,,,,,,,,,,,,,,,,,,,,,,,,,,,,,,,,,,0.6,77681.7,,,,,,,,,,274690.3,236302.4,,,,,,,0.1,10973.1,,,,,,,,,,48301.7,41551.6,,,,,0.2,21634.8,,,,,,,,,,78565.0,67585.6,,,,,,,,,,,,,0.0,4922.1,,,,,,,,,,19923.2,17138.9,0.1,9162.5,,,,,,,,,,33570.9,28879.4,40078.0,40078.0,1e-05,0.1,,,31442.8
1976,,,,,,,,,,,,,,,,,,,,,,,,,,,,,,,,,,,,,,,,,,,,,,,,,,,,,,,,,,,,,1.2,133624.0,,,,0.000254866,,,3265.9,9739.5,,,,463229.1,398493.0,,,,,,,,,,,,,,,,,,,,,,,,,,,,,,,,,,,,,,,,,,,,,,,,,,,,,,,,,,,,,,0.8,86312.1,,,,,,,,,,300779.4,258745.6,,,,,,,0.1,13942.5,,,,,,,,,,56009.4,48182.1,,,,,0.3,29450.0,,,,,,,,,,93988.8,80853.9,,,,,,,,,,,,,0.1,6089.0,,,,,,,,,,24632.4,21190.0,0.1,10141.6,,,,,,,,,,38279.6,32930.1,40915.0,40915.0,1e-05,0.1,,,26098.7
1977,,,,,,,,,,,,,,,,,,,,,,,,,,,,,,,,,,,,,,,,,,,,,,,,,,,,,,,,,,,,,1.5,146934.3,,,,0.00031521,,,3517.9,9865.5,,,,479001.2,412060.9,,,,,,,,,,,,,,,,,,,,,,,,,,,,,,,,,,,,,,,,,,,,,,,,,,,,,,,,,,,,,,1.0,97115.3,,,,,,,,,,359816.9,309532.6,,,,,,,0.2,17029.8,,,,,,,,,,58147.7,50021.6,,,,,0.3,31460.3,,,,,,,,,,73704.1,63404.0,,,,,,,,,,,,,0.0,4780.2,,,,,,,,,,16777.7,14433.0,0.1,10710.4,,,,,,,,,,37077.8,31896.2,41768.0,41768.0,1e-05,0.1,,,7632.5
1978,,,,,,,,,,,,,,,,,,,,,,,,,,,,,,,,,,,,,,,,,,,,,,,,,,,,,,,,,,,,,2.2,159669.6,,,,0.000462407,,,3744.6,9809.1,,,,486207.8,418260.4,,,,,,,,,,,,,,,,,,,,,,,,,,,,,,,,,,,,,,,,,,,,,,,,,,,,,,,,,,,,,,1.5,110053.2,,,,,,,,,,366919.1,315642.2,,,,,,,0.2,16270.8,,,,,,,,,,56490.1,48595.7,,,,,0.4,28185.5,,,,,,,,,,61121.7,52580.0,,,,,,,,,,,,,0.1,5980.3,,,,,,,,,,21349.7,18366.1,0.1,8438.7,,,,,,,,,,25988.1,22356.3,42640.0,42640.0,1e-05,0.1,,,6315.4
1979,,,,,,,,,,,,,,,,,,,,,,,,,,,,,,,,,,,,,,,,,,,,,,,,,,,,,,,,,,,,,3.9,171658.6,,,,0.000812872,,,3943.5,9548.6,,,,483171.5,415648.4,,,,,,,,,,,,,,,,,,,,,,,,,,,,,,,,,,,,,,,,,,,,,,,,,,,,,,,,,,,,,,2.7,119493.7,,,,,,,,,,362522.9,311860.4,,,,,,,0.4,16504.2,,,,,,,,,,55130.9,47426.4,,,,,0.7,31532.4,,,,,,,,,,62803.6,54026.8,,,,,,,,,,,,,0.1,5520.5,,,,,,,,,,19899.3,17118.4,0.2,8385.9,,,,,,,,,,24095.3,20728.0,43530.0,43530.0,2e-05,0.2,,,6910.1
1980,,,,,,,,,,,,,,,,,,,,,,,,,,,,,,,,,,,,,,,,,,,,,,,,,,,,,,,,,,,,,7.2,182597.3,,,,0.001528845,,,4109.0,9124.7,,,,471354.1,405482.5,,,,,,,,,,,,,,,,,,,,,,,,,,,,,,,,,,,,,,,,,,,,,,,,,,,,,,,,,,,,,,5.4,137836.2,,,,,,,,,,383901.2,330251.1,,,,,,,0.5,12835.6,,,,,,,,,,44936.8,38656.9,,,,,1.1,27671.1,,,,,,,,,,52285.4,44978.5,,,,,,,,,,,,,0.3,8416.2,,,,,,,,,,19004.0,16348.2,0.6,15177.5,,,,,,,,,,40782.1,35082.8,44438.0,44438.0,4e-05,0.4,,,12008.8
1981,,,,,,,,,,,,,,,,,,,,,,,,,,,,,,,,,,,,,,,,,,,,,,,,,,,,,,,,,,,,,10.9,209626.3,,,,0.002202273,,,4603.1,9336.2,,,,494239.1,425169.3,,,,,,,,,,,,,,,,,,,,,,,,,,,,,,,,,,,,,,,,,,,,,,,,,,,,,,,,,,,,,,7.3,139761.4,,,,,,,,,,354737.6,305163.1,,,,,,,1.0,19090.6,,,,,,,,,,66883.1,57536.2,,,,,2.0,38621.9,,,,,,,,,,68824.0,59205.9,,,,,,,,,,,,,0.8,15001.2,,,,,,,,,,31066.6,26725.0,1.0,18626.4,,,,,,,,,,45879.8,39468.1,45540.0,45540.0,5e-05,0.8,,,18607.7
1982,,,,,,,,,,,,,,,,,,,,,,,,,,,,,,,,,,,,,,,,,,,,,,,,,,,,,,,,,,,,,14.5,230467.8,,,,0.002823862,,,4936.3,9431.1,,,,511848.0,440317.4,,,,,,,,,,,,,,,,,,,,,,,,,,,,,,,,,,,,,,,,,,,,,,,,,,,,,,,,,,,,,,9.9,157706.0,,,,,,,,,,379073.6,326098.1,,,,,,,1.1,18247.0,,,,,,,,,,59788.7,51433.3,,,,,2.7,42348.1,,,,,,,,,,64893.2,55824.4,,,,,,,,,,,,,1.5,23757.9,,,,,,,,,,41636.9,35818.2,1.5,23838.3,,,,,,,,,,49665.4,42724.7,46688.0,46688.0,6e-05,0.8,,,16121.0
1983,,,,,,,,,,,,,,,,,,,,,,,,,,,,,,,,,,,,,,,,,,,,,,,,,,,,,,,,,,,,,19.2,251375.7,,,,0.003565546,,,5251.9,9656.5,,,,537282.1,462197.0,,,,,,,,,,,,,,,,,,,,,,,,,,,,,,,,,,,,,,,,,,,,,,,,,,,,,,,,,,,,,,13.3,174213.8,,,,,,,,,,404614.3,348069.5,,,,,,,1.7,21965.3,,,,,,,,,,69684.4,59946.0,,,,,3.5,45317.1,,,,,,,,,,66575.1,57271.3,,,,,,,,,,,,,2.1,27838.4,,,,,,,,,,47098.2,40516.2,2.2,28857.6,,,,,,,,,,58072.7,49957.0,47864.0,47864.0,8e-05,0.8,,,7382.7
1984,,,,,,,,,,,,,,,,,,,,,,,,,,,,,,,,,,,,,,,,,,,,,,,,,,,,,,,,,,,,,30.3,277979.6,,,,0.005285364,,,5665.0,10051.3,,,,573343.3,493218.7,,,,,,,,,,,,,,,,,,,,,,,,,,,,,,,,,,,,,,,,,,,,,,,,,,,,,,,,,,,,,,21.4,196133.0,,,,,,,,,,437400.9,376274.2,,,,,,,2.3,20741.7,,,,,,,,,,71010.5,61086.8,,,,,5.5,50245.0,,,,,,,,,,67193.1,57802.9,,,,,,,,,,,,,4.2,38343.4,,,,,,,,,,59077.2,50821.2,4.1,37953.2,,,,,,,,,,69528.1,59811.6,49070.0,49070.0,0.00011,1.1,,,8189.7
1985,,,,,,,,,,,,,,,,,,,,,,,,,,,,,,,,,,,,,,,,,,,,,,,,,,,,,,,,,,,,,48.3,298927.9,,,,0.008089389,,,5942.2,10220.2,,,,597662.1,514138.9,,,,,,,,,,,,,,,,,,,,,,,,,,,,,,,,,,,,,,,,,,,,,,,,,,,,,,,,,,,,,,32.1,198224.3,,,,,,,,,,434739.8,373985.0,,,,,,,3.6,22344.2,,,,,,,,,,81038.8,69713.7,,,,,10.1,62158.2,,,,,,,,,,74895.4,64428.8,,,,,,,,,,,,,6.7,41665.9,,,,,,,,,,57937.2,49840.5,6.4,39275.1,,,,,,,,,,64929.7,55855.8,50306.0,50306.0,0.00016,2.2,,,13980.5
1986,,,,,,,,,,,,,,,,,,,,,,,,,,,,,,,,,,,,,,,,,,,,,,,,,,,,,,,,,,,,,70.4,326321.8,,,,0.011001883,,,6338.8,10687.8,,,,639589.8,550207.3,,,,,,,,,,,,,,,,,,,,,,,,,,,,,,,,,,,,,,,,,,,,,,,,,,,,,,,,,,,,,,44.2,205116.2,,,,,,,,,,460100.7,395801.7,,,,,,,5.3,24516.5,,,,,,,,,,88531.1,76158.9,,,,,16.7,77671.1,,,,,,,,,,81177.1,69832.6,,,,,,,,,,,,,8.2,38198.7,,,,,,,,,,54982.7,47298.9,7.9,36603.1,,,,,,,,,,62636.3,53882.9,51480.0,51480.0,0.00022,3.8,,,17434.5
1987,,,,,,,,,,,,,,,,,,,,,,,,,,,,,,,,,,,,,,,,,,,,,,,,,,,,,,,,,,,,,102.9,366108.1,,,,0.014700122,,,6990.8,11502.4,,,,700241.6,602383.0,,,,,,,,,,,,,,,,,,,,,,,,,,,,,,,,,,,,,,,,,,,,,,,,,,,,,,,,,,,,,,65.6,233352.3,,,,,,,,,,458662.3,394564.3,,,,,,,6.7,23933.4,,,,,,,,,,96885.2,83345.5,,,,,24.3,86425.7,,,,,,,,,,117803.0,101340.0,,,,,,,,,,,,,13.6,48426.3,,,,,,,,,,69486.4,59775.7,12.9,45964.2,,,,,,,,,,77041.2,66274.7,52370.0,52370.0,0.00028,5.6,,,34445.9
1988,,,,,,,,,,,,,,,,,,,,,,,,,,,,,,,,,,,,,,,,,,,,,,,,,,,,,,,,,,,,,178.0,387049.8,,,,0.024894618,,,7266.1,11548.3,,,,715089.2,615155.6,,,,,,,,,,,,,,,,,,,,,,,,,,,,,,,,,,,,,,,,,,,,,,,,,,,,,,,,,,,,,,105.5,229416.2,,,,,,,,,,464231.3,399355.0,,,,,,,11.3,24622.5,,,,,,,,,,95850.7,82455.6,,,,,44.3,96395.5,,,,,,,,,,116576.6,100285.1,,,,,,,,,,,,,28.2,61294.3,,,,,,,,,,82283.3,70784.3,22.1,48033.6,,,,,,,,,,73563.9,63283.3,53268.0,53268.0,0.00046,10.7,,,29711.1
1989,,,,,,,,,,,,,,,,,,,,,,,,,,,,,,,,,,,,,,,,,,,,,,,,,,,,,,,,,,,,,313.2,403243.6,,,,0.043683196,,,7441.0,11380.0,,,,716888.7,616703.6,,,,,,,,,,,,,,,,,,,,,,,,,,,,,,,,,,,,,,,,,,,,,,,,,,,,,,,,,,,,,,191.8,246967.5,,,,,,,,,,459439.5,395232.9,,,,,,,24.5,31484.8,,,,,,,,,,96640.1,83134.6,,,,,68.1,87715.8,,,,,,,,,,119139.4,102489.7,,,,,,,,,,,,,43.1,55467.8,,,,,,,,,,82069.9,70600.7,39.4,50693.2,,,,,,,,,,78634.7,67645.5,54192.0,54192.0,0.00078,25.1,,,38234.5
1990,,,,,,,,,,,,,,,,,,,,,,,,,,,,,,,,,,,,,,,,,,,,,,,,,,,,,,,,,,,,,541.5,457055.0,,,,0.06913303,,,8292.0,12223.9,,,,783238.9,673781.4,,,,,,,,,,,,,,,,,,,,,,,,,,,,,,,,,,,,,,,,,,,,,,,,,,,,,,,,,,,,,,346.7,292611.7,,,,,,,,,,519657.8,447035.7,,,,,,,49.6,41865.0,,,,,,,,,,104372.0,89786.1,,,,,118.1,99712.6,,,,,,,,,,138055.2,118762.0,,,,,,,,,,,,,61.1,51544.5,,,,,,,,,,84164.6,72402.6,67.2,56761.9,,,,,,,,,,104595.0,89977.9,55120.0,55120.0,0.00118,33.3,,,41584.2
1991,,,,,,,,,,,,,,,,,,,,,,,,,,,,,,,,,,,,,,,,,,,,,,,,,,,,,,,,,,,,,868.0,476889.8,,,,0.109810142,,,8507.5,12131.4,,,,790495.7,680024.1,,,,,,,,,,,,,,,,,,,,,,,,,,,,,,,,,,,,,,,,,,,,,,,,,,,,,,,,,,,,,,572.1,314306.6,,,,,,,,,,533709.7,459123.9,,,,,,,89.7,49264.6,,,,,,,,,,108193.5,93073.5,,,,,197.3,108407.4,,,,,,,,,,138651.7,119275.2,,,,,,,,,,,,,102.0,56036.5,,,,,,,,,,87299.5,75099.4,102.1,56087.9,,,,,,,,,,99138.2,85283.6,56055.0,56055.0,0.00182,9.0,,,21779.5
1992,,,,,,,,,,,,,,,,,,,,,,,,,,,,,,,,,,,,,,,,,,,,,,,,,,,,,,,,,,,,,1506.2,516945.8,,,,0.179781989,,,9071.5,12647.3,,,,837801.3,720718.7,,,,,,,,,,,,,,,,,,,,,,,,,,,,,,,,,,,,,,,,,,,,,,,,,,,,,,,,,,,,,,977.7,335553.0,,,,,,,,,,550927.8,473935.8,,,,,,,161.8,55545.0,,,,,,,,,,112121.0,96452.1,,,,,339.6,116546.9,,,,,,,,,,147462.9,126855.0,,,,,,,,,,,,,184.0,63161.7,,,,,,,,,,96903.4,83361.2,184.7,63394.8,,,,,,,,,,109959.2,94592.4,56986.0,56986.0,0.00291,27.8,,,40345.3
1993,,,,,,,,,,,,,,,,,,,,,,,,,,,,,,,,,,,,,,,,,,,,,,,,,,,,,,,,,,,,,2730.2,571757.6,,,,0.30162104,,,9872.7,13445.7,,,,905177.4,778679.1,,,,,,,,,,,,,,,,,,,,,,,,,,,,,,,,,,,,,,,,,,,,,,,,,,,,,,,,,,,,,,1761.0,368783.3,,,,,,,,,,598244.6,514640.0,,,,,,,297.1,62219.8,,,,,,,,,,121725.2,104714.2,,,,,690.6,144622.0,,,,,,,,,,186328.4,160289.1,,,,,,,,,,,,,316.9,66371.6,,,,,,,,,,104350.2,89767.3,373.4,78194.0,,,,,,,,,,149308.9,128443.1,57913.0,57913.0,0.00478,38.0,,,43837.9
1994,,,,,,,,,,,,,,,,,,,,,,,,,,,,,,,,,,,,,,,,,,,,,,,,,,,,,,,,,,,,,5329.1,552107.3,,,,0.622710571,,,9383.7,12512.5,,,,855794.0,736196.9,,,,,,,,,,,,,,,,,,,,,,,,,,,,,,,,,,,,,,,,,,,,,,,,,,,,,,,,,,,,,,3480.3,360563.3,,,,,,,,,,566037.5,486933.9,,,,,,,518.7,53742.2,,,,,,,,,,114989.2,98919.5,,,,,1251.5,129655.7,,,,,,,,,,156574.6,134693.4,,,,,,,,,,,,,966.5,100126.5,,,,,,,,,,120191.0,103394.3,768.0,79568.0,,,,,,,,,,116646.6,100345.2,58837.0,58837.0,0.00965,-119.8,,,14648.2
1995,,,,,,,,,,,,,,,,,,,,,,,,,,,,,,,,,,,,,,,,,,,,,,,,,,,,,,,,,,,,,10693.5,604220.5,,,,1.165712716,,,10111.5,13206.0,,,,917336.0,789138.5,,,,,,,,,,,,,,,,,,,,,,,,,,,,,,,,,,,,,,,,,,,,,,,,,,,,,,,,,,,,,,7018.9,396592.8,,,,,,,,,,593449.3,510514.9,,,,,,,963.8,54460.1,,,,,,,,,,122830.2,105664.7,,,,,2431.5,137389.9,,,,,,,,,,170888.7,147007.1,,,,,,,,,,,,,1805.8,102034.3,,,,,,,,,,129787.3,111649.5,1841.1,104026.5,,,,,,,,,,151155.7,130031.7,59756.0,59756.0,0.0177,314.5,,,51536.1
1996,,,,,,,,,,,,,,,,,,,,,,,,,,,,,,,,,,,,,,,,,,,,,,,,,,,,,,,,,,,,,20350.0,657184.7,,,,2.073144383,,,10831.9,13918.0,,,,981598.3,844420.2,,,,,,,,,,,,,,,,,,,,,,,,,,,,,,,,,,,,,,,,,,,,,,,,,,,,,,,,,,,,,,12780.0,412718.0,,,,,,,,,,643814.0,553841.1,,,,,,,1967.7,63544.9,,,,,,,,,,133374.5,114735.4,,,,,4870.7,157295.6,,,,,,,,,,194932.4,167690.6,,,,,,,,,,,,,3721.7,120189.8,,,,,,,,,,158287.4,136166.8,4003.6,129294.4,,,,,,,,,,182178.9,156719.5,60671.0,60671.0,0.03097,1013.5,,,33369.0
1997,,,,,,,,,,,,,,,,,,,,,,,,,,,,,,,,,,,,,,,,,,,,,,,,,,,,,,,,,,,,,39724.1,717485.4,,,,3.763530746,,,11650.9,14744.5,,,,1055500.9,907994.9,,,,,,,,,,,,,,,,,,,,,,,,,,,,,,,,,,,,,,,,,,,,,,,,,,,,,,,,,,,,,,25230.3,455702.6,,,,,,,,,,697815.0,600295.5,,,,,,,4069.6,73504.3,,,,,,,,,,138875.4,119467.6,,,,,10011.6,180826.1,,,,,,,,,,223851.5,192568.3,,,,,,,,,,,,,8289.9,149729.1,,,,,,,,,,188559.6,162208.4,8534.9,154154.1,,,,,,,,,,223056.7,191884.6,61582.0,61582.0,0.05537,657.6,,,29456.1
1998,674.2,674.2,-1857.3,-1857.3,66262.3,66262.3,635724.4,635724.4,8957.3,8957.3,70538.6,70538.6,17987.6,17987.6,134592.4,134592.4,16023.3,16023.3,107999.3,107999.3,4340.8,4340.8,32990.4,32990.4,17289.9,17289.9,163889.3,163889.3,34976.6,34976.6,394950.1,394950.1,1394.5,1394.5,13736.4,13736.4,3927.9,3927.9,15767.2,15767.2,3406.3,3406.3,82951.3,82951.3,1840.4,1840.4,23020.5,23020.5,6187.5,6187.5,90037.7,90037.7,930.2,930.2,10355.8,10355.8,71944.7,71944.7,710757.3,710757.3,71944.7,558277.5,71944.7,71944.7,10.122259194,6.611740663,,,8937.6,14985.7,710757.3,710757.3,46.285099531,1088135.5,936068.8,71944.7,71944.7,47074.4,47074.4,36202.0,36202.0,19055.4,19055.4,19055.4,19055.4,226.9,226.9,5391.7,5391.7,4761.2,4761.2,1747.7,1747.7,4395.9,4395.9,357.9,357.9,1327.3,1327.3,48.5,48.5,521.3,521.3,4694.0,4694.0,344.1,344.1,5682.4,5682.4,75701.7,75701.7,5814.8,5814.8,10872.4,10872.4,54089.5,54089.5,9.735443836,555593.9,555593.9,,,,,,,,,,,46220.7,459564.6,46220.7,46220.7,459564.6,459564.6,46453.9,360473.5,46453.9,46453.9,10.057975117,6.61502911,,,461861.2,461861.2,49.76692489,702247.6,604108.7,46453.9,461827.0,233.2,233.2,2299.5,2299.5,7635.7,59251.2,7635.7,7635.7,8.257090753,5.098179904,,,92473.9,92473.9,46.147410919,149772.1,128841.5,71270.5,71270.5,17181.0,17181.0,16872.5,130927.1,16872.5,16872.5,11.986439683,7.842896548,,,140762.8,140762.8,30.962453261,215130.4,185066.0,16861.6,140762.8,,,,,,,308.6,308.6,308.6,308.6,14868.3,115374.9,14868.3,14868.3,11.316458214,7.040573041,,,131386.1,131386.1,36.617618448,211179.6,181667.3,14194.1,110143.6,14194.1,14194.1,10.652755699,6.218300925,,,133243.4,133243.4,36.56039958,228263.3,196363.6,62464.0,62464.0,0.12887,308.6,0.0,0.0,38069.1
1999,-46.3,-46.3,-10965.0,-10965.0,97991.0,97991.0,615624.8,615624.8,11229.0,11229.0,67321.2,67321.2,24434.6,24434.6,127255.9,127255.9,21470.9,21470.9,101953.7,101953.7,5937.4,5937.4,31760.3,31760.3,23782.0,23782.0,153133.2,153133.2,56390.0,56390.0,388482.8,388482.8,2284.4,2284.4,15036.1,15036.1,7672.8,7672.8,16495.4,16495.4,7394.2,7394.2,87274.9,87274.9,2836.6,2836.6,21989.9,21989.9,11035.4,11035.4,92337.9,92337.9,1384.5,1384.5,10305.3,10305.3,107374.3,107374.3,687564.1,687564.1,107374.3,546532.2,107374.3,107374.3,15.616617193,10.200590692,-3.26316842,-3.26316842,8625.3,14290.8,687564.1,687564.1,44.77473878,1052627.8,905523.3,107374.3,107374.3,68125.6,68125.6,51219.7,51219.7,29788.6,29788.6,29788.6,29788.6,312.9,312.9,7554.8,7554.8,6501.6,6501.6,2581.4,2581.4,6343.3,6343.3,612.2,612.2,2587.6,2587.6,97.9,97.9,832.7,832.7,8336.5,8336.5,529.3,529.3,9383.2,9383.2,72364.4,72364.4,9460.0,9460.0,16906.0,16906.0,84508.0,84508.0,15.151057144,557769.9,557769.9,,,,,,,,,,,70560.1,457905.9,70560.1,70560.1,457905.9,457905.9,70905.3,360906.0,70905.3,70905.3,15.410411989,10.135273027,-0.378573874,-0.378573874,460112.7,460112.7,49.578520315,699589.1,601821.7,70905.3,460344.1,345.2,345.2,2210.3,2210.3,13602.8,69237.8,13602.8,13602.8,13.999049439,8.643440488,5.077532617,5.077532617,97169.3,97169.3,48.49056076,157376.8,135383.5,107420.5,107420.5,22912.5,22912.5,21346.3,108652.2,21346.3,21346.3,17.72366089,11.596841305,-14.437893294,-14.437893294,120439.7,120439.7,26.492127298,184070.1,158346.3,21332.5,120439.7,,,,,,,1566.2,1566.2,1566.2,1566.2,20198.1,102807.7,20198.1,20198.1,17.155176587,10.673151574,-10.388176058,-10.388176058,117737.5,117737.5,32.813715775,189241.9,162795.4,20244.4,103043.2,20244.4,20244.4,15.72957352,9.181776465,-3.408019732,-3.408019732,128702.5,128702.5,35.314413948,220484.0,189671.4,63364.0,63364.0,0.19646,1566.2,0.0,0.0,42833.9
2000,-4445.2,-4445.2,-16765.1,-16765.1,153640.3,153640.3,657810.2,657810.2,17205.8,17205.8,71635.9,71635.9,36904.4,36904.4,136414.4,136414.4,32079.1,32079.1,109596.3,109596.3,9051.6,9051.6,33895.2,33895.2,40411.7,40411.7,170293.8,170293.8,90478.5,90478.5,415111.5,415111.5,3776.8,3776.8,15740.9,15740.9,8551.9,8551.9,17323.0,17323.0,14373.3,14373.3,92005.5,92005.5,4597.3,4597.3,23172.9,23172.9,16420.0,16420.0,93017.3,93017.3,2347.5,2347.5,10852.7,10852.7,171494.2,171494.2,735234.6,735234.6,171494.2,609051.5,171494.2,171494.2,23.325100502,15.235681334,6.93323972,6.93323972,9476.6,15066.4,735234.6,735234.6,47.879078754,1125609.1,968305.4,171494.2,171494.2,107508.5,107508.5,81513.1,81513.1,45838.7,45838.7,45838.7,45838.7,418.8,418.8,11409.4,11409.4,9761.6,9761.6,4093.4,4093.4,11196.1,11196.1,991.4,991.4,3103.0,3103.0,179.7,179.7,1335.4,1335.4,12236.5,12236.5,875.2,875.2,17853.9,17853.9,77986.8,77986.8,18147.0,18147.0,25995.4,25995.4,135264.1,135264.1,23.199757311,583040.8,583040.8,,,,,,,,,,,114222.2,478572.1,114222.2,114222.2,478572.1,478572.1,114807.1,407730.6,114807.1,114807.1,23.868981279,15.698389004,4.537149372,4.537149372,480988.7,480988.7,51.827971838,731330.5,629127.2,114807.1,481229.8,584.9,584.9,2418.9,2418.9,20457.0,72651.7,20457.0,20457.0,20.146874068,12.439295095,4.49714501,4.49714501,101539.1,101539.1,50.671251594,164454.3,141471.9,175939.4,175939.4,40675.3,40675.3,38091.2,135278.6,38091.2,38091.2,25.943042387,16.97489855,21.908517563,21.908517563,146826.2,146826.2,32.29615966,224397.1,193037.7,38066.6,146826.2,,,,,,,2584.2,2584.2,2584.2,2584.2,34095.1,121086.7,34095.1,34095.1,24.374939825,15.164951876,18.80470509,18.80470509,139877.7,139877.7,38.984238256,224828.3,193408.6,38540.3,136873.6,38540.3,38540.3,24.60393938,14.361983258,21.70923817,21.70923817,156642.8,156642.8,42.98090418,268349.4,230847.7,64269.0,64269.0,0.28158,2584.2,0.0,0.0,48948.3
2001,11108.2,11108.2,27775.1,27775.1,220718.4,220718.4,619613.9,619613.9,21729.8,21729.8,65268.5,65268.5,51650.3,51650.3,125297.1,125297.1,43802.3,43802.3,100155.6,100155.6,11411.5,11411.5,27071.2,27071.2,58679.0,58679.0,152160.9,152160.9,135926.7,135926.7,403234.5,403234.5,6097.3,6097.3,15259.0,15259.0,15129.5,15129.5,19709.5,19709.5,20921.2,20921.2,93677.7,93677.7,7144.4,7144.4,22702.1,22702.1,24678.9,24678.9,95993.5,95993.5,3276.4,3276.4,10661.2,10661.2,247266.2,247266.2,692958.6,692958.6,247266.2,595834.1,247266.2,247266.2,35.682683206,23.307509026,-5.750006555,-5.750006555,9143.3,14004.7,692958.6,692958.6,45.126028587,1060886.5,912627.8,247266.2,247266.2,158838.7,158838.7,115150.9,115150.9,61485.7,61485.7,61485.7,61485.7,584.3,584.3,16046.6,16046.6,13553.2,13553.2,4305.0,4305.0,13671.2,13671.2,1518.2,1518.2,3693.9,3693.9,255.5,255.5,1986.2,1986.2,18170.6,18170.6,1254.3,1254.3,26547.8,26547.8,73921.3,73921.3,26941.8,26941.8,43687.9,43687.9,191587.2,191587.2,34.820896464,550207.5,550207.5,,,,,,,,,,,159518.4,446552.2,159518.4,159518.4,446552.2,446552.2,160318.1,386316.4,160318.1,160318.1,35.723559956,23.495026212,-6.697570542,-6.697570542,448774.2,448774.2,48.356756864,682349.1,586991.0,160318.1,448974.7,799.7,799.7,2224.5,2224.5,31269.1,75348.7,31269.1,31269.1,30.687059555,18.947127387,0.352129306,0.352129306,101896.7,101896.7,50.84967992,165033.4,141970.0,236158.0,236158.0,44570.8,44570.8,44385.1,106954.1,44385.1,44385.1,41.416104625,27.099141413,-27.009906152,-27.009906152,107168.6,107168.6,23.572997245,163787.7,140898.4,44356.4,107168.6,,,,,,,185.8,185.8,185.8,185.8,67211.8,161959.3,67211.8,67211.8,45.791988764,28.489641857,4.931829233,4.931829233,146776.2,146776.2,40.906874314,235916.5,202947.2,56103.5,135192.0,56103.5,56103.5,47.1453985,27.520041141,-24.030277571,-24.030277571,119001.1,119001.1,32.652473603,203864.3,175374.3,65166.0,65166.0,0.41499,185.8,0.0,0.0,17664.1
2002,8067.2,8067.2,14579.5,14579.5,319950.6,319950.6,659052.6,659052.6,36901.7,36901.7,70934.0,70934.0,72731.0,72731.0,130521.2,130521.2,61314.6,61314.6,104559.7,104559.7,16318.0,16318.0,31908.7,31908.7,89205.0,89205.0,166957.1,166957.1,193999.9,193999.9,426966.6,426966.6,9254.1,9254.1,15735.9,15735.9,11816.3,11816.3,19025.1,19025.1,28596.9,28596.9,96576.2,96576.2,12297.5,12297.5,25708.5,25708.5,37340.6,37340.6,98949.5,98949.5,5489.5,5489.5,11556.9,11556.9,362109.6,362109.6,737638.6,737638.6,362109.6,612446.6,362109.6,362109.6,49.090387444,32.065263753,6.447722047,6.447722047,9279.1,14718.6,737638.6,737638.6,48.035629481,1129289.5,971471.5,362109.6,362109.6,229729.4,229729.4,172194.6,172194.6,90412.3,90412.3,90412.3,90412.3,926.7,926.7,22455.4,22455.4,18874.0,18874.0,5716.8,5716.8,21316.7,21316.7,2291.9,2291.9,4456.7,4456.7,367.0,367.0,3349.3,3349.3,27424.8,27424.8,2107.0,2107.0,42159.0,42159.0,79215.9,79215.9,41968.0,41968.0,57534.8,57534.8,277609.8,277609.8,48.399519465,573579.6,573579.6,,,,,,,,,,,229819.8,463965.2,229819.8,229819.8,463965.2,463965.2,231130.6,390918.0,231130.6,231130.6,49.535916671,32.579274352,3.970329327,3.970329327,466592.0,466592.0,50.276679363,709440.6,610296.4,231130.6,466788.0,1310.8,1310.8,2627.4,2627.4,46479.2,78611.6,46479.2,46479.2,43.166151077,26.652099455,5.670858252,5.670858252,107675.1,107675.1,53.73329319,174392.2,150020.9,354042.4,354042.4,76432.6,76432.6,70519.8,119272.1,70519.8,70519.8,55.84965946,36.543219921,17.821019212,17.821019212,126267.1,126267.1,27.773945613,192976.3,166007.9,70474.2,126267.1,,,,,,,5912.9,5912.9,5912.9,5912.9,90908.1,153755.5,90908.1,90908.1,57.273710172,35.633033959,8.14123532,8.14123532,158725.6,158725.6,44.237199214,255123.0,219469.6,82840.8,140111.1,82840.8,82840.8,57.470020739,33.546801712,21.130084239,21.130084239,144146.1,144146.1,39.551968782,246941.0,212431.1,66003.0,66003.0,0.59125,5912.9,0.0,0.0,44298.4
2003,-1004.5,-1004.5,-6698.5,-6698.5,414242.2,414242.2,695821.5,695821.5,46249.9,46249.9,69851.2,69851.2,95330.6,95330.6,141404.0,141404.0,80795.4,80795.4,114736.8,114736.8,21738.2,21738.2,36380.2,36380.2,115451.1,115451.1,182003.8,182003.8,250923.5,250923.5,448862.9,448862.9,11773.0,11773.0,16754.1,16754.1,12065.4,12065.4,18290.9,18290.9,37370.4,37370.4,98324.5,98324.5,16219.3,16219.3,27476.7,27476.7,50140.2,50140.2,99849.9,99849.9,7904.1,7904.1,11690.7,11690.7,472171.8,472171.8,780150.2,780150.2,472171.8,641094.2,472171.8,472171.8,60.523185609,39.533033059,5.763206067,5.763206067,9597.9,15382.3,780150.2,780150.2,50.804021794,1194372.8,1027459.4,472171.8,472171.8,295397.5,295397.5,226714.9,226714.9,118716.7,118716.7,118716.7,118716.7,1168.3,1168.3,30495.0,30495.0,26051.3,26051.3,7659.9,7659.9,25827.7,25827.7,3016.9,3016.9,5246.0,5246.0,576.4,576.4,4496.0,4496.0,37222.0,37222.0,3008.5,3008.5,57929.6,57929.6,84893.3,84893.3,58057.6,58057.6,68682.5,68682.5,367841.3,367841.3,60.021419298,612850.0,612850.0,,,,,,,,,,,306456.2,501367.5,306456.2,306456.2,501367.5,501367.5,308392.9,418722.3,308392.9,308392.9,61.125246411,40.201460001,8.130056016,8.130056016,504526.2,504526.2,54.364201559,767118.5,659913.9,308392.9,504732.6,1936.7,1936.7,3157.1,3157.1,59448.4,80716.4,59448.4,59448.4,54.955995352,33.931509232,0.463877091,0.463877091,108174.6,108174.6,53.982549627,175201.2,150716.8,473176.3,473176.3,105335.0,105335.0,97636.3,132566.4,97636.3,97636.3,64.764656035,42.376427922,19.394187539,19.394187539,150755.6,150755.6,33.160476712,230402.5,198203.8,97573.3,150755.6,,,,,,,7698.7,7698.7,7698.7,7698.7,108628.7,147491.3,108628.7,108628.7,63.540186518,39.531743572,7.708244129,7.708244129,170960.6,170960.6,47.647110525,274788.5,236386.8,109633.2,148855.1,109633.2,109633.2,61.709852937,36.021706161,23.249307685,23.249307685,177659.1,177659.1,48.747527699,304353.1,261819.8,66795.0,66795.0,0.73651,7698.7,0.0,0.0,51215.2
2004,-9187.7,-9187.7,-23622.8,-23622.8,510087.8,510087.8,763636.2,763636.2,54365.1,54365.1,72612.4,72612.4,115338.5,115338.5,158646.8,158646.8,98783.3,98783.3,130198.1,130198.1,30998.1,30998.1,44221.3,44221.3,144044.0,144044.0,203940.2,203940.2,309386.0,309386.0,488677.6,488677.6,14302.3,14302.3,19549.6,19549.6,14376.8,14376.8,20654.5,20654.5,47109.3,47109.3,100892.2,100892.2,20325.4,20325.4,31128.1,31128.1,60811.0,60811.0,102632.2,102632.2,8417.2,8417.2,12119.9,12119.9,582852.8,582852.8,856573.3,856573.3,582852.8,735769.1,582852.8,582852.8,68.044711278,44.44600517,9.795936376,9.795936376,10884.3,16688.2,856573.3,856573.3,55.780751445,1311372.7,1128108.7,582852.8,582852.8,366729.5,366729.5,283480.2,283480.2,144981.3,144981.3,144981.3,144981.3,1593.4,1593.4,36280.2,36280.2,31238.7,31238.7,10216.1,10216.1,31626.9,31626.9,3744.1,3744.1,6265.1,6265.1,818.7,818.7,6161.5,6161.5,44902.5,44902.5,3372.8,3372.8,72765.0,72765.0,93584.0,93584.0,71142.0,71142.0,83249.3,83249.3,446433.9,446433.9,66.780199074,668512.3,668512.3,,,,,,,,,,,372637.1,549788.6,372637.1,372637.1,549788.6,549788.6,374654.4,472948.1,374654.4,374654.4,67.778628796,44.577322701,9.560587268,9.560587268,552761.8,552761.8,59.561738491,840459.6,723005.5,374654.4,552980.1,2017.3,2017.3,2973.3,2973.3,71779.5,90611.4,71779.5,71779.5,62.245400989,38.432210804,6.602644328,6.602644328,115316.9,115316.9,57.546825378,186769.1,160668.1,592040.5,592040.5,145606.6,145606.6,146751.5,185253.0,146751.5,146751.5,73.790918755,48.282438931,31.918654119,31.918654119,198874.7,198874.7,43.744854578,303943.9,261467.8,146656.8,198874.7,,,,,,,-1144.9,-1144.9,-1144.9,-1144.9,137697.5,173823.6,137697.5,137697.5,71.808725387,44.676043206,12.163857983,12.163857983,191756.0,191756.0,53.442837383,308213.4,265140.6,146885.2,185421.8,146885.2,146885.2,68.198566224,39.80934318,21.231465918,21.231465918,215378.8,215378.8,59.097342429,368971.7,317408.0,67599.0,67599.0,0.79217,-1144.9,0.0,0.0,40958.6
2005,-16257.4,-16257.4,-33798.1,-33798.1,594883.3,594883.3,829744.9,829744.9,62349.6,62349.6,78371.0,78371.0,134067.3,134067.3,173836.3,173836.3,114992.9,114992.9,142599.0,142599.0,37615.9,37615.9,50597.6,50597.6,165201.8,165201.8,223679.5,223679.5,360850.5,360850.5,527085.6,527085.6,18048.8,18048.8,23296.6,23296.6,16749.3,16749.3,22795.2,22795.2,57704.1,57704.1,102923.4,102923.4,24184.3,24184.3,34468.0,34468.0,69231.7,69231.7,106437.2,106437.2,9730.5,9730.5,13213.5,13213.5,680275.8,680275.8,933598.9,933598.9,680275.8,815102.4,680275.8,680275.8,72.865962161,47.595189546,8.992304949,8.992304949,11910.6,17966.7,933598.9,933598.9,60.796726718,1429295.4,1229551.7,680275.8,680275.8,426965.1,426965.1,332898.5,332898.5,169072.1,169072.1,169072.1,169072.1,1822.2,1822.2,41900.9,41900.9,36210.8,36210.8,12921.1,12921.1,36992.1,36992.1,4465.8,4465.8,7407.3,7407.3,1121.0,1121.0,7613.0,7613.0,50810.7,50810.7,4018.0,4018.0,85392.6,85392.6,104172.5,104172.5,84238.6,84238.6,94066.6,94066.6,514194.7,514194.7,72.64836261,707785.7,707785.7,,,,,,,,,,,429142.9,584736.9,429142.9,429142.9,584736.9,584736.9,431296.5,516776.8,431296.5,431296.5,73.392255344,48.269348442,6.31330918,6.31330918,587659.4,587659.4,63.322055195,893520.4,768651.1,431296.5,587895.8,2153.6,2153.6,2922.8,2922.8,82898.2,99328.2,82898.2,82898.2,69.398932439,42.849019505,3.585612147,3.585612147,119451.8,119451.8,59.610231339,193465.9,166429.1,696533.2,696533.2,182338.5,182338.5,179663.3,215271.5,179663.3,179663.3,75.554709286,49.436511953,19.568878123,19.568878123,237792.3,237792.3,52.305231856,363422.3,312634.1,179547.3,237792.3,,,,,,,2675.2,2675.2,2675.2,2675.2,148819.0,178314.0,148819.0,148819.0,71.639806564,44.570949785,8.331541176,8.331541176,207732.2,207732.2,57.895449384,333892.3,287230.9,165076.3,197793.5,165076.3,165076.3,68.346018808,39.895415232,12.142116295,12.142116295,241530.3,241530.3,66.273010474,413772.7,355948.1,68435.0,68435.0,0.83459,2675.2,0.0,0.0,58767.3
2006,-31617.0,-31617.0,-39439.9,-39439.9,696783.9,696783.9,886998.1,886998.1,64415.6,64415.6,79585.3,79585.3,157325.7,157325.7,189599.5,189599.5,135751.2,135751.2,156290.9,156290.9,49840.5,49840.5,63506.7,63506.7,194655.2,194655.2,236835.3,236835.3,425202.1,425202.1,554015.0,554015.0,20120.1,20120.1,24369.4,24369.4,16569.7,16569.7,23871.6,23871.6,70236.5,70236.5,103823.9,103823.9,29608.6,29608.6,38349.0,38349.0,81534.8,81534.8,110035.5,110035.5,12477.1,12477.1,15290.1,15290.1,795757.1,795757.1,998465.3,998465.3,795757.1,945237.0,795757.1,795757.1,79.698025197,52.057812773,6.947988086,6.947988086,13640.8,18976.6,998465.3,998465.3,65.020876047,1528602.7,1314980.8,795757.1,795757.1,500856.6,500856.6,388448.4,388448.4,196886.2,196886.2,196886.2,196886.2,1965.9,1965.9,47895.0,47895.0,41478.6,41478.6,15353.2,15353.2,42629.2,42629.2,5121.8,5121.8,8587.5,8587.5,1261.0,1261.0,9500.7,9500.7,59544.9,59544.9,5026.9,5026.9,98973.2,98973.2,111769.5,111769.5,98014.3,98014.3,112408.2,112408.2,593829.8,593829.8,80.1231225,741146.6,741146.6,,,,,,,,,,,488586.2,606086.6,488586.2,488586.2,606086.6,606086.6,491117.3,583371.7,491117.3,491117.3,80.614560211,53.019385738,3.668312609,3.668312609,609216.6,609216.6,65.64490613,926297.5,796847.6,491117.3,609464.6,2531.0,2531.0,3129.9,3129.9,102712.6,122006.7,102712.6,102712.6,78.062637518,48.198255507,10.150846502,10.150846502,131577.1,131577.1,65.661174422,213104.3,183323.0,827374.2,827374.2,233544.3,233544.3,226558.9,269117.1,226558.9,226558.9,82.57139543,54.027628665,15.386130749,15.386130749,274379.3,274379.3,60.352983218,419338.9,360736.4,226412.6,274379.3,,,,,,,6985.5,6985.5,6985.5,6985.5,178208.5,211684.3,178208.5,178208.5,81.160589802,50.494337521,5.701051935,5.701051935,219575.1,219575.1,61.196099022,352927.7,303606.1,209825.5,249240.4,209825.5,209825.5,81.009000233,47.287139151,7.239166146,7.239166146,259015.1,259015.1,71.070623812,443726.4,381715.7,69295.0,69295.0,0.84186,6985.5,0.0,0.0,60660.7
2007,-36145.6,-36145.6,-49093.0,-49093.0,787510.2,787510.2,930473.9,930473.9,66197.1,66197.1,74636.4,74636.4,174288.9,174288.9,201770.2,201770.2,149177.5,149177.5,166780.5,166780.5,59836.5,59836.5,70234.7,70234.7,214512.8,214512.8,250217.4,250217.4,487187.8,487187.8,583434.7,583434.7,23916.5,23916.5,26743.9,26743.9,19052.8,19052.8,25327.4,25327.4,84432.8,84432.8,104537.2,104537.2,36171.2,36171.2,43188.0,43188.0,93790.2,93790.2,113776.9,113776.9,15311.4,15311.4,17273.7,17273.7,887714.4,887714.4,1048823.0,1048823.0,887714.4,1042895.5,887714.4,887714.4,84.639110049,55.285271289,5.043507932,5.043507932,14865.0,19688.4,1048823.0,1048823.0,68.300209087,1605697.9,1381301.9,887714.4,887714.4,561552.8,561552.8,434618.7,434618.7,226818.4,226818.4,226818.4,226818.4,2051.1,2051.1,54297.5,54297.5,47129.5,47129.5,17458.8,17458.8,49760.6,49760.6,6048.9,6048.9,10240.1,10240.1,1334.1,1334.1,11654.4,11654.4,68137.7,68137.7,5835.2,5835.2,100204.2,100204.2,118523.2,118523.2,99343.2,99343.2,126934.1,126934.1,669960.4,669960.4,85.62371762,782447.3,782447.3,,,,,,,,,,,548251.1,638048.7,548251.1,548251.1,638048.7,638048.7,551098.2,647435.6,551098.2,551098.2,85.92670105,56.513127359,5.2759524,5.2759524,641358.5,641358.5,69.108300131,975168.5,838888.9,551098.2,641608.5,2847.1,2847.1,3309.7,3309.7,118862.2,139640.5,118862.2,118862.2,84.434064184,52.132168838,6.990628486,6.990628486,140775.2,140775.2,70.251303185,228001.7,196138.5,923860.1,923860.1,253899.6,253899.6,247562.6,290839.0,247562.6,247562.6,85.524963005,55.960189587,5.497165984,5.497165984,289462.4,289462.4,63.670686881,442390.6,380566.6,247402.9,289462.4,,,,,,,6337.0,6337.0,6337.0,6337.0,194316.5,228284.9,194316.5,194316.5,82.724903122,51.467580384,6.976941579,6.976941579,234894.8,234894.8,65.465715099,377551.2,324788.5,230462.1,270749.1,230462.1,230462.1,81.152138974,47.370693096,9.641389457,9.641389457,283987.7,283987.7,77.922819443,486507.8,418518.4,70158.0,70158.0,0.8512,6337.0,0.0,0.0,69093.6
2008,-34250.9,-34250.9,-32131.9,-32131.9,893612.6,893612.6,939585.3,939585.3,74451.3,74451.3,78013.7,78013.7,194185.3,194185.3,203190.5,203190.5,163094.3,163094.3,167547.8,167547.8,68013.3,68013.3,66955.1,66955.1,242476.1,242476.1,247080.0,247080.0,556962.7,556962.7,591120.0,591120.0,26625.4,26625.4,27776.4,27776.4,24099.2,24099.2,28780.1,28780.1,97134.9,97134.9,105265.7,105265.7,42302.8,42302.8,45148.7,45148.7,106021.4,106021.4,116099.2,116099.2,18302.9,18302.9,18900.3,18900.3,1002756.5,1002756.5,1057371.1,1057371.1,1002756.5,1139548.4,1002756.5,1002756.5,94.834867291,61.945020013,0.815024573,0.815024573,16038.2,19599.2,1057371.1,1057371.1,68.856872575,1618784.7,1392559.9,1002756.5,1002756.5,637465.7,637465.7,486634.3,486634.3,257067.5,257067.5,257067.5,257067.5,2187.5,2187.5,61457.2,61457.2,53496.2,53496.2,19988.5,19988.5,55191.0,55191.0,6661.9,6661.9,12663.1,12663.1,1425.5,1425.5,13618.4,13618.4,77298.8,77298.8,6575.6,6575.6,109143.9,109143.9,117923.8,117923.8,108223.2,108223.2,150831.4,150831.4,748825.0,748825.0,94.890198078,789149.0,789149.0,,,,,,,,,,,609322.3,639838.6,609322.3,609322.3,639838.6,639838.6,612487.3,696040.4,612487.3,612487.3,95.230092482,62.631874366,0.28177847,0.28177847,643165.7,643165.7,69.303032441,977916.3,841252.7,612487.3,643416.7,3165.1,3165.1,3326.9,3326.9,136337.7,154936.3,136337.7,136337.7,93.553608566,57.762853942,3.521206446,3.521206446,145732.2,145732.2,72.724996602,236030.1,203044.9,1037007.4,1037007.4,288182.3,288182.3,267249.9,303707.1,267249.9,267249.9,94.906162967,62.098441041,-2.71834013,-2.71834013,281593.9,281593.9,61.939901048,430364.9,370221.5,267077.5,281593.9,,,,,,,20932.4,20932.4,20932.4,20932.4,236312.5,268549.3,236312.5,236312.5,96.842593982,60.250949862,3.883589766,3.883589766,244017.1,244017.1,68.008134911,392213.8,337402.0,270563.4,307472.5,270563.4,270563.4,97.977296414,57.191991456,-2.760215664,-2.760215664,276149.1,276149.1,75.771981575,473079.1,406966.4,71052.0,71052.0,0.87996,20932.4,0.0,0.0,55338.7
2009,-469.7,-469.7,-469.7,-469.7,898263.1,898263.1,898263.1,898263.1,81234.3,81234.3,81234.3,81234.3,185464.8,185464.8,185464.8,185464.8,152542.0,152542.0,152542.0,152542.0,56304.6,56304.6,56304.6,56304.6,222185.4,222185.4,222185.4,222185.4,575259.4,575259.4,575259.4,575259.4,27153.2,27153.2,27153.2,27153.2,37459.5,37459.5,37459.5,37459.5,105097.2,105097.2,105097.2,105097.2,45065.4,45065.4,45065.4,45065.4,118731.5,118731.5,118731.5,118731.5,19567.2,19567.2,19567.2,19567.2,1006372.5,1006372.5,1006372.5,1006372.5,1006372.5,1112482.0,1006372.5,1006372.5,100.000000139,65.318824045,-4.823153953,-4.823153953,15442.8,18398.3,1006372.5,1006372.5,65.535799603,1540708.2,1325394.6,1006372.5,1006372.5,628253.0,628253.0,466106.4,466106.4,268995.5,268995.5,268995.5,268995.5,2420.6,2420.6,61385.3,61385.3,53047.9,53047.9,17482.6,17482.6,56253.3,56253.3,6565.1,6565.1,14133.0,14133.0,1531.5,1531.5,15346.3,15346.3,86921.5,86921.5,6956.5,6956.5,108109.4,108109.4,108109.4,108109.4,109123.9,109123.9,162146.6,162146.6,777224.7,777224.7,100.0,777224.7,777224.7,49987.3,49987.3,64877.7,64877.7,597721.1,227259.3,227259.3,305584.0,305584.0,647708.4,616268.4,616268.4,616268.4,616268.4,616268.4,616268.4,619648.3,684982.6,619648.3,619648.3,100.0,65.768994583,-3.656506959,-3.656506959,619648.3,619648.3,66.768962237,942158.8,810492.3,619648.3,619648.3,3379.9,3379.9,3379.9,3379.9,157576.4,174190.9,157576.4,157576.4,100.000000381,61.743053044,8.127385975,8.127385975,157576.4,157576.4,78.635637776,255213.1,219547.2,1006842.1,1006842.1,229617.4,229617.4,223710.6,247298.1,223710.6,223710.6,99.999999996,65.431410455,-20.555580559,-20.555580559,223710.6,223710.6,49.20779479,341900.9,294120.4,223710.6,223710.6,117819.5,117819.5,82206.7,82206.7,23684.4,23684.4,5906.8,5906.8,5906.8,5906.8,235191.3,259989.3,235191.3,235191.3,99.999999962,62.215340752,-3.616906519,-3.616906519,235191.3,235191.3,65.548344245,378027.8,325198.5,235660.9,260508.4,235660.9,235660.9,99.999999576,58.372697866,-14.661700301,-14.661700301,235660.9,235660.9,64.662520725,403717.7,347298.2,72039.0,72039.0,0.90462,5906.8,0.0,0.0,27125.3
2010,-50282.0,-50282.0,-42056.9,-42056.9,1027561.1,1027561.1,962308.7,962308.7,104703.6,104703.6,87464.9,87464.9,215314.6,215314.6,203682.1,203682.1,175779.8,175779.8,166535.3,166535.3,70648.2,70648.2,65729.0,65729.0,251890.7,251890.7,239984.1,239984.1,636894.6,636894.6,605476.9,605476.9,28533.0,28533.0,27071.0,27071.0,34121.6,34121.6,40278.1,40278.1,115621.1,115621.1,110208.9,110208.9,50078.8,50078.8,47000.6,47000.6,133979.5,133979.5,120230.9,120230.9,22669.8,22669.8,20703.2,20703.2,1167664.5,1167664.5,1091180.5,1091180.5,1167664.5,1268709.0,1167664.5,1167664.5,107.009283574,69.897205553,8.427104333,8.427104333,17345.8,19647.9,1091180.5,1091180.5,71.058569811,1670545.3,1437086.9,1167664.5,1167664.5,709460.0,709460.0,535498.7,535498.7,314230.9,314230.9,314230.9,314230.9,2889.8,2889.8,72018.7,72018.7,62539.8,62539.8,21472.2,21472.2,65909.7,65909.7,7502.8,7502.8,15815.1,15815.1,1692.7,1692.7,18451.0,18451.0,100280.1,100280.1,8198.7,8198.7,140103.4,140103.4,128871.8,128871.8,143973.6,143973.6,173961.3,173961.3,905566.8,905566.8,106.92050695,846953.4,846953.4,62382.4,59866.2,79124.1,76805.2,696167.6,274332.9,247667.5,342710.6,327380.8,758550.1,728542.5,683787.0,728542.5,728542.5,683787.0,683787.0,731881.9,795215.7,731881.9,731881.9,106.589934736,70.103128402,10.810142837,10.810142837,686633.2,686633.2,73.986782426,1044007.5,898107.6,731881.9,686633.2,3339.4,3339.4,2846.2,2846.2,173684.9,188714.8,173684.9,173684.9,108.336311123,66.890145788,1.741221961,1.741221961,160320.1,160320.1,80.00485877,259657.0,223370.0,1217946.4,1217946.4,312379.6,312379.6,287659.5,312552.3,287659.5,287659.5,105.429536567,68.984032815,21.963493399,21.963493399,272845.3,272845.3,60.015545551,416994.3,358719.5,287659.5,272845.3,141699.7,132960.2,114133.6,110925.3,31826.3,28959.8,24720.1,24720.1,24720.1,24720.1,247476.4,268891.9,247476.4,247476.4,103.44267556,64.357213107,1.721515229,1.721515229,239240.1,239240.1,66.676768974,384535.6,330796.8,297758.3,323525.0,297758.3,297758.3,105.851919715,61.788621543,19.365165411,19.365165411,281297.0,281297.0,77.184524822,481898.3,414553.1,73142.0,73142.0,0.92036,24720.1,0.0,0.0,47249.3
2011,-102795.4,-102795.4,-53276.4,-53276.4,1237146.3,1237146.3,1071500.0,1071500.0,114838.2,114838.2,90473.5,90473.5,276995.9,276995.9,239381.3,239381.3,231091.9,231091.9,200231.2,200231.2,100051.8,100051.8,82081.5,82081.5,307778.3,307778.3,270241.3,270241.3,745260.5,745260.5,659979.4,659979.4,32378.5,32378.5,29439.3,29439.3,37763.5,37763.5,42562.4,42562.4,125728.3,125728.3,115645.5,115645.5,60607.7,60607.7,52901.9,52901.9,153757.3,153757.3,125816.1,125816.1,27247.0,27247.0,23375.0,23375.0,1404927.6,1404927.6,1213394.0,1213394.0,1404927.6,1454111.9,1404927.6,1404927.6,115.784951344,75.629368534,11.200110564,11.200110564,19590.9,21530.0,1213394.0,1213394.0,79.017208195,1857648.2,1598042.3,1404927.6,1404927.6,861666.2,861666.2,661615.5,661615.5,371489.3,371489.3,371489.3,371489.3,3530.9,3530.9,85066.2,85066.2,74193.6,74193.6,26450.1,26450.1,79488.7,79488.7,8820.3,8820.3,17691.5,17691.5,1843.5,1843.5,22815.5,22815.5,115938.5,115938.5,9844.1,9844.1,167781.3,167781.3,141919.1,141919.1,171772.1,171772.1,200050.7,200050.7,1072148.6,1072148.6,114.999850642,932304.4,932304.4,81677.0,73218.8,105499.9,95292.6,835910.5,327457.6,272636.0,402953.1,361229.5,917587.6,876891.7,767041.5,876891.7,876891.7,767041.5,767041.5,881073.5,911918.4,881073.5,881073.5,114.351757943,75.208001487,12.213336732,12.213336732,770494.0,770494.0,83.0230373,1171515.6,1007796.6,881073.5,770494.0,4181.8,4181.8,3428.7,3428.7,191075.1,197764.4,191075.1,191075.1,117.913602746,72.803458013,1.076966448,1.076966448,162046.7,162046.7,80.866484255,262453.4,225775.6,1507723.0,1507723.0,435574.4,435574.4,389783.8,403429.5,389783.8,389783.8,115.511039338,75.580502273,23.675550909,23.675550909,337442.9,337442.9,74.224556591,515720.0,443648.3,389783.8,337442.9,201580.5,169388.1,151228.0,136949.6,36975.2,31239.8,45790.6,45790.6,45790.6,45790.6,323044.9,334354.1,323044.9,323044.9,119.578725975,74.39631186,12.921054527,12.921054527,270152.5,270152.5,75.29211065,434221.6,373539.2,425840.2,440748.2,425840.2,425840.2,131.664274445,76.855989445,14.977687234,14.977687234,323428.8,323428.8,88.744981543,554075.5,476643.6,74224.0,74224.0,0.96618,45790.6,0.0,0.0,27813.1
2012,-64983.8,-64983.8,-16111.0,-16111.0,1397219.9,1397219.9,1127408.0,1127408.0,121692.9,121692.9,92459.7,92459.7,304092.5,304092.5,247664.3,247664.3,250407.5,250407.5,204571.0,204571.0,117361.4,117361.4,88791.2,88791.2,354695.0,354695.0,291092.7,291092.7,854073.1,854073.1,699346.4,699346.4,37833.6,37833.6,32013.6,32013.6,46114.3,46114.3,42613.5,42613.5,136373.0,136373.0,120681.8,120681.8,71156.0,71156.0,57251.8,57251.8,177320.1,177320.1,130820.8,130820.8,30581.1,30581.1,24451.4,24451.4,1581479.3,1581479.3,1271497.2,1271497.2,1581479.3,1550688.5,1581479.3,1581479.3,124.379289977,81.243089455,4.788492728,4.788492728,20627.4,22275.3,1271497.2,1271497.2,82.800941463,1946601.6,1674564.4,1581479.3,1581479.3,953755.5,953755.5,726098.7,726098.7,438577.8,438577.8,438577.8,438577.8,4492.8,4492.8,100117.7,100117.7,88035.5,88035.5,30121.3,30121.3,95436.8,95436.8,10335.9,10335.9,19801.8,19801.8,2088.8,2088.8,28095.0,28095.0,136510.8,136510.8,11576.9,11576.9,184259.3,184259.3,144223.1,144223.1,189146.0,189146.0,227656.8,227656.8,1202496.6,1202496.6,124.270577725,967643.8,967643.8,86017.5,74141.1,113779.2,95891.1,934976.5,367199.0,281947.4,453998.3,377098.4,1020994.1,974963.4,791353.9,974963.4,974963.4,791353.9,791353.9,979094.9,960032.3,979094.9,979094.9,123.209638229,81.033740292,3.136126954,3.136126954,794657.7,794657.7,85.626745151,1208255.8,1039402.3,979094.9,794657.7,4131.5,4131.5,3295.4,3295.4,223401.7,219052.2,223401.7,223401.7,129.074846785,79.694750814,6.808193623,6.808193623,173079.2,173079.2,86.372031079,280321.7,241146.8,1646463.0,1646463.0,443966.5,443966.5,427923.2,419591.7,427923.2,427923.2,123.284622579,80.666867431,2.862399286,2.862399286,347101.9,347101.9,76.349159768,530482.0,456347.2,427923.2,347101.9,225758.8,178641.1,159161.3,134586.9,43003.1,33567.1,16043.2,16043.2,16043.2,16043.2,385262.2,377761.3,385262.2,385262.2,124.551943943,77.490416367,14.497754111,14.497754111,309318.5,309318.5,86.207775717,497174.0,427694.0,450246.0,441479.9,450246.0,450246.0,138.3543913,80.76119116,0.618577505,0.618577505,325429.5,325429.5,89.293938036,557502.9,479592.0,75176.0,75176.0,1.01986,16043.2,0.0,0.0,-12129.1
2013,-90100.6,-90100.6,-36392.7,-36392.7,1599039.3,1599039.3,1217108.6,1217108.6,121734.0,121734.0,94649.3,94649.3,358534.6,358534.6,271064.7,271064.7,296851.3,296851.3,224647.4,224647.4,146189.9,146189.9,101503.6,101503.6,404195.3,404195.3,309304.7,309304.7,972580.8,972580.8,750889.5,750889.5,43292.2,43292.2,34896.8,34896.8,55726.4,55726.4,53625.1,53625.1,148972.2,148972.2,123531.4,123531.4,84701.7,84701.7,64151.8,64151.8,199413.7,199413.7,139088.4,139088.4,36279.2,36279.2,26394.1,26394.1,1823427.3,1823427.3,1379394.2,1379394.2,1823427.3,1703669.6,1823427.3,1823427.3,132.190445813,86.345244585,8.485816996,8.485816996,22373.1,23857.0,1379394.2,1379394.2,89.827277827,2111786.6,1816664.9,1823427.3,1823427.3,1087472.2,1087472.2,832387.8,832387.8,506358.8,506358.8,506358.8,506358.8,5136.3,5136.3,116829.2,116829.2,103099.0,103099.0,35511.2,35511.2,111597.6,111597.6,11683.8,11683.8,23017.8,23017.8,2434.6,2434.6,33860.7,33860.7,152706.4,152706.4,13581.1,13581.1,224388.0,224388.0,162252.0,162252.0,229596.4,229596.4,255084.4,255084.4,1373438.6,1373438.6,131.875238486,1041468.2,1041468.2,111138.3,93793.5,132443.4,98735.7,1061197.9,400725.0,287360.2,528029.5,417608.3,1172336.2,1113710.0,851537.5,1113710.0,1113710.0,851537.5,851537.5,1117823.6,1044408.0,1117823.6,1117823.6,130.80928654,86.031952578,7.536173831,7.536173831,854544.5,854544.5,92.079725511,1299312.1,1117733.5,1117823.6,854544.5,4113.6,4113.6,3007.3,3007.3,255615.1,238827.0,255615.1,255615.1,136.699708383,84.402573137,8.037364498,8.037364498,186990.2,186990.2,93.314066041,302852.2,260528.7,1913528.0,1913528.0,540089.3,540089.3,516877.5,482930.4,516877.5,516877.5,130.346195131,85.287353952,14.243719987,14.243719987,396542.1,396542.1,87.224120298,606042.4,521348.1,516877.5,396542.1,291180.5,216398.1,182242.4,148031.5,43454.6,31488.6,23211.8,23211.8,23211.8,23211.8,433848.2,405354.3,433848.2,433848.2,133.666107001,83.160823972,4.932653551,4.932653551,324576.1,324576.1,90.460106627,521697.9,448790.7,523948.9,489537.4,523948.9,523948.9,145.150734089,84.72839982,10.920743845,10.920743845,360968.8,360968.8,99.045500279,618386.4,531967.0,76148.0,76148.0,1.07029,23211.8,0.0,0.0,268.5
2014,-68946.3,-68946.3,-14499.9,-14499.9,1818621.9,1818621.9,1282082.3,1282082.3,134744.5,134744.5,95168.0,95168.0,412268.8,412268.8,285120.3,285120.3,344641.2,344641.2,237255.1,237255.1,165499.8,165499.8,106376.1,106376.1,464405.5,464405.5,329201.1,329201.1,1106108.8,1106108.8,796301.6,796301.6,49344.5,49344.5,37277.9,37277.9,58816.8,58816.8,59109.9,59109.9,163852.0,163852.0,126690.5,126690.5,99240.9,99240.9,70597.7,70597.7,228952.0,228952.0,145714.5,145714.5,41497.0,41497.0,28100.1,28100.1,2054897.8,2054897.8,1447532.3,1447532.3,2054897.8,1860470.9,2054897.8,2054897.8,141.958683482,92.725742551,4.939715154,4.939715154,24105.0,24700.1,1447532.3,1447532.3,94.264489482,2216102.9,1906402.9,2054897.8,2054897.8,1230938.6,1230938.6,933634.3,933634.3,590558.0,590558.0,590558.0,590558.0,5796.6,5796.6,137036.0,137036.0,121475.3,121475.3,40737.0,40737.0,132767.3,132767.3,13536.4,13536.4,25719.7,25719.7,2895.0,2895.0,41094.5,41094.5,175074.4,175074.4,15901.0,15901.0,236275.9,236275.9,165657.4,165657.4,233401.2,233401.2,297304.3,297304.3,1528592.3,1528592.3,142.318905929,1074061.3,1074061.3,125608.4,99187.0,148135.6,100867.6,1178695.9,442776.9,292060.2,587783.4,435448.8,1304304.3,1235234.5,877620.6,1235234.5,1235234.5,877620.6,877620.6,1240496.1,1123124.9,1240496.1,1240496.1,140.759844469,92.576334483,3.129268567,3.129268567,881285.5,881285.5,94.961147418,1339971.1,1152710.4,1240496.1,881285.5,5261.6,5261.6,3640.6,3640.6,288096.3,260837.6,288096.3,288096.3,149.393141596,92.239886309,3.130735776,3.130735776,192844.4,192844.4,96.235482891,312333.7,268685.1,2123844.1,2123844.1,595251.8,595251.8,590695.4,534806.0,590695.4,590695.4,141.989388251,92.905659433,4.910376617,4.910376617,416013.8,416013.8,91.507153106,635801.3,546948.2,590695.4,416013.8,337616.9,229815.1,205548.6,153153.2,47529.9,32228.8,4556.4,4556.4,4556.4,4556.4,517948.1,468941.8,517948.1,517948.1,149.028650842,92.718682975,7.077929106,7.077929106,347549.4,347549.4,96.862808844,558623.3,480555.8,586894.4,531364.6,586894.4,586894.4,162.103480321,94.624175199,0.299314779,0.299314779,362049.2,362049.2,99.341958099,620237.3,533559.3,77182.0,77182.0,1.1045,4556.4,0.0,0.0,-10389.2
2015,-47629.8,-47629.8,-5641.7,-5641.7,2073020.6,2073020.6,1354233.2,1354233.2,161471.5,161471.5,103977.4,103977.4,463829.0,463829.0,299576.3,299576.3,392517.5,392517.5,251300.9,251300.9,190540.3,190540.3,111640.5,111640.5,528454.8,528454.8,350751.9,350751.9,1257179.9,1257179.9,840376.9,840376.9,56134.8,56134.8,38796.9,38796.9,70002.6,70002.6,64064.6,64064.6,180721.0,180721.0,129747.3,129747.3,121924.5,121924.5,81595.7,81595.7,254843.8,254843.8,148658.3,148658.3,45098.5,45098.5,27993.0,27993.0,2350941.3,2350941.3,1535607.2,1535607.2,2350941.3,2022397.8,2350941.3,2350941.3,153.095224235,100.0,6.084486904,6.084486904,25855.9,25855.9,1535607.2,1535607.2,100.0,2350941.3,2022397.8,2350941.3,2350941.3,1394281.6,1394281.6,1051155.2,1051155.2,683728.7,683728.7,683728.7,683728.7,6648.3,6648.3,159214.2,159214.2,141291.9,141291.9,47625.6,47625.6,156381.3,156381.3,15575.7,15575.7,29360.8,29360.8,3464.0,3464.0,50315.3,50315.3,197096.6,197096.6,18046.8,18046.8,277920.7,277920.7,181561.9,181561.9,272931.1,272931.1,343126.4,343126.4,1735624.5,1735624.5,153.835956887,1128230.7,1128230.7,147749.9,109425.2,166000.5,102971.1,1332927.8,506668.1,311238.0,660259.2,450883.4,1480677.6,1403965.1,923493.3,1403965.1,1403965.1,923493.3,923493.3,1411072.9,1213875.8,1411072.9,1411072.9,152.047329649,100.0,5.306225461,5.306225461,928048.5,928048.5,100.0,1411072.9,1213875.8,1411072.9,928048.5,7107.8,7107.8,4511.4,4511.4,324551.5,279195.5,324551.5,324551.5,161.96154134,100.0,3.911776609,3.911776609,200388.0,200388.0,100.0,324551.5,279195.5,2398571.2,2398571.2,662946.7,662946.7,694810.5,597710.9,694810.5,694810.5,152.831796381,100.0,9.281074326,9.281074326,454624.3,454624.3,100.0,694810.5,597710.9,694810.5,454624.3,379204.1,240552.3,262119.4,181616.9,53487.0,32803.6,-31863.8,-31863.8,-31863.8,-31863.8,576715.9,496120.0,576715.9,576715.9,160.732061825,100.0,3.238798455,3.238798455,358805.8,358805.8,100.0,576715.9,496120.0,624345.8,537093.6,624345.8,624345.8,171.31296519,100.0,0.662400776,0.662400776,364447.5,364447.5,100.0,624345.8,537093.6,78218.0,78218.0,1.16245,-31863.8,0.0,0.0,-31863.8
2016,-56764.4,-56764.4,-22810.3,-22810.3,2316930.4,2316930.4,1398417.8,1398417.8,161331.0,161331.0,101280.7,101280.7,514901.9,514901.9,312737.1,312737.1,435889.6,435889.6,261377.2,261377.2,222713.8,222713.8,117322.5,117322.5,575274.0,575274.0,353545.7,353545.7,1417983.7,1417983.7,868384.7,868384.7,63532.5,63532.5,41117.3,41117.3,87063.0,87063.0,69682.8,69682.8,201559.6,201559.6,134402.2,134402.2,138259.0,138259.0,86068.0,86068.0,301591.9,301591.9,156626.8,156626.8,50703.8,50703.8,28841.2,28841.2,2626559.7,2626559.7,1586636.8,1586636.8,2626559.7,2116398.3,2626559.7,2626559.7,165.542597936,108.130478115,3.323084202,3.323084202,26695.9,26357.9,1586636.8,1586636.8,103.323084202,2429065.1,2089603.8,2626559.7,2626559.7,1492615.1,1492615.1,1099817.4,1099817.4,840205.1,840205.1,840205.1,840205.1,8325.3,8325.3,195122.7,195122.7,174255.2,174255.2,61662.3,61662.3,195039.4,195039.4,18877.8,18877.8,32722.3,32722.3,4497.6,4497.6,66926.2,66926.2,235761.6,235761.6,21269.8,21269.8,309629.3,309629.3,188413.1,188413.1,293739.5,293739.5,392797.7,392797.7,1947372.5,1947372.5,164.609978667,1183022.1,1183022.1,155123.4,106753.7,179331.0,106012.6,1455151.3,551036.5,322682.0,724783.9,457885.2,1610274.7,1551854.0,958078.3,1551854.0,1551854.0,958078.3,958078.3,1560395.8,1257317.3,1560395.8,1560395.8,162.006025873,106.54973438,3.784606339,3.784606339,963171.5,963171.5,103.784606339,1464476.5,1259816.2,1560395.8,963171.5,8541.8,8541.8,5034.9,5034.9,386976.6,311813.5,386976.6,386976.6,176.333220084,108.873513197,9.516329263,9.516329263,219457.6,219457.6,109.516329263,355436.9,305764.7,2683324.1,2683324.1,735951.6,735951.6,764545.1,616046.2,764545.1,764545.1,164.542569168,107.66252381,2.205009802,2.205009802,464648.8,464648.8,102.205009802,710131.2,610890.5,764545.1,464648.8,424395.3,247742.2,279762.3,181954.5,60387.6,34949.8,-28593.5,-28593.5,-28593.5,-28593.5,606302.2,488539.0,606302.2,606302.2,171.973391977,106.993831862,-1.741888793,-1.741888793,352555.8,352555.8,98.258111207,566670.2,487478.1,663066.5,534277.9,663066.5,663066.5,176.645306202,103.112631321,2.995931147,2.995931147,375366.1,375366.1,102.995931147,643050.7,553184.5,79278.0,79278.0,1.24105,-28593.5,0.0,0.0,-24598.9
2017,-115424.5,-115424.5,-18981.1,-18981.1,2779809.4,2779809.4,1509484.0,1509484.0,189232.8,189232.8,106262.8,106262.8,646827.3,646827.3,341814.2,341814.2,551276.0,551276.0,285595.7,285595.7,266074.7,266074.7,128318.7,128318.7,710311.5,710311.5,392477.0,392477.0,1677674.6,1677674.6,933979.3,933979.3,78547.8,78547.8,46601.8,46601.8,100033.3,100033.3,71839.5,71839.5,222123.2,222123.2,137320.9,137320.9,169972.4,169972.4,95040.0,95040.0,337182.0,337182.0,161540.7,161540.7,59504.4,59504.4,31310.6,31310.6,3133704.3,3133704.3,1705666.2,1705666.2,3133704.3,2264269.3,3133704.3,3133704.3,183.723184019,120.005823133,7.501997496,7.501997496,28193.1,27970.1,1705666.2,1705666.2,111.074379392,2611293.5,2246365.8,3133704.3,3133704.3,1858354.1,1858354.1,1386198.5,1386198.5,947014.6,947014.6,947014.6,947014.6,9443.8,9443.8,222932.3,222932.3,198429.7,198429.7,71507.8,71507.8,221609.9,221609.9,21462.7,21462.7,35937.2,35937.2,4899.9,4899.9,78134.4,78134.4,256750.2,256750.2,24336.3,24336.3,353894.9,353894.9,196340.5,196340.5,328335.6,328335.6,472155.7,472155.7,2287262.7,2287262.7,182.83571612,1250993.4,1250993.4,196072.5,121406.8,215334.5,110056.3,1717801.3,654351.8,345520.2,848115.0,484698.9,1913873.8,1826538.1,1014794.2,1826538.1,1826538.1,1014794.2,1014794.2,1836628.1,1327062.2,1836628.1,1836628.1,180.017693912,118.395827357,5.925960053,5.925960053,1020248.6,1020248.6,109.934840651,1551260.8,1334472.4,1836628.1,1020248.6,10090.0,10090.0,5390.1,5390.1,450634.7,325607.7,450634.7,450634.7,195.528307409,120.7251461,5.018149333,5.018149333,230470.3,230470.3,115.012022209,373273.3,321108.4,3249128.8,3249128.8,961866.0,961866.0,935634.6,676046.2,935634.6,935634.6,186.006197152,121.706478336,8.256509578,8.256509578,503012.6,503012.6,110.643576225,768763.2,661328.7,935634.6,503012.6,536038.1,278516.5,323463.7,183957.7,76132.9,39190.1,26231.4,26231.4,26231.4,26231.4,815998.5,589602.7,815998.5,815998.5,205.901396681,128.102255607,12.409291445,12.409291445,396305.5,396305.5,110.451246595,636989.9,547970.7,931423.0,673003.0,931423.0,931423.0,224.284421395,130.920868217,10.635076177,10.635076177,415286.5,415286.5,113.949626885,711439.7,612016.1,80313.0,80313.0,1.38398,26231.4,0.0,0.0,-7554.0
2018,-5597.6,-5597.6,42678.4,42678.4,3371990.9,3371990.9,1560309.5,1560309.5,217832.4,217832.4,108708.3,108708.3,839514.8,839514.8,347207.7,347207.7,717771.7,717771.7,289655.1,289655.1,267719.6,267719.6,125931.7,125931.7,894197.9,894197.9,413459.2,413459.2,2046924.0,2046924.0,980803.8,980803.8,94155.3,94155.3,49883.3,49883.3,111874.1,111874.1,72450.3,72450.3,252567.0,252567.0,141347.0,141347.0,195402.3,195402.3,93134.1,93134.1,427518.2,427518.2,177838.7,177838.7,71209.3,71209.3,32695.2,32695.2,3761165.6,3761165.6,1757060.8,1757060.8,3761165.6,2303774.9,3761165.6,3761165.6,214.0600642,139.821516491,3.013170387,3.013170387,28299.5,28425.7,1757060.8,1757060.8,114.421239699,2689976.2,2314052.6,3761165.6,3761165.6,2276775.8,2276775.8,1666888.6,1666888.6,1129021.7,1129021.7,1129021.7,1129021.7,11274.6,11274.6,265454.7,265454.7,238982.7,238982.7,81586.6,81586.6,267102.9,267102.9,25053.5,25053.5,41052.9,41052.9,6207.3,6207.3,77410.8,77410.8,323904.7,323904.7,29973.7,29973.7,389174.7,389174.7,196798.5,196798.5,355368.1,355368.1,607495.4,607495.4,2658790.1,2658790.1,209.011227665,1272080.0,1272080.0,206501.6,103994.1,253970.5,114321.6,2042615.1,786159.2,360855.1,1002485.5,502553.7,2249116.7,2100135.9,1020806.1,2100135.9,2100135.9,1020806.1,1020806.1,2113086.7,1294299.9,2113086.7,2113086.7,205.750632409,135.320122283,0.663056087,0.663056087,1027013.4,1027013.4,110.663770304,1561546.5,1343320.7,2113086.7,1027013.4,12950.8,12950.8,6115.0,6115.0,545703.4,334252.2,545703.4,545703.4,223.685684843,138.110370519,5.853089049,5.853089049,243959.9,243959.9,121.743778286,395121.3,339903.2,3766763.2,3763006.9,1107973.0,1107973.0,1119584.4,685763.6,1119584.4,1119584.4,222.255412698,145.424851347,0.144158235,0.144158235,503737.7,503737.7,110.803078052,769871.4,662282.1,1119584.4,503737.7,643682.0,285283.4,378707.5,172592.5,97194.8,43467.4,-11611.4,-11611.4,-11611.4,-11611.4,1174713.4,719531.0,1174713.4,1174713.4,271.71555949,169.048761277,9.090606703,9.090606703,432332.0,432332.0,120.491935021,694896.2,597784.6,1180311.0,722959.6,1180311.0,1180311.0,302.912842056,176.81839884,-6.172329137,-6.172329137,389653.7,389653.7,106.916280863,667527.3,574240.5,81407.0,81407.0,1.63261,-11611.4,0.0,0.0,-63931.9
2019,127597.3,127597.3,85028.4,85028.4,3887950.3,3887950.3,1574198.6,1574198.6,276415.9,276415.9,111964.1,111964.1,946787.8,946787.8,344530.9,344530.9,793504.1,793504.1,283114.3,283114.3,233343.1,233343.1,115095.1,115095.1,1050405.5,1050405.5,418164.5,418164.5,2431403.5,2431403.5,1006319.0,1006319.0,113204.3,113204.3,52489.9,52489.9,134152.1,134152.1,76169.9,76169.9,282779.3,282779.3,144018.1,144018.1,227578.1,227578.1,92251.9,92251.9,530898.7,530898.7,187446.6,187446.6,92385.4,92385.4,35629.5,35629.5,4317809.8,4317809.8,1771442.6,1771442.6,4317809.8,2316407.2,4317809.8,4317809.8,243.745393528,159.211624495,0.818514532,0.818514532,28050.8,28251.7,1771442.6,1771442.6,115.357794174,2711994.1,2332993.5,4317809.8,4317809.8,2574691.7,2574691.7,1842916.4,1842916.4,1350549.0,1350549.0,1350549.0,1350549.0,13918.9,13918.9,320515.8,320515.8,289457.7,289457.7,76700.8,76700.8,323087.4,323087.4,30218.1,30218.1,50134.7,50134.7,7664.5,7664.5,89608.3,89608.3,402015.3,402015.3,36685.1,36685.1,429859.5,429859.5,197187.8,197187.8,392569.2,392569.2,728153.3,728153.3,3116024.6,3116024.6,240.159059572,1297483.7,1297483.7,225761.2,101184.7,290987.2,118114.8,2428165.9,942642.7,362617.4,1194536.0,525856.1,2653927.1,2441757.6,1036324.7,2441757.6,2441757.6,1036324.7,1036324.7,2456654.1,1317939.3,2456654.1,2456654.1,235.660290837,154.991403914,1.503606367,1.503606367,1042455.7,1042455.7,112.3277178,1585026.0,1363519.0,2456654.1,1042455.7,14896.5,14896.5,6042.0,6042.0,659370.5,353737.4,659370.5,659370.5,260.113959048,160.602299099,3.907612048,3.907612048,253492.9,253492.9,126.501052835,410561.1,353185.2,4190212.5,4203984.5,1074187.9,1074187.9,1121664.3,601747.5,1121664.3,1121664.3,254.396051346,166.454924544,-12.471791656,-12.471791656,440912.6,440912.6,96.983949009,673854.7,579683.6,1121664.3,440912.6,579655.9,232677.4,415517.3,158247.5,126491.1,48180.3,-47476.4,-47476.4,-47476.4,-47476.4,1428081.7,766133.5,1428081.7,1428081.7,313.758772152,195.206089308,5.278520482,5.278520482,455152.8,455152.8,126.852126491,731576.4,629338.8,1300484.5,697680.5,1300484.5,1300484.5,351.3642079,205.100768357,-5.011971259,-5.011971259,370124.3,370124.3,101.557667595,634071.0,545459.7,82579.0,82579.0,1.86401,-47476.4,0.0,0.0,-54953.2
2020,-156615.4,-156615.4,-6605.4,-6605.4,4488017.5,4488017.5,1588614.7,1588614.7,336736.5,336736.5,118467.7,118467.7,1150140.1,1150140.1,354664.1,354664.1,966255.2,966255.2,291657.5,291657.5,264759.7,264759.7,108716.6,108716.6,1129438.0,1129438.0,394823.9,394823.9,2736381.1,2736381.1,1008162.2,1008162.2,139254.1,139254.1,59799.0,59799.0,187486.0,187486.0,94054.5,94054.5,316165.9,316165.9,148037.0,148037.0,238852.4,238852.4,87274.3,87274.3,616097.2,616097.2,193189.0,193189.0,109087.5,109087.5,37151.2,37151.2,5048567.9,5048567.9,1804389.2,1804389.2,5048567.9,2332764.3,5048567.9,5048567.9,279.793732394,182.757975474,1.859873034,1.859873034,27975.8,28498.9,1804389.2,1804389.2,117.503302681,2762433.7,2376384.2,5048567.9,5048567.9,3079903.9,3079903.9,2218501.2,2218501.2,1478627.9,1478627.9,1478627.9,1478627.9,16154.1,16154.1,358879.3,358879.3,324542.5,324542.5,79240.7,79240.7,327192.1,327192.1,34157.1,34157.1,58244.9,58244.9,8233.2,8233.2,98530.6,98530.6,461038.6,461038.6,36957.3,36957.3,560550.4,560550.4,217693.2,217693.2,490036.1,490036.1,861054.9,861054.9,3622931.4,3622931.4,271.077326537,1336493.7,1336493.7,329408.7,126999.4,309666.5,114797.9,2612552.9,1123597.9,378245.4,1179288.5,464307.2,2941961.6,2846901.9,1069191.5,2846901.9,2846901.9,1069191.5,1069191.5,2865973.8,1324264.9,2865973.8,2865973.8,266.333058874,175.164575063,3.226102189,3.226102189,1076086.4,1076086.4,115.951524763,1636160.6,1407507.5,2865973.8,1076086.4,19071.9,19071.9,6778.0,6778.0,756957.6,349763.3,756957.6,756957.6,292.215107517,180.422528151,2.188738922,2.188738922,259041.2,259041.2,129.269830615,419547.2,360915.6,5205183.4,5205183.4,1582252.0,1582252.0,1389478.4,642028.7,1389478.4,1389478.4,293.621315261,192.12056798,7.327670131,7.327670131,473221.2,473221.2,104.090612872,723232.5,622160.9,1389478.4,473221.2,627953.1,216067.5,575570.2,192005.9,185955.2,61485.2,192773.5,192773.5,192773.5,192773.5,1470182.9,679319.4,1470182.9,1470182.9,378.335511016,235.382727454,-14.623752631,-14.623752631,388592.4,388592.4,108.301585305,624592.5,537305.8,1626798.3,751685.8,1626798.3,1626798.3,411.641567596,240.286289563,6.774326955,6.774326955,395197.8,395197.8,108.437516046,677025.0,582410.9,83385.0,83385.0,2.1642,192773.5,0.0,0.0,35925.9
2021,29383.6,29383.6,84230.4,84230.4,6488544.7,6488544.7,1789879.4,1789879.4,401537.0,401537.0,114865.7,114865.7,1891987.4,1891987.4,416169.7,416169.7,1613624.5,1613624.5,346036.4,346036.4,367052.7,367052.7,108047.5,108047.5,1773981.4,1773981.4,478116.3,478116.3,3827967.6,3827967.6,1148115.1,1148115.1,202927.2,202927.2,73677.9,73677.9,211257.0,211257.0,88079.8,88079.8,358675.9,358675.9,153365.6,153365.6,342342.4,342342.4,102134.8,102134.8,771799.9,771799.9,206373.8,206373.8,166983.8,166983.8,46376.7,46376.7,7256141.7,7256141.7,2010800.4,2010800.4,7256141.7,2584207.1,7256141.7,7256141.7,360.858371784,235.70844456,11.439395699,11.439395699,30710.6,31471.5,2010800.4,2010800.4,130.944970434,3078439.4,2648228.2,7256141.7,7256141.7,4639838.0,4639838.0,3392205.7,3392205.7,1946220.4,1946220.4,1946220.4,1946220.4,20340.7,20340.7,496869.1,496869.1,452051.5,452051.5,110090.9,110090.9,441916.0,441916.0,50857.5,50857.5,71624.3,71624.3,11339.0,11339.0,135060.4,135060.4,561317.4,561317.4,46804.9,46804.9,767597.0,767597.0,221161.4,221161.4,670083.4,670083.4,1247632.3,1247632.3,4948005.4,4948005.4,328.215365881,1507548.4,1507548.4,492206.4,148438.2,485966.6,151696.0,3746658.1,1539156.9,420058.1,1721534.6,563010.5,4238864.5,3983441.5,1233661.2,3983441.5,3983441.5,1233661.2,1233661.2,4008667.9,1427649.6,4008667.9,4008667.9,322.869172662,212.347808677,15.378891003,15.378891003,1241576.5,1241576.5,133.783583372,1887783.9,1623966.5,4008667.9,1241576.5,25226.3,25226.3,7782.5,7782.5,939337.6,334536.3,939337.6,939337.6,351.956734107,217.308832205,3.029953914,3.029953914,266890.1,266890.1,133.186646908,432259.3,371851.1,7226758.1,7226758.1,2278752.7,2278752.7,2044233.5,728034.7,2044233.5,2044233.5,402.857031233,263.595037664,7.229757794,7.229757794,507434.0,507434.0,111.616112069,775520.5,667141.7,2044233.5,507434.0,877351.3,211034.3,941714.8,233882.2,225167.4,58030.8,234519.2,234519.2,234519.2,234519.2,2593613.3,923691.1,2593613.3,2593613.3,533.709952458,332.049465675,25.056324728,25.056324728,485959.3,485959.3,135.437982204,781092.4,671934.9,2564229.6,913226.4,2564229.6,2564229.6,638.298549223,372.592085202,1.652617861,1.652617861,401728.9,401728.9,110.229573804,688213.7,592035.9,84147.0,84147.0,2.80788,234519.2,0.0,0.0,-110003.0
2022,-600730.0,-600730.0,98076.6,98076.6,13436786.8,13436786.8,1900218.0,1900218.0,972301.6,972301.6,116325.3,116325.3,3964834.3,3964834.3,423155.3,423155.3,3318900.8,3318900.8,361003.1,361003.1,732915.9,732915.9,100371.7,100371.7,4010484.8,4010484.8,538814.3,538814.3,7766734.9,7766734.9,1264760.1,1264760.1,355573.0,355573.0,79752.3,79752.3,494575.6,494575.6,106312.2,106312.2,556821.3,556821.3,163010.4,163010.4,685846.3,685846.3,113490.3,113490.3,1360100.8,1360100.8,213106.4,213106.4,303333.2,303333.2,51220.6,51220.6,15011776.0,15011776.0,2122066.6,2122066.6,15011776.0,3182086.4,15011776.0,15011776.0,707.413034592,462.073874635,5.53342788,5.53342788,37312.7,32771.0,2122066.6,2122066.6,138.190715935,3248782.7,2794766.0,15011776.0,15011776.0,9999367.4,9999367.4,7214888.1,7214888.1,3535880.0,3535880.0,3535880.0,3535880.0,35453.1,35453.1,914842.0,914842.0,835010.2,835010.2,189912.8,189912.8,842247.3,842247.3,97577.7,97577.7,131910.0,131910.0,21245.6,21245.6,244080.7,244080.7,974746.7,974746.7,83864.2,83864.2,1574989.2,1574989.2,221599.8,221599.8,1476528.6,1476528.6,2784479.3,2784479.3,10352388.7,10352388.7,591.406940944,1750467.9,1750467.9,1085972.8,187757.7,1051790.3,187868.7,8307949.6,3500212.7,475689.5,3755946.6,712215.3,9393922.5,8563649.8,1468413.0,8563649.8,8563649.8,1468413.0,1468413.0,8603034.5,1823608.3,8603034.5,8603034.5,582.773188066,383.284066488,18.899110945,18.899110945,1476223.4,1476223.4,159.067491219,2244558.3,1930881.8,8603034.5,1476223.4,39384.7,39384.7,7658.8,7658.8,1749354.2,370815.3,1749354.2,1749354.2,628.882015298,388.290954813,4.226022361,4.226022361,278168.9,278168.9,138.815144387,450526.6,387565.6,15612506.0,15612506.0,5260117.4,5260117.4,4377872.8,927989.4,4377872.8,4377872.8,851.948482758,557.441908642,1.267537369,1.267537369,513865.9,513865.9,113.030888,785350.5,675597.9,4377872.8,513865.9,1833221.3,191773.0,2075987.9,256280.1,468663.6,62103.9,882244.5,882244.5,882244.5,882244.5,5792174.0,1227782.6,5792174.0,5792174.0,1084.219641258,674.550944447,9.932072045,9.932072045,534225.1,534225.1,148.889780173,858671.1,738672.0,6392904.0,1355121.0,6392904.0,6392904.0,1465.762908202,855.605357466,8.567890798,8.567890798,436148.6,436148.6,119.673923315,747179.1,642760.9,85281.7,85281.7,4.71759,882244.5,0.0,0.0,-343144.8
