country,COL,COL,COL,COL,COL,COL,COL,COL,COL,COL,COL,COL,COL,COL,COL,COL,COL,COL,COL,COL,COL,COL,COL,COL,COL,COL,COL,COL,COL,COL,COL,COL,COL,COL,COL,COL,COL,COL,COL,COL,COL,COL,COL,COL,COL,COL,COL,COL,COL,COL,COL,COL,COL,COL,COL,COL,COL,COL,COL,COL,COL,COL,COL,COL,COL,COL,COL,COL,COL,COL,COL,COL,COL,COL,COL,COL,COL,COL,COL,COL,COL,COL,COL,COL,COL,COL,COL,COL,COL,COL,COL,COL,COL,COL,COL,COL,COL,COL,COL,COL,COL,COL,COL,COL,COL,COL,COL,COL,COL,COL,COL,COL,COL,COL,COL,COL,COL,COL,COL,COL,COL,COL,COL,COL,COL,COL,COL,COL,COL,COL,COL,COL,COL,COL,COL,COL,COL,COL,COL,COL,COL,COL,COL,COL,COL,COL,COL,COL,COL,COL,COL,COL,COL,COL,COL,COL,COL,COL,COL,COL,COL,COL,COL,COL,COL,COL,COL,COL,COL,COL,COL,COL,COL,COL,COL,COL,COL,COL,COL,COL,COL,COL,COL,COL,COL,COL,COL,COL,COL,COL,COL,COL,COL,COL,COL,COL,COL,COL,COL,COL
subject,B11,B11,B11,B11,B1G,B1G,B1G,B1G,B1GVA,B1GVA,B1GVA,B1GVA,B1GVB_E,B1GVB_E,B1GVB_E,B1GVB_E,B1GVC,B1GVC,B1GVC,B1GVC,B1GVF,B1GVF,B1GVF,B1GVF,B1GVG_I,B1GVG_I,B1GVG_I,B1GVG_I,B1GVG_U,B1GVG_U,B1GVG_U,B1GVG_U,B1GVJ,B1GVJ,B1GVJ,B1GVJ,B1GVK,B1GVK,B1GVK,B1GVK,B1GVL,B1GVL,B1GVL,B1GVL,B1GVM_N,B1GVM_N,B1GVM_N,B1GVM_N,B1GVO_Q,B1GVO_Q,B1GVO_Q,B1GVO_Q,B1GVR_U,B1GVR_U,B1GVR_U,B1GVR_U,B1_GA,B1_GA,B1_GA,B1_GA,B1_GE,B1_GE,B1_GE,B1_GE,B1_GE,B1_GE,B1_GE,B1_GE,B1_GE,B1_GE,B1_GE,B1_GE,B1_GE,B1_GE,D21_D31,D21_D31,D21_D31,D21_D31,EEMNC,ESENC,ETONC,P3,P3,P3,P3,P311B,P311B,P312B,P312B,P313B,P313B,P314B,P314B,P31DC,P31DC,P31S14_S15,P31S14_S15,P31S14_S15,P31S14_S15,P31S14_S15,P31S14_S15,P31S14_S15,P31S14_S15,P31S14_S15,P31S14_S15,P31S14_S15,P31S14_S15,P31S14_S15B,P31S14_S15B,P31S14_S15B,P31S14_S15B,P3S13,P3S13,P3S13,P3S13,P3S13,P3S13,P3S13,P3S13,P3S13,P3S13,P3S13,P3S13,P3_P5,P3_P5,P3_P5,P3_P5,P3_P6,P3_P6,P3_P6,P3_P6,P5,P5,P5,P5,P51,P51,P51,P51,P51,P51,P51,P51,P51,P51,P51,P51,P51A,P51A,P51A,P51A,P51N1111,P51N1111,P51N1112,P51N1112,P51N1113,P51N1113,P51N1114,P51N1114,P51N112,P51N112,P6,P6,P6,P6,P6,P6,P6,P6,P6,P6,P6,P6,P7,P7,P7,P7,P7,P7,P7,P7,P7,P7,P7,P7,POPNC,POPNC,PPPGDP,RB1_GA,RB1_GA,RB1_GA,RB1_GA,RB1_GE,RB1_GE,RB1_GE,RB1_GE,RB1_GE,RB1_GE,RB1_GE,RB1_GE
measure,CQR,CQRSA,LNBQR,LNBQRSA,CQR,CQRSA,LNBQR,LNBQRSA,CQR,CQRSA,LNBQR,LNBQRSA,CQR,CQRSA,LNBQR,LNBQRSA,CQR,CQRSA,LNBQR,LNBQRSA,CQR,CQRSA,LNBQR,LNBQRSA,CQR,CQRSA,LNBQR,LNBQRSA,CQR,CQRSA,LNBQR,LNBQRSA,CQR,CQRSA,LNBQR,LNBQRSA,CQR,CQRSA,LNBQR,LNBQRSA,CQR,CQRSA,LNBQR,LNBQRSA,CQR,CQRSA,LNBQR,LNBQRSA,CQR,CQRSA,LNBQR,LNBQRSA,CQR,CQRSA,LNBQR,LNBQRSA,CQR,CQRSA,LNBQR,LNBQRSA,CARSA,CPCARSA,CQR,CQRSA,DOBSA,GPSA,GYSA,HCPCARSA,HVPVOBARSA,LNBQR,LNBQRSA,VIXOBSA,VOBARSA,VPVOBARSA,CQR,CQRSA,LNBQR,LNBQRSA,PER,PER,PER,CQR,CQRSA,LNBQR,LNBQRSA,LNBQR,LNBQRSA,LNBQR,LNBQRSA,LNBQR,LNBQRSA,LNBQR,LNBQRSA,LNBQR,LNBQRSA,CARSA,CPCARSA,CQR,CQRSA,DOBSA,GPSA,GYSA,LNBQR,LNBQRSA,VIXOBSA,VOBARSA,VPVOBARSA,CQR,CQRSA,LNBQR,LNBQRSA,CARSA,CPCARSA,CQR,CQRSA,DOBSA,GPSA,GYSA,LNBQR,LNBQRSA,VIXOBSA,VOBARSA,VPVOBARSA,CQR,CQRSA,LNBQR,LNBQRSA,CQR,CQRSA,LNBQR,LNBQRSA,CQR,CQRSA,LNBQR,LNBQRSA,CARSA,CPCARSA,CQR,CQRSA,DOBSA,GPSA,GYSA,LNBQR,LNBQRSA,VIXOBSA,VOBARSA,VPVOBARSA,CQR,CQRSA,LNBQR,LNBQRSA,LNBQR,LNBQRSA,LNBQR,LNBQRSA,LNBQR,LNBQRSA,LNBQR,LNBQRSA,LNBQR,LNBQRSA,CARSA,CPCARSA,CQR,CQRSA,DOBSA,GPSA,GYSA,LNBQR,LNBQRSA,VIXOBSA,VOBARSA,VPVOBARSA,CARSA,CPCARSA,CQR,CQRSA,DOBSA,GPSA,GYSA,LNBQR,LNBQRSA,VIXOBSA,VOBARSA,VPVOBARSA,PER,PERSA,CD,CQR,CQRSA,LNBQR,LNBQRSA,CARSA,CPCARSA,CQR,CQRSA,LNBQR,LNBQRSA,VOBARSA,VPVOBARSA
unit,Colombian Peso,Colombian Peso,Colombian Peso,Colombian Peso,Colombian Peso,Colombian Peso,Colombian Peso,Colombian Peso,Colombian Peso,Colombian Peso,Colombian Peso,Colombian Peso,Colombian Peso,Colombian Peso,Colombian Peso,Colombian Peso,Colombian Peso,Colombian Peso,Colombian Peso,Colombian Peso,Colombian Peso,Colombian Peso,Colombian Peso,Colombian Peso,Colombian Peso,Colombian Peso,Colombian Peso,Colombian Peso,Colombian Peso,Colombian Peso,Colombian Peso,Colombian Peso,Colombian Peso,Colombian Peso,Colombian Peso,Colombian Peso,Colombian Peso,Colombian Peso,Colombian Peso,Colombian Peso,Colombian Peso,Colombian Peso,Colombian Peso,Colombian Peso,Colombian Peso,Colombian Peso,Colombian Peso,Colombian Peso,Colombian Peso,Colombian Peso,Colombian Peso,Colombian Peso,Colombian Peso,Colombian Peso,Colombian Peso,Colombian Peso,Colombian Peso,Colombian Peso,Colombian Peso,Colombian Peso,Colombian Peso,US Dollar,Colombian Peso,Colombian Peso,Index,Percentage,Percentage,US Dollar,US Dollar,Colombian Peso,Colombian Peso,Index,Colombian Peso,US Dollar,Colombian Peso,Colombian Peso,Colombian Peso,Colombian Peso,Persons,Persons,Persons,Colombian Peso,Colombian Peso,Colombian Peso,Colombian Peso,Colombian Peso,Colombian Peso,Colombian Peso,Colombian Peso,Colombian Peso,Colombian Peso,Colombian Peso,Colombian Peso,Colombian Peso,Colombian Peso,Colombian Peso,US Dollar,Colombian Peso,Colombian Peso,Index,Percentage,Percentage,Colombian Peso,Colombian Peso,Index,Colombian Peso,US Dollar,Colombian Peso,Colombian Peso,Colombian Peso,Colombian Peso,Colombian Peso,US Dollar,Colombian Peso,Colombian Peso,Index,Percentage,Percentage,Colombian Peso,Colombian Peso,Index,Colombian Peso,US Dollar,Colombian Peso,Colombian Peso,Colombian Peso,Colombian Peso,Colombian Peso,Colombian Peso,Colombian Peso,Colombian Peso,Colombian Peso,Colombian Peso,Colombian Peso,Colombian Peso,Colombian Peso,US Dollar,Colombian Peso,Colombian Peso,Index,Percentage,Percentage,Colombian Peso,Colombian Peso,Index,Colombian Peso,US Dollar,Colombian Peso,Colombian Peso,Colombian Peso,Colombian Peso,Colombian Peso,Colombian Peso,Colombian Peso,Colombian Peso,Colombian Peso,Colombian Peso,Colombian Peso,Colombian Peso,Colombian Peso,Colombian Peso,Colombian Peso,US Dollar,Colombian Peso,Colombian Peso,Index,Percentage,Percentage,Colombian Peso,Colombian Peso,Index,Colombian Peso,US Dollar,Colombian Peso,US Dollar,Colombian Peso,Colombian Peso,Index,Percentage,Percentage,Colombian Peso,Colombian Peso,Index,Colombian Peso,US Dollar,Persons,Persons,Colombian Peso,Colombian Peso,Colombian Peso,Colombian Peso,Colombian Peso,Colombian Peso,US Dollar,Colombian Peso,Colombian Peso,Colombian Peso,Colombian Peso,Colombian Peso,US Dollar
powercode,Millions,Millions,Millions,Millions,Millions,Millions,Millions,Millions,Millions,Millions,Millions,Millions,Millions,Millions,Millions,Millions,Millions,Millions,Millions,Millions,Millions,Millions,Millions,Millions,Millions,Millions,Millions,Millions,Millions,Millions,Millions,Millions,Millions,Millions,Millions,Millions,Millions,Millions,Millions,Millions,Millions,Millions,Millions,Millions,Millions,Millions,Millions,Millions,Millions,Millions,Millions,Millions,Millions,Millions,Millions,Millions,Millions,Millions,Millions,Millions,Billions,Millions,Millions,Millions,Units,Units,Units,Units,Units,Millions,Millions,Units,Billions,Millions,Millions,Millions,Millions,Millions,Thousands,Thousands,Thousands,Millions,Millions,Millions,Millions,Millions,Millions,Millions,Millions,Millions,Millions,Millions,Millions,Millions,Millions,Billions,Millions,Millions,Millions,Units,Units,Units,Millions,Millions,Units,Billions,Millions,Millions,Millions,Millions,Millions,Billions,Millions,Millions,Millions,Units,Units,Units,Millions,Millions,Units,Billions,Millions,Millions,Millions,Millions,Millions,Millions,Millions,Millions,Millions,Millions,Millions,Millions,Millions,Billions,Millions,Millions,Millions,Units,Units,Units,Millions,Millions,Units,Billions,Millions,Millions,Millions,Millions,Millions,Millions,Millions,Millions,Millions,Millions,Millions,Millions,Millions,Millions,Millions,Billions,Millions,Millions,Millions,Units,Units,Units,Millions,Millions,Units,Billions,Millions,Billions,Millions,Millions,Millions,Units,Units,Units,Millions,Millions,Units,Billions,Millions,Thousands,Thousands,Units,Millions,Millions,Millions,Millions,Billions,Millions,Millions,Millions,Millions,Millions,Billions,Millions
reference_period,,,2015,2015,,,2015,2015,,,2015,2015,,,2015,2015,,,2015,2015,,,2015,2015,,,2015,2015,,,2015,2015,,,2015,2015,,,2015,2015,,,2015,2015,,,2015,2015,,,2015,2015,,,2015,2015,,,2015,2015,,,,,2015,,,,2015,2015,2015,2015,2015,2015,,,2015,2015,,,,,,2015,2015,2015,2015,2015,2015,2015,2015,2015,2015,2015,2015,,,,,2015,,,2015,2015,2015,2015,2015,,,2015,2015,,,,,2015,,,2015,2015,2015,2015,2015,,,2015,2015,,,2015,2015,,,2015,2015,,,,,2015,,,2015,2015,2015,2015,2015,,,,,,,,,,,,,,,,,,,2015,,,2015,2015,2015,2015,2015,,,,,2015,,,2015,2015,2015,2015,2015,,,,,,2015,2015,,,,,2015,2015,2015,2015
time,,,,,,,,,,,,,,,,,,,,,,,,,,,,,,,,,,,,,,,,,,,,,,,,,,,,,,,,,,,,,,,,,,,,,,,,,,,,,,,,,,,,,,,,,,,,,,,,,,,,,,,,,,,,,,,,,,,,,,,,,,,,,,,,,,,,,,,,,,,,,,,,,,,,,,,,,,,,,,,,,,,,,,,,,,,,,,,,,,,,,,,,,,,,,,,,,,,,,,,,
1990,,,,,,,,,,,,,,,,,,,,,,,,,,,,,,,,,,,,,,,,,,,,,,,,,,,,,,,,,,,,,,,,,,,,,,,,,,,,,,,,,,,,,,,,,,,,,,,,,,,,,,,,,,,,,,,,,,,,,,,,,,,,,,,,,,,,,,,,,,,,,,,,,,,,,,,,,,,,,,,,,,,,,,,,,,,,,,,,,,,,,,,,,,,,137.18374,,,,,,,,,,,,
1991,,,,,,,,,,,,,,,,,,,,,,,,,,,,,,,,,,,,,,,,,,,,,,,,,,,,,,,,,,,,,,,,,,,,,,,,,,,,,,,,,,,,,,,,,,,,,,,,,,,,,,,,,,,,,,,,,,,,,,,,,,,,,,,,,,,,,,,,,,,,,,,,,,,,,,,,,,,,,,,,,,,,,,,,,,,,,,,,,,,,,,,,,,,,168.49374,,,,,,,,,,,,
1992,,,,,,,,,,,,,,,,,,,,,,,,,,,,,,,,,,,,,,,,,,,,,,,,,,,,,,,,,,,,,,,,,,,,,,,,,,,,,,,,,,,,,,,,,,,,,,,,,,,,,,,,,,,,,,,,,,,,,,,,,,,,,,,,,,,,,,,,,,,,,,,,,,,,,,,,,,,,,,,,,,,,,,,,,,,,,,,,,,,,,,,,,,,,203.59415,,,,,,,,,,,,
1993,,,,,,,,,,,,,,,,,,,,,,,,,,,,,,,,,,,,,,,,,,,,,,,,,,,,,,,,,,,,,,,,,,,,,,,,,,,,,,,,,,,,,,,,,,,,,,,,,,,,,,,,,,,,,,,,,,,,,,,,,,,,,,,,,,,,,,,,,,,,,,,,,,,,,,,,,,,,,,,,,,,,,,,,,,,,,,,,,,,,,,,,,,,,248.24191,,,,,,,,,,,,
1994,,,,,,,,,,,,,,,,,,,,,,,,,,,,,,,,,,,,,,,,,,,,,,,,,,,,,,,,,,,,,80000.0,259701.1,,,,,,,,,,,391416.4,303582.7,,,,,,,,,,,,,,,,,,,,,,60038.2,194899.8,,,,,,,,,291472.2,226065.9,,,,,7940.4,25776.8,,,,,,,,,37041.8,28729.6,,,,,,,,,,,,,22471.3,72947.7,,,,,,,,,83970.8,65127.8,,,,,,,,,,,,,,,8944.9,29037.7,,,,,,,,,49842.5,38657.8,15735.4,51081.2,,,,,,,,,60498.3,46922.5,,,308.04632,,,,,-3659.4,-11879.5,,,,,-10412.5,-8075.9
1995,,,,,,,,,,,,,,,,,,,,,,,,,,,,,,,,,,,,,,,,,,,,,,,,,,,,,,,,,,,,,100027.3,271958.5,,,,,,,,,,,411779.6,319376.4,,,,,,,,,,,,,,,,,,,,,,74757.0,203252.6,,,,,,,,,306181.7,237474.7,,,,,10279.7,27948.8,,,,,,,,,40375.0,31314.9,,,,,,,,,,,,,28383.1,77169.3,,,,,,,,,89064.4,69078.4,,,,,,,,,,,,,,,10837.8,29466.2,,,,,,,,,51617.3,40034.4,19716.3,53605.5,,,,,,,,,64891.1,50329.5,,,367.80338,,,,,-4514.0,-12272.9,,,,,-10567.7,-8196.3
1996,,,,,,,,,,,,,,,,,,,,,,,,,,,,,,,,,,,,,,,,,,,,,,,,,,,,,,,,,,,,,119303.5,275903.8,,,,,,,,,,,420245.2,325942.3,,,,,,,,,,,,,,,,,,,,,,88666.0,205050.8,,,,,,,,,309440.4,240002.1,,,,,14858.2,34361.5,,,,,,,,,49706.1,38552.1,,,,,,,,,,,,,29066.2,67219.1,,,,,,,,,78358.9,60775.2,,,,,,,,,,,,,,,13518.4,31263.0,,,,,,,,,56574.1,43878.9,23382.5,54074.8,,,,,,,,,66377.5,51482.4,,,432.40986,,,,,-3422.8,-7915.7,,,,,-7456.7,-5783.5
1997,,,,,,,,,,,,,,,,,,,,,,,,,,,,,,,,,,,,,,,,,,,,,,,,,,,,,,,,,,,,,144175.7,284054.0,,,,,,,,,,,434660.8,337123.1,,,,,,,,,,,,,,,,,,,,,,106408.1,209644.6,,,,,,,,,316706.6,245637.8,,,,,19849.0,39106.3,,,,,,,,,57470.5,44574.2,,,,,,,,,,,,,33179.9,65370.8,,,,,,,,,77853.6,60383.3,,,,,,,,,,,,,,,15952.0,31428.5,,,,,,,,,58357.0,45261.7,28136.4,55434.2,,,,,,,,,70488.5,54670.9,,,507.5644,,,,,-3076.9,-6062.1,,,,,-5238.4,-4062.9
1998,,,,,,,,,,,,,,,,,,,,,,,,,,,,,,,,,,,,,,,,,,,,,,,,,,,,,,,,,,,,,166417.7,283077.5,,,,,,,,,,,437137.5,339044.0,,,,,,,,,,,,,,,,,,,,,,124252.4,211354.1,,,,,,,,,313995.6,243535.1,,,,,23387.9,39782.9,,,,,,,,,58699.5,45527.3,,,,,,,,,,,,,36110.0,61423.3,,,,,,,,,72942.5,56574.2,,,,,,,,,,,,,,,18618.6,31670.4,,,,,,,,,62661.1,48600.0,32705.5,55632.3,,,,,,,,,67730.3,52531.6,,,587.88726,,,,,-3245.6,-5520.8,,,,,-3430.9,-2661.0
1999,,,,,,,,,,,,,,,,,,,,,,,,,,,,,,,,,,,,,,,,,,,,,,,,,,,,,,,,,,,,,179545.1,269264.0,,,,,,,,,,,418760.1,324790.5,,,,,,,,,,,,,,,,,,,,,,130999.4,196459.9,,,,,,,,,296741.6,230152.9,,,,,27531.7,41289.3,,,,,,,,,60896.3,47231.2,,,,,,,,,,,,,25435.3,38145.4,,,,,,,,,44738.6,34699.3,,,,,,,,,,,,,,,24556.9,36828.0,,,,,,,,,66373.1,51479.0,30054.0,45072.0,,,,,,,,,51014.0,39566.5,,,666.79951,,,,,1075.9,1613.5,,,,,1024.6,794.6
2000,,,,,,,,,,,,,,,,,,,,,,,,,,,,,,,,,,,,,,,,,,,,,,,,,,,,,,,,,,,,,207183.5,279068.7,,,,,,,,,,,431008.3,334290.2,,,,,,,,,,,,,,,,,,,,,,147950.2,199283.5,,,,,,,,,302611.8,234705.8,,,,,30356.2,40888.6,,,,,,,,,60773.3,47135.8,,,,,,,,,,,,,31194.6,42017.9,,,,,,,,,50254.5,38977.4,,,,,,,,,,,,,,,33210.6,44733.4,,,,,,,,,70452.6,54643.1,37788.0,50899.0,,,,,,,,,54049.5,41920.8,,,742.41052,,,,,2260.0,3044.2,,,,,965.6,748.9
2001,,,,,,,,,,,,,,,,,,,,,,,,,,,,,,,,,,,,,,,,,,,,,,,,,,,,,,,,,,,,,224391.6,287922.8,,,,,,7257.5,8567.6,,,,438240.2,339899.3,,,,,7598.6,8178.2,15776.8,,,,,,,,,,,,,,,162683.6,208743.6,,,,,,,,,307293.6,238337.1,,,,,33063.8,42425.1,,,,,,,,,62119.6,48180.0,,,,,,,,,,,,,36822.8,47248.3,,,,,,,,,55140.1,42766.7,,,,,,,,,,,,,,,34775.6,44621.5,,,,,,,,,72433.0,56179.1,45231.3,58037.5,,,,,,,,,58773.6,45584.8,39672.6,39672.6,779.34653,,,,,2277.1,2921.8,,,,,27.4,21.2
2002,,,,,,,,,,,,,,,,,,,,,,,,,,,,,,,,,,,,,,,,,,,,,,,,,,,,,,,,,,,,,243737.8,297604.1,,,,,,7407.3,8671.8,,,,449213.6,348410.3,,,,,7922.9,7983.6,15906.4,,,,,,,,,,,,,,,175533.7,214326.9,,,,,,,,,313441.4,243105.3,,,,,34775.6,42461.0,,,,,,,,,61764.9,47904.9,,,,,,,,,,,,,43440.9,53041.4,,,,,,,,,61270.7,47521.6,,,,,,,,,,,,,,,36370.7,44408.7,,,,,,,,,70710.9,54843.4,48210.4,58864.9,,,,,,,,,58966.9,45734.8,40177.2,40177.2,819.00002,,,,,1827.2,2231.0,,,,,992.6,769.9
2003,,,,,,,,,,,,,,,,,,,,,,,,,,,,,,,,,,,,,,,,,,,,,,,,,,,,,,,,,,,,,270585.2,307775.5,,,,,,7565.7,8900.2,,,,466815.0,362061.9,,,,,8264.7,8364.2,16628.9,,,,,,,,,,,,,,,192127.0,218533.6,,,,,,,,,322662.3,250257.0,,,,,37569.8,42733.6,,,,,,,,,62889.6,48777.2,,,,,,,,,,,,,52217.9,59394.9,,,,,,,,,68308.2,52979.9,,,,,,,,,,,,,,,45172.7,51381.4,,,,,,,,,75915.5,58880.1,58746.4,66820.7,,,,,,,,,63784.6,49471.3,40680.4,40680.4,879.16421,,,,,2244.2,2552.7,,,,,824.0,639.1
2004,,,,,,,,,,,,,,,,,,,,,,,,,,,,,,,,,,,,,,,,,,,,,,,,,,,,,,,,,,,,,305773.3,331223.8,,,,,,8042.7,9260.4,,,,491710.4,381370.8,,,,,8169.3,8484.2,16653.5,,,,,,,,,,,,,,,211221.4,228802.0,,,,,,,,,335128.6,259925.9,,,,,42649.4,46199.2,,,,,,,,,66908.5,51894.3,,,,,,,,,,,,,61361.1,66468.4,,,,,,,,,75911.0,58876.6,,,,,,,,,,,,,,,51649.1,55948.0,,,,,,,,,83361.7,64655.4,63562.3,68852.7,,,,,,,,,70336.6,54553.1,41183.0,41183.0,923.16233,,,,,2454.6,2658.9,,,,,737.1,571.7
2005,-11763000.0,-11762999.4,9417000.0,9417000.0,307697000.0,307697000.0,472695000.1,472695000.1,25439000.0,25439000.0,37909000.0,37909000.0,88149000.0,88149000.0,120381000.0,120381000.0,54043000.0,54043000.0,77252000.0,77252000.0,14415000.0,14415000.0,29808000.0,29808000.0,54918000.0,54918000.0,85427000.0,85427000.0,179694000.0,179694000.0,281866818.4,281866818.4,12273000.0,12273000.0,12730000.0,12730000.0,11846000.0,11846000.0,15424000.0,15424000.0,32556000.0,32556000.0,50233000.0,50233000.0,16684000.0,16684000.0,36057000.0,36057000.0,43348000.0,43348000.0,71182000.0,71182000.0,8069000.0,8069000.0,12776000.0,12776000.0,337958000.0,337958000.0,514853000.0,514853000.0,337958.0,351494.9,337958000.0,337957999.9,65.6,,,8432.0,9579.2,514853000.0,514853000.0,64.0,514853.0,399320.2,30261000.0,30261000.0,42525000.0,42525000.0,8627.7,8420.8,17048.5,276532000.0,276532000.1,419077000.1,419077000.1,11838000.0,11838000.0,25306000.0,25306000.0,116762000.0,116762000.1,191252000.0,191252000.1,347500748.9,343195568.5,229366.0,238553.3,229366000.0,229366000.2,65.8,,,348741000.0,348741000.0,63.3,348741.0,270483.7,229366000.0,229366000.2,348741000.0,348741000.0,47166.0,49055.2,47166000.0,47166000.0,67.0,,,70375000.0,70375000.0,59.0,70375.0,54582.9,349721000.0,349721000.0,501398000.0,501398000.0,407076000.0,407076000.0,590141999.9,590141999.9,73189000.0,73189000.0,86720000.0,86720000.0,70823.0,73659.8,70823000.0,70822999.5,82.4,,,85938000.0,85938000.0,45.7,85938.0,66653.6,70823000.0,70823000.0,85938000.0,85938000.0,26727000.0,26727000.0,35727000.0,35727000.0,24129000.0,24129000.0,2651000.0,2651000.0,4157000.0,4157000.0,57355.0,59652.4,57355000.0,57355000.7,65.1,,,88125000.0,88125000.0,70.0,88125.0,68349.8,69118.0,71886.5,69118000.0,69118000.1,87.8,,,78708000.0,78708000.0,43.1,78708.0,61046.0,41686.1,41686.1,961.4875,0.0,0.0,-367000.1,-367000.1,2366.0,2460.8,0.0,0.0,-361000.2,-361000.2,382.0,296.3
2006,-15967000.0,-15967000.0,3888000.0,3888000.0,345775000.0,345775000.0,501990000.0,501990000.0,27425000.0,27425000.0,38717000.0,38717000.0,100392000.0,100392000.0,127328000.0,127328000.0,60975000.0,60975000.0,82885000.0,82885000.0,17575000.0,17575000.0,33427000.0,33427000.0,62152000.0,62152000.0,91926000.0,91926000.0,200383000.0,200383000.0,300203657.2,300203657.2,14006000.0,14006000.0,14629000.0,14629000.0,12480000.0,12480000.0,16440000.0,16440000.0,35921000.0,35921000.0,52265000.0,52265000.0,19444000.0,19444000.0,38592000.0,38592000.0,47526000.0,47526000.0,74469000.0,74469000.0,8854000.0,8854000.0,13424000.0,13424000.0,381604000.0,381604000.0,549435000.0,549435000.0,381604.0,386455.9,381604000.0,381604000.0,69.5,6.716868698,6.716868698,9160.7,10101.4,549435000.0,549435000.0,68.3,549435.0,426142.0,35829000.0,35829000.0,47627000.0,47627000.0,8890.2,8004.5,16894.7,310035000.0,310035000.0,444943000.0,444943000.0,13742000.0,13742000.0,27174000.0,27174000.0,122456000.0,122456000.0,203567000.0,203567000.0,369717032.0,365100022.5,257066.0,260334.4,257066000.0,257066000.0,69.3,6.36919663,6.36919663,370953000.0,370953000.0,67.3,370953.0,287711.3,257066000.0,257066000.0,370953000.0,370953000.0,52969.0,53642.5,52969000.0,52969000.0,71.5,5.213499112,5.213499112,74044000.0,74044000.0,62.1,74044.0,57428.6,397571000.1,397571000.1,543638000.0,543638000.0,465224000.0,465224000.0,640767000.0,640767000.0,87536000.0,87536000.0,101405000.0,101405000.0,86157.0,87252.4,86157000.0,86157000.0,84.4,18.771672576,18.771672576,102070000.0,102070000.0,54.3,102070.0,79165.5,86157000.0,86157000.0,102070000.0,102070000.0,30721000.0,30721000.0,38837000.0,38837000.0,31891000.0,31891000.0,2801000.0,2801000.0,3909000.0,3909000.0,67653.0,68513.2,67653000.0,67653000.0,70.1,9.51829786,9.51829786,96513000.0,96513000.0,76.6,96513.0,74855.5,83620.0,84683.2,83620000.0,83620000.0,90.3,17.681811252,17.681811252,92625000.0,92625000.0,50.7,92625.0,71840.0,42186.2,42186.2,987.44525,0.0,0.0,-182000.0,-182000.0,1379.0,1396.5,0.0,0.0,-801000.0,-801000.0,-1520.0,-1178.9
2007,-18137000.0,-18137000.0,-2945000.0,-2945000.0,387663000.0,387663000.0,533656000.0,533656000.0,29715000.0,29715000.0,40239000.0,40239000.0,110422000.0,110422000.0,134488000.0,134488000.0,69222000.0,69222000.0,89320000.0,89320000.0,20611000.0,20611000.0,35747000.0,35747000.0,71392000.0,71392000.0,99343000.0,99343000.0,226915000.0,226915000.0,320982341.5,320982341.5,15925000.0,15925000.0,16761000.0,16761000.0,14894000.0,14894000.0,18702000.0,18702000.0,39056000.0,39056000.0,54225000.0,54225000.0,23068000.0,23068000.0,41246000.0,41246000.0,52624000.0,52624000.0,77514000.0,77514000.0,9956000.0,9956000.0,14135000.0,14135000.0,428506000.0,428506000.0,586457000.0,586457000.0,428506.0,423576.9,428506000.0,428506000.0,73.1,6.738194691,6.738194691,9922.2,10654.9,586457000.0,586457000.0,72.9,586457.0,454856.3,40843000.0,40843000.0,52813000.0,52813000.0,9226.9,7878.9,17105.8,346140000.0,346140000.0,472591000.0,472591000.0,16532000.0,16532000.0,28754000.0,28754000.0,127820000.0,127820000.0,216313000.0,216313000.0,396275777.8,390521154.6,287306.0,284001.1,287306000.0,287306000.0,72.7,6.552851701,6.552851701,395261000.0,395261000.0,71.7,395261.0,306564.6,287306000.0,287306000.0,395261000.0,395261000.0,58834.0,58157.2,58834000.0,58834000.0,76.0,4.568904989,4.568904989,77427000.0,77427000.0,65.0,77427.0,60052.4,446643000.0,446643000.0,588889000.0,588889000.0,517060000.0,517060000.0,692143000.0,692143000.0,100503000.0,100503000.0,117424000.0,117424000.0,103173.0,101986.2,103173000.0,103173000.0,84.3,19.891251114,19.891251114,122373000.0,122373000.0,65.1,122373.0,94912.6,103173000.0,103173000.0,122373000.0,122373000.0,38252000.0,38252000.0,46373000.0,46373000.0,38139000.0,38139000.0,2775000.0,2775000.0,4752000.0,4752000.0,70417.0,69607.0,70417000.0,70417000.0,68.7,6.219887487,6.219887487,102516000.0,102516000.0,81.4,102516.0,79511.5,88554.0,87535.4,88554000.0,88554000.0,84.0,13.85802969,13.85802969,105461000.0,105461000.0,57.7,105461.0,81795.6,42689.7,42689.7,1011.63683,0.0,0.0,-12000.0,-12000.0,-2670.0,-2639.3,0.0,0.0,-613000.0,-613000.0,-5659.0,-4389.1
2008,-14051000.0,-14051000.0,-14052000.0,-14052000.0,432854000.0,432854000.0,550163000.0,550163000.0,31869000.0,31869000.0,39915000.0,39915000.0,127834000.0,127834000.0,137904000.0,137904000.0,73264000.0,73264000.0,89639000.0,89639000.0,25288000.0,25288000.0,39289000.0,39289000.0,75636000.0,75636000.0,102346000.0,102346000.0,247863000.0,247863000.0,331426104.2,331426104.2,17124000.0,17124000.0,17120000.0,17120000.0,17984000.0,17984000.0,20598000.0,20598000.0,42236000.0,42236000.0,55731000.0,55731000.0,26411000.0,26411000.0,42800000.0,42800000.0,57489000.0,57489000.0,79167000.0,79167000.0,10983000.0,10983000.0,14558000.0,14558000.0,476553999.9,476553999.9,605713000.0,605713000.0,476554.0,445994.5,476553999.9,476554000.0,78.7,3.283446186,3.283446186,10324.9,10875.8,605713000.0,605713000.0,75.3,605713.0,469791.3,43700000.0,43700000.0,55501000.0,55501000.0,8603.3,8838.3,17441.6,377562000.0,377562000.0,492507000.0,492507000.0,17254000.0,17254000.0,29543000.0,29543000.0,132506000.0,132506000.0,225999000.0,225999000.0,412419407.3,406038632.9,314924.0,294729.2,314924000.0,314924000.0,76.5,4.115002517,4.115002517,411526000.1,411526000.1,74.7,411526.0,319179.7,314924000.0,314924000.0,411526000.1,411526000.1,62638.0,58621.3,62638000.0,62638000.0,77.3,4.697327779,4.697327779,81064000.0,81064000.0,68.0,81064.0,62873.3,490605000.1,490605000.1,620158000.0,620158000.0,576907000.0,576907000.0,725809000.1,725809000.1,113043000.0,113043000.0,128090000.0,128090000.0,104431.0,97734.3,104431000.0,104431000.0,87.7,-2.715468281,-2.715468281,119050000.0,119050000.0,63.3,119050.0,92335.2,104431000.0,104431000.0,119050000.0,119050000.0,29511000.0,29511000.0,42191000.0,42191000.0,41544000.0,41544000.0,2824000.0,2824000.0,5073000.0,5073000.0,86302.0,80767.8,86302000.0,86302000.0,82.5,2.036755238,2.036755238,104604000.0,104604000.0,83.1,104604.0,81130.9,100353.0,93917.8,100353000.0,100353000.0,84.6,12.511734196,12.511734196,118656000.0,118656000.0,64.9,118656.0,92029.6,43196.1,43196.1,1068.51997,-0.1,-0.1,49000.0,49000.0,8612.0,8059.7,-0.1,-0.1,-832000.0,-832000.0,8125.0,6301.8
2009,-11572000.0,-11572000.0,-9237000.0,-9237000.0,458523000.0,458523000.0,557953000.0,557953000.0,33554000.0,33554000.0,39822000.0,39822000.0,127708000.0,127708000.0,140191000.0,140191000.0,74133000.0,74133000.0,86354000.0,86354000.0,29019000.0,29019000.0,40316000.0,40316000.0,79703000.0,79703000.0,102185000.0,102185000.0,268242000.0,268242000.0,336001381.1,336001381.1,17580000.0,17580000.0,15669000.0,15669000.0,19552000.0,19552000.0,21315000.0,21315000.0,45858000.0,45858000.0,57866000.0,57866000.0,29840000.0,29840000.0,43998000.0,43998000.0,63821000.0,63821000.0,81581000.0,81581000.0,11888000.0,11888000.0,14897000.0,14897000.0,501574000.0,501574000.0,612616000.0,612616000.0,501574.0,454516.0,501574000.0,501573999.9,81.9,1.139648645,1.139648645,10399.5,10871.5,612616000.0,612616000.0,76.1,612616.0,475145.2,43051000.0,43051000.0,54615000.0,54615000.0,8692.2,9728.0,18420.2,402862000.0,402862000.0,503416000.0,503416000.0,16780000.0,16780000.0,28886000.0,28886000.0,135838000.0,135838000.0,231207000.0,231207000.0,416300387.4,410268331.5,333624.0,302323.2,333624000.0,333624000.0,79.7,1.708276004,1.708276004,418556000.0,418556000.0,76.0,418556.0,324632.2,333624000.0,333624000.0,418556000.0,418556000.0,69238.0,62742.0,69238000.0,69238000.0,81.5,4.762903398,4.762903398,84925000.0,84925000.0,71.3,84925.0,65867.9,513146000.0,513146000.0,621733000.0,621733000.0,595527000.0,595527000.0,721724000.1,721724000.1,110284000.0,110284000.0,120026000.0,120026000.0,113590.0,102932.9,113590000.0,113590000.0,91.3,4.455270886,4.455270886,124354000.0,124354000.0,66.1,124354.0,96449.0,113590000.0,113590000.0,124354000.0,124354000.0,34059000.0,34059000.0,49229000.0,49229000.0,37623000.0,37623000.0,3042000.0,3042000.0,5438000.0,5438000.0,82381.0,74652.0,82381000.0,82381000.0,83.1,-5.206301871,-5.206301871,99158000.0,99158000.0,78.7,99158.0,76907.0,93953.0,85138.3,93953000.0,93953000.0,86.7,-8.647687424,-8.647687424,108395000.0,108395000.0,59.3,108395.0,84071.2,43705.7,43705.7,1103.53438,0.0,0.0,48000.0,48000.0,-3306.0,-2995.8,0.0,0.0,-1589000.0,-1589000.0,-5982.0,-4639.6
2010,-8612000.0,-8612000.0,-18931000.0,-18931000.0,495612999.9,495612999.9,582132999.9,582132999.9,34411000.0,34411000.0,39943000.0,39943000.0,140903000.0,140903000.0,146865000.0,146865000.0,75989000.0,75989000.0,87980000.0,87980000.0,29776000.0,29776000.0,40048000.0,40048000.0,84926000.0,84926000.0,107647000.0,107647000.0,290523000.0,290523000.0,353388843.2,353388843.2,18572000.0,18572000.0,18256000.0,18256000.0,21396000.0,21396000.0,22312000.0,22312000.0,49355000.0,49355000.0,59932000.0,59932000.0,33567000.0,33567000.0,45354000.0,45354000.0,69620000.0,69620000.0,85362000.0,85362000.0,13087000.0,13087000.0,15259000.0,15259000.0,544060000.0,544060000.0,640151000.0,640151000.0,544060.0,480479.2,544060000.0,544059999.9,85.0,4.494658971,4.494658971,10866.1,11228.4,640151000.0,640151000.0,79.6,640151.0,496501.4,48447000.0,48447000.0,58006000.0,58006000.0,8894.2,10319.2,19213.3,433584000.1,433584000.0,529001999.9,529001999.9,19910000.0,19910000.0,32170000.0,32170000.0,139614000.0,139614000.0,240629000.0,240629000.0,437723367.8,430256077.1,358720.0,316798.7,358720000.0,358720000.0,81.6,5.052609448,5.052609448,439704000.0,439704000.0,79.8,439704.0,341034.6,358720000.0,358720000.0,439704000.0,439704000.0,74864.0,66115.1,74864000.0,74864000.0,83.8,5.22578746,5.22578746,89363000.0,89363000.0,75.0,89363.0,69310.0,552672000.0,552672000.0,659317000.1,659317000.1,641576000.0,641576000.0,761376000.0,761376000.0,119088000.0,119088000.0,131503000.0,131503000.0,119927.0,105911.9,119927000.0,119927000.0,90.0,7.104717187,7.104717187,133189000.0,133189000.0,70.8,133189.0,103301.4,119927000.0,119927000.0,133189000.0,133189000.0,32748000.0,32748000.0,51734000.0,51734000.0,43492000.0,43492000.0,3127000.0,3127000.0,5410000.0,5410000.0,88904.0,78514.4,88904000.0,88904000.0,87.8,2.062365114,2.062365114,101203000.0,101203000.0,80.4,101203.0,78493.1,97516.0,86119.9,97516000.0,97516000.0,81.2,10.829835324,10.829835324,120134000.0,120134000.0,65.7,120134.0,93176.0,44218.4,44218.4,1132.32784,0.1,0.1,12000.1,12000.1,-839.0,-741.0,-0.1,-0.1,-1422999.9,-1422999.9,-3174.0,-2461.8
2011,-5679000.0,-5679000.0,-30828000.0,-30828000.0,562283000.0,562283000.0,620652000.0,620652000.0,37709000.0,37709000.0,40706000.0,40706000.0,171686000.0,171686000.0,158948000.0,158948000.0,81820000.0,81820000.0,92896000.0,92896000.0,34462000.0,34462000.0,42536000.0,42536000.0,93024000.0,93024000.0,115063000.0,115063000.0,318426000.0,318426000.0,376127123.3,376127123.3,19612000.0,19612000.0,20153000.0,20153000.0,24357000.0,24357000.0,24754000.0,24754000.0,52966000.0,52966000.0,61628000.0,61628000.0,38275000.0,38275000.0,48568000.0,48568000.0,75682000.0,75682000.0,90265000.0,90265000.0,14510000.0,14510000.0,16188000.0,16188000.0,619023000.0,619023000.0,684628000.0,684628000.0,619023.0,524596.5,619023000.0,619023000.1,90.4,6.947891982,6.947891982,11726.8,11869.9,684628000.0,684628000.0,85.1,684628.0,530997.8,56740000.0,56740000.0,64001000.0,64001000.0,9178.5,10841.1,20019.5,482353999.9,482354000.0,558993000.0,558993000.0,22621000.0,22621000.0,36964000.0,36964000.0,143807000.0,143807000.0,252125000.0,252125000.0,466566208.7,458193851.7,399719.0,338745.4,399719000.0,399718999.9,86.2,5.500745956,5.500745956,463891000.0,463891000.0,84.2,463891.0,359794.1,399719000.0,399718999.9,463891000.0,463891000.0,82635.0,70029.8,82635000.0,82635000.0,86.8,6.476953549,6.476953549,95151000.0,95151000.0,79.8,95151.0,73799.2,624701999.9,624701999.9,714946000.0,714946000.0,744027999.9,744027999.9,829646000.0,829646000.0,142348000.0,142348000.0,155852000.0,155852000.0,135664.0,114969.7,135664000.0,135664000.0,90.8,12.211969457,12.211969457,149454000.0,149454000.0,79.5,149454.0,115916.6,135664000.0,135664000.0,149454000.0,149454000.0,33532000.0,33532000.0,51250000.0,51250000.0,56256000.0,56256000.0,3477000.0,3477000.0,6117000.0,6117000.0,119326.0,101123.9,119326000.0,119326000.0,105.0,12.257541772,12.257541772,113608000.0,113608000.0,90.2,113608.0,88114.4,125005.0,105936.6,125005000.0,125005000.0,86.5,20.22907752,20.22907752,144436000.0,144436000.0,79.0,144436.0,112024.6,44734.9,44734.9,1179.99824,0.0,0.0,-25000.0,-25000.0,6684.0,5664.4,0.1,0.1,611000.0,611000.0,6960.0,5398.2
2012,-8083000.0,-8083000.0,-39287000.0,-39287000.0,606358000.0,606358000.0,644575999.9,644575999.9,37209000.0,37209000.0,41725000.0,41725000.0,182265000.0,182265000.0,163467000.0,163467000.0,87241000.0,87241000.0,93667000.0,93667000.0,40385000.0,40385000.0,45051000.0,45051000.0,98508000.0,98508000.0,119453000.0,119453000.0,346499000.0,346499000.0,392441702.3,392441702.3,20702000.0,20702000.0,20415000.0,20415000.0,27533000.0,27533000.0,26626000.0,26626000.0,56928000.0,56928000.0,63579000.0,63579000.0,43078000.0,43078000.0,50907000.0,50907000.0,84164000.0,84164000.0,95283000.0,95283000.0,15586000.0,15586000.0,16677000.0,16677000.0,666507000.1,666507000.1,711414999.9,711414999.9,666507.0,548251.4,666507000.1,666506999.9,93.7,3.912635753,3.912635753,12115.1,12192.9,711414999.9,711414999.9,88.4,711415.0,551773.8,60149000.0,60149000.0,66873000.0,66873000.0,9632.8,11063.6,20696.4,527260999.9,527261000.0,589693999.9,589693999.9,24523000.0,24523000.0,39355000.0,39355000.0,151150000.0,151150000.0,265631000.0,265631000.0,491266677.3,482034904.9,437446.0,359831.7,437446000.0,437446000.0,89.3,5.633866576,5.633866576,490026000.0,490026000.0,88.9,490026.0,380064.4,437446000.0,437446000.0,490026000.0,490026000.0,89815.0,73879.5,89815000.0,89815000.0,90.1,4.807096089,4.807096089,99725000.0,99725000.0,83.7,99725.0,77346.8,674590000.1,674590000.1,749968000.0,749968000.0,799968000.0,799968000.0,869721000.1,869721000.1,147329000.0,147329000.0,160351000.0,160351000.0,140801.0,115819.2,140801000.0,140801000.0,91.2,3.334136256,3.334136256,154437000.0,154437000.0,82.1,154437.0,119781.4,140801000.0,140801000.0,154437000.0,154437000.0,33281000.0,33281000.0,53523000.0,53523000.0,58511000.0,58511000.0,3279000.0,3279000.0,6607000.0,6607000.0,125378.0,103132.7,125378000.0,125378000.0,105.6,4.47327653,4.47327653,118690000.0,118690000.0,94.2,118690.0,92056.0,133461.0,109781.6,133461000.0,133461000.0,84.5,9.375086544,9.375086544,157977000.0,157977000.0,86.4,157977.0,122527.0,45253.7,45253.7,1215.69602,0.1,0.1,-34000.0,-34000.0,6528.0,5369.8,0.2,0.2,657000.0,657000.0,6514.0,5052.3
2013,-12952000.0,-12952000.0,-47202000.0,-47202000.0,653333999.9,653333999.9,678826000.0,678826000.0,38509000.0,38509000.0,44835000.0,44835000.0,185528000.0,185528000.0,168878000.0,168878000.0,90421000.0,90421000.0,95081000.0,95081000.0,48320000.0,48320000.0,50131000.0,50131000.0,109807000.0,109807000.0,125149000.0,125149000.0,380977000.0,380977000.0,413801575.9,413801575.9,22092000.0,22092000.0,22218000.0,22218000.0,29619000.0,29619000.0,29160000.0,29160000.0,60922000.0,60922000.0,65625000.0,65625000.0,48022000.0,48022000.0,53593000.0,53593000.0,93615000.0,93615000.0,100531000.0,100531000.0,16900000.0,16900000.0,17718000.0,17718000.0,714093000.0,714093000.0,747939000.0,747939000.0,714093.0,585888.3,714093000.0,714093000.0,95.5,5.133993535,5.133993535,12799.5,12673.1,747939000.0,747939000.0,92.9,747939.0,580101.8,60759000.0,60759000.0,69095000.0,69095000.0,9978.8,11069.4,21048.2,568640999.9,568641000.0,621266000.1,621266000.1,23674000.0,23674000.0,40310000.0,40310000.0,158595000.0,158595000.0,280426000.0,280426000.0,510858327.4,501260936.5,467973.0,383955.5,467973000.0,467973000.1,91.3,4.626897328,4.626897328,512698999.9,512698999.9,93.0,512699.0,397649.6,467973000.0,467973000.1,512698999.9,512698999.9,100668.0,82594.6,100668000.0,100668000.0,92.7,8.895462522,8.895462522,108596000.0,108596000.0,91.1,108596.0,84227.1,727045000.0,727045000.0,794137000.0,794137000.0,856199000.0,856199000.0,919291000.0,919291000.0,158404000.0,158404000.0,172869000.0,172869000.0,152376.0,125019.2,152376000.0,152376000.0,91.0,8.479833207,8.479833207,167533000.0,167533000.0,89.1,167533.0,129938.7,152376000.0,152376000.0,167533000.0,167533000.0,35425000.0,35425000.0,60087000.0,60087000.0,61325000.0,61325000.0,3495000.0,3495000.0,7900000.0,7900000.0,129154.0,105966.3,129154000.0,129154000.0,104.0,4.676889367,4.676889367,124241000.0,124241000.0,98.7,124241.0,96361.4,142106.0,116593.0,142106000.0,142106000.0,82.9,8.524025656,8.524025656,171443000.0,171443000.0,93.8,171443.0,132971.3,45774.3,45774.3,1218.82103,0.1,0.1,18000.0,18000.0,6028.0,4945.8,0.1,0.1,1005999.9,1005999.9,6313.0,4896.4
2014,-32179000.0,-32179000.0,-60865000.0,-60865000.0,694751999.9,694751999.9,708731000.1,708731000.1,41555000.0,41555000.0,46140000.0,46140000.0,180824000.0,180824000.0,171037000.0,171037000.0,93603000.0,93603000.0,97829000.0,97829000.0,55568000.0,55568000.0,54602000.0,54602000.0,120677000.0,120677000.0,131063000.0,131063000.0,416805000.0,416805000.0,436587531.8,436587531.8,23336000.0,23336000.0,23654000.0,23654000.0,31839000.0,31839000.0,32139000.0,32139000.0,65194000.0,65194000.0,67664000.0,67664000.0,55216000.0,55216000.0,57500000.0,57500000.0,102459000.0,102459000.0,106408000.0,106408000.0,18084000.0,18084000.0,18210000.0,18210000.0,762902999.9,762902999.9,781589000.0,781589000.0,762903.0,618792.7,762902999.9,762903000.0,97.6,4.499030001,4.499030001,13366.0,13094.0,781589000.0,781589000.0,97.1,781589.0,606200.8,68151000.0,68151000.0,72899000.0,72899000.0,10373.3,11130.0,21503.3,611960000.0,611959999.9,648134000.0,648134000.0,26798000.0,26798000.0,42317000.0,42317000.0,162876000.0,162876000.0,292641000.0,292641000.0,534484457.9,524642000.0,503294.0,408223.2,503294000.0,503294000.1,94.2,4.24908184,4.24908184,534484000.0,534484000.0,97.0,534484.0,414546.0,503294000.0,503294000.1,534484000.0,534484000.0,108666.0,88139.3,108666000.0,108666000.0,95.6,4.676046991,4.676046991,113674000.0,113674000.0,95.4,113674.0,88165.6,795082000.0,795082000.0,841680999.9,841680999.9,921989000.0,921989000.0,965625000.0,965625000.0,183122000.0,183122000.0,193533000.0,193533000.0,172954.0,140283.5,172954000.0,172954000.0,94.5,9.206544376,9.206544376,182957000.0,182957000.0,97.3,182957.0,141901.5,172954000.0,172954000.0,182957000.0,182957000.0,39095000.0,39095000.0,65871000.0,65871000.0,66970000.0,66970000.0,3450000.0,3450000.0,8299000.0,8299000.0,126907.0,102934.6,126907000.0,126907000.0,102.4,-0.288954524,-0.288954524,123882000.0,123882000.0,98.4,123882.0,96082.9,159086.0,129035.1,159086000.0,159086000.0,86.1,7.760013526,7.760013526,184747000.0,184747000.0,101.1,184747.0,143289.9,46296.1,46296.1,1232.8894,0.0,0.0,-41000.1,-41000.1,10168.0,8247.3,-0.1,-0.1,787000.0,787000.0,11339.0,8794.5
2015,-56814000.0,-56814000.0,-56814000.0,-56814000.0,730543000.1,730543000.1,730542999.9,730542999.9,48124000.0,48124000.0,48124000.0,48124000.0,172015000.0,172015000.0,172015000.0,172015000.0,99789000.0,99789000.0,99789000.0,99789000.0,58042000.0,58042000.0,58042000.0,58042000.0,135429000.0,135429000.0,135429000.0,135429000.0,452362000.0,452362000.0,452362000.0,452362000.0,23961000.0,23961000.0,23961000.0,23961000.0,34696000.0,34696000.0,34696000.0,34696000.0,69825000.0,69825000.0,69825000.0,69825000.0,57392000.0,57392000.0,57392000.0,57392000.0,112077000.0,112077000.0,112077000.0,112077000.0,18982000.0,18982000.0,18982000.0,18982000.0,804692000.0,804692000.0,804692000.1,804692000.1,804692.0,624119.5,804692000.0,804692000.0,100.0,2.955901388,2.955901388,13330.6,13330.6,804692000.1,804692000.1,100.0,804692.0,624119.5,74149000.0,74149000.0,74149000.0,74149000.0,10719.3,11297.9,22017.2,670201000.0,670201000.1,670201000.0,670201000.0,28174000.0,28174000.0,43546000.0,43546000.0,168783000.0,168783000.0,302863000.0,302863000.0,551013000.0,543366000.0,551013.0,427365.9,551012999.9,551012999.9,100.0,3.092515417,3.092515417,551013000.1,551013000.1,100.0,551013.0,427365.9,551012999.9,551012999.9,551013000.1,551013000.1,119188.0,92442.3,119188000.0,119188000.0,100.0,4.850713453,4.850713453,119188000.0,119188000.0,100.0,119188.0,92442.3,861505999.9,861505999.9,861506000.0,861506000.0,987441999.9,987441999.9,987442000.1,987442000.1,191305000.0,191305000.0,191305000.0,191305000.0,188095.0,145886.6,188095000.0,188095000.0,100.0,2.808310149,2.808310149,188095000.0,188095000.0,100.0,188095.0,145886.6,188095000.0,188095000.0,188095000.0,188095000.0,42804000.0,42804000.0,72608000.0,72608000.0,60748000.0,60748000.0,3530000.0,3530000.0,8405000.0,8405000.0,125936.0,97676.0,125936000.0,125936000.0,100.0,1.658029415,1.658029415,125936000.0,125936000.0,100.0,125936.0,97676.0,182750.0,141741.0,182750000.0,182750000.0,100.0,-1.08093772,-1.08093772,182750000.0,182750000.0,100.0,182750.0,141741.0,46818.7,46818.7,1289.32367,-0.1,-0.1,0.2,0.2,3210.0,2489.7,0.0,0.0,0.1,0.1,3210.0,2489.7
2016,-58464000.0,-58464000.0,-50606000.0,-50606000.0,787719000.0,787719000.0,746534000.0,746534000.0,57065000.0,57065000.0,49441000.0,49441000.0,174849000.0,174849000.0,173856000.0,173856000.0,106226000.0,106226000.0,103006000.0,103006000.0,64325000.0,64325000.0,60125000.0,60125000.0,152684000.0,152684000.0,139066000.0,139066000.0,491480000.0,491480000.0,463112000.0,463112000.0,25122000.0,25122000.0,23804000.0,23804000.0,34324000.0,34324000.0,35726000.0,35726000.0,75645000.0,75645000.0,72289000.0,72289000.0,59643000.0,59643000.0,55995000.0,55995000.0,123511000.0,123511000.0,116198000.0,116198000.0,20551000.0,20551000.0,20034000.0,20034000.0,863782000.0,863782000.0,821489000.0,821489000.0,863782.0,665398.4,863782000.0,863782000.1,105.1,2.087382489,2.087382489,14054.7,13458.0,821489000.0,821489000.0,102.1,821489.0,637147.2,76063000.0,76063000.0,74955000.0,74955000.0,10783.0,11373.1,22156.1,722130000.0,722129999.9,681101000.0,681101000.0,26480000.0,26480000.0,44867000.0,44867000.0,169197000.0,169197000.0,312115000.0,312115000.0,559739000.0,552659000.0,596525.0,459521.9,596525000.1,596524999.9,106.6,1.583628698,1.583628698,559739000.1,559739000.1,101.6,559739.0,434133.8,596525000.1,596524999.9,559739000.1,559739000.1,125605.0,96757.5,125605000.0,125605000.0,103.5,1.824009137,1.824009137,121362000.0,121362000.0,101.8,121362.0,94128.4,922246000.0,922246000.0,872095000.0,872095000.0,1049370000.0,1049370000.0,997768000.0,997768000.0,200116000.0,200116000.0,190994000.0,190994000.0,191152.0,147250.4,191152000.0,191152000.0,104.6,-2.890028975,-2.890028975,182659000.0,182659000.0,97.1,182659.0,141670.4,191152000.0,191152000.0,182659000.0,182659000.0,42703000.0,42703000.0,72594000.0,72594000.0,55972000.0,55972000.0,3994000.0,3994000.0,7396000.0,7396000.0,127124.0,97927.6,127124000.0,127124000.0,101.2,-0.208836226,-0.208836226,125673000.0,125673000.0,99.8,125673.0,97472.0,185588.0,142964.3,185588000.0,185588000.0,105.3,-3.540902862,-3.540902862,176279000.0,176279000.0,96.5,176279.0,136722.1,47343.5,47343.5,1298.1426,0.0,0.0,0.0,0.0,8964.0,6905.3,0.0,0.0,0.0,0.0,8335.0,6464.6
2017,-45953000.0,-45953000.0,-49173000.0,-49173000.0,835906000.0,835906000.0,756874999.9,756874999.9,58815000.0,58815000.0,52198000.0,52198000.0,182349000.0,182349000.0,170384000.0,170384000.0,105022000.0,105022000.0,101135000.0,101135000.0,64474000.0,64474000.0,58907000.0,58907000.0,163052000.0,163052000.0,141652000.0,141652000.0,530268000.0,530268000.0,474915755.0,474915755.0,26821000.0,26821000.0,23758000.0,23758000.0,39060000.0,39060000.0,37651000.0,37651000.0,80976000.0,80976000.0,74495000.0,74495000.0,62898000.0,62898000.0,56810000.0,56810000.0,135235000.0,135235000.0,120222000.0,120222000.0,22226000.0,22226000.0,20456000.0,20456000.0,920471000.0,920471000.0,832655999.9,832655999.9,920471.0,693117.1,920471000.0,920470999.9,110.5,1.359360856,1.359360856,14479.8,13491.5,832655999.9,832655999.9,103.5,832656.0,645808.4,84565000.0,84565000.0,75773000.0,75773000.0,10864.7,11517.9,22382.6,767608000.1,767608000.0,696973000.0,696973000.0,25341000.0,25341000.0,45233000.0,45233000.0,174023000.0,174023000.0,320813000.0,320813000.0,571299000.0,565600000.0,630636.0,474870.6,630636000.0,630636000.0,110.4,2.053814349,2.053814349,571235000.0,571235000.0,103.7,571235.0,443050.1,630636000.0,630636000.0,571235000.0,571235000.0,136972.0,103140.3,136972000.0,136972000.0,108.9,3.642820644,3.642820644,125783000.0,125783000.0,105.5,125783.0,97557.3,966424000.0,966424000.0,881898000.1,881898000.1,1105831999.9,1105831999.9,1010731000.1,1010731000.1,198816000.0,198816000.0,184828000.0,184828000.0,199952.0,150564.4,199952000.0,199952000.0,107.5,1.854274911,1.854274911,186046000.0,186046000.0,98.9,186046.0,144297.4,199952000.0,199952000.0,186046000.0,186046000.0,41895000.0,41895000.0,75953000.0,75953000.0,56755000.0,56755000.0,4005000.0,4005000.0,7484000.0,7484000.0,139408.0,104974.6,139408000.0,139408000.0,108.2,2.569366522,2.569366522,128902000.0,128902000.0,102.4,128902.0,99976.4,185361.0,139577.3,185361000.0,185361000.0,104.1,1.018839442,1.018839442,178075000.0,178075000.0,97.4,178075.0,138115.0,47867.8,47867.8,1328.01663,0.0,0.0,8000.0,8000.0,-1136.0,-855.4,-0.1,-0.1,27999.9,27999.9,-1235.0,-957.9
2018,-46775000.0,-46775000.0,-58683000.0,-58683000.0,896656000.0,896656000.0,775908000.1,775908000.1,61497000.0,61497000.0,53030000.0,53030000.0,200561000.0,200561000.0,171802000.0,171802000.0,110157000.0,110157000.0,102627000.0,102627000.0,65110000.0,65110000.0,58156000.0,58156000.0,173708000.0,173708000.0,145438000.0,145438000.0,569488000.0,569488000.0,492277140.7,492277140.7,28348000.0,28348000.0,24595000.0,24595000.0,42627000.0,42627000.0,39057000.0,39057000.0,86825000.0,86825000.0,77449000.0,77449000.0,67597000.0,67597000.0,59066000.0,59066000.0,147217000.0,147217000.0,125916000.0,125916000.0,23166000.0,23166000.0,20925000.0,20925000.0,987791000.0,987791000.0,854008000.0,854008000.0,987791.0,747103.7,987791000.0,987791000.0,115.7,2.564324295,2.564324295,15439.0,13688.0,854008000.0,854008000.0,106.1,854008.0,662369.0,91135000.0,91135000.0,78088000.0,78088000.0,10838.3,11618.9,22457.2,825198999.9,825199000.0,724648000.1,724648000.1,28281000.0,28281000.0,46966000.0,46966000.0,177543000.0,177543000.0,330299000.0,330299000.0,591807683.9,586383401.8,672867.0,508914.7,672867000.0,672867000.1,114.1,3.236496363,3.236496363,589723000.0,589723000.0,107.0,589723.0,457389.4,672867000.0,672867000.1,589723000.0,589723000.0,152332.0,115214.5,152332000.0,152332000.0,112.8,7.351549891,7.351549891,135030000.0,135030000.0,113.3,135030.0,104729.3,1034566000.0,1034566000.0,912441000.0,912441000.0,1191622000.0,1191622000.0,1042141000.0,1042141000.0,209367000.0,209367000.0,187608000.0,187608000.0,209687.0,158594.2,209687000.0,209687000.0,111.6,1.036840346,1.036840346,187975000.0,187975000.0,99.9,187975.0,145793.5,209687000.0,209687000.0,187975000.0,187975000.0,41742000.0,41742000.0,73312000.0,73312000.0,61658000.0,61658000.0,3881000.0,3881000.0,7598000.0,7598000.0,157056.0,118787.4,157056000.0,157056000.0,121.1,0.642348451,0.642348451,129730000.0,129730000.0,103.0,129730.0,100618.6,203831.0,154165.1,203831000.0,203831000.0,108.2,5.805419065,5.805419065,188413000.0,188413000.0,103.1,188413.0,146133.2,48390.5,48390.5,1322.16054,0.0,0.0,11999.9,11999.9,-320.0,-242.0,0.1,0.1,434999.9,434999.9,-37.0,-28.7
2019,-61722000.0,-61722000.0,-68536000.0,-68536000.0,960843000.0,960843000.0,800459000.1,800459000.1,67830000.0,67830000.0,54273000.0,54273000.0,210146000.0,210146000.0,174411000.0,174411000.0,115833000.0,115833000.0,103810000.0,103810000.0,66310000.0,66310000.0,57044000.0,57044000.0,188282000.0,188282000.0,150845000.0,150845000.0,616557000.0,616557000.0,513998656.5,513998656.5,29459000.0,29459000.0,24854000.0,24854000.0,46982000.0,46982000.0,41506000.0,41506000.0,92569000.0,92569000.0,79996000.0,79996000.0,72436000.0,72436000.0,61096000.0,61096000.0,159762000.0,159762000.0,132333000.0,132333000.0,27067000.0,27067000.0,23651000.0,23651000.0,1061119000.0,1061119000.0,882029000.1,882029000.1,1061119.0,789757.1,1061119000.0,1061119000.0,120.3,3.281116816,3.281116816,16146.8,13986.7,882029000.1,882029000.1,109.6,882029.0,684102.1,100276000.0,100276000.0,81549000.0,81549000.0,11179.5,11107.8,22287.3,894601000.0,894601000.0,755028000.0,755028000.0,30346000.0,30346000.0,48572000.0,48572000.0,182453000.0,182453000.0,344705000.0,344705000.0,,,727394.0,541376.2,727393999.9,727393999.9,118.7,3.947276942,3.947276942,613001000.0,613001000.0,111.2,613001.0,475443.8,727393999.9,727393999.9,613001000.0,613001000.0,167207.0,124446.8,167207000.0,167207000.0,117.6,5.274383463,5.274383463,142152000.0,142152000.0,119.3,142152.0,110253.2,1122841000.0,1122841000.0,949974000.0,949974000.0,1291053000.0,1291053000.0,1083577000.0,1083577000.0,228240000.0,228240000.0,194743000.0,194743000.0,227058.0,168992.0,227058000.0,227058000.0,117.2,3.086048671,3.086048671,193776000.0,193776000.0,103.0,193776.0,150292.7,227058000.0,227058000.0,193776000.0,193776000.0,38243000.0,38243000.0,75437000.0,75437000.0,69215000.0,69215000.0,4072000.0,4072000.0,7719000.0,7719000.0,168212.0,125194.8,168212000.0,168212000.0,125.8,3.07099361,3.07099361,133714000.0,133714000.0,106.2,133714.0,103708.6,229934.0,171132.6,229934000.0,229934000.0,113.7,7.343973081,7.343973081,202250000.0,202250000.0,110.7,202250.0,156865.2,48910.9,48910.9,1343.60178,0.0,0.0,21000.0,21000.0,1182.0,879.7,0.0,0.0,794000.1,794000.1,1636.0,1268.9
2020,-66301993.4,-66301993.5,-58035692.4,-58035692.4,913471368.1,913471368.1,745431705.7,745431705.7,76673988.6,76673988.6,55661757.1,55661757.1,187988333.4,187988333.4,158530874.2,158530874.2,110474125.5,110474125.5,95820058.6,95820058.6,51648561.5,51648561.5,42341938.6,42341938.6,163213272.5,163213272.5,127983045.6,127983045.6,597160484.6,597160484.6,487684612.8,487684612.8,28882574.1,28882574.1,24215329.7,24215329.7,48868113.3,48868113.3,42397157.0,42397157.0,96381102.4,96381102.4,81555020.1,81555020.1,70573282.9,70573282.9,58465049.3,58465049.3,164776569.4,164776569.4,133293997.2,133293997.2,24465570.1,24465570.1,20920130.2,20920130.2,1002922315.5,1002922315.5,822088442.8,822088442.8,1002922.3,759734.7,1002922315.5,1002922315.5,122.0,-6.795758109,-6.795758109,15370.8,12900.0,822088442.8,822088442.8,102.2,822088.4,637612.2,89450947.5,89450947.5,76622163.8,76622163.8,9716.9,10126.6,19843.5,878561733.1,878561733.1,725740134.3,725740134.3,29078443.2,29078443.2,40517228.5,40517228.4,194288271.0,194288271.0,310675881.4,310675881.3,,,700870.4,530924.1,700870420.5,700870420.6,121.1,-5.613659456,-5.613659456,578589211.4,578589211.4,105.0,578589.2,448754.0,700870420.5,700870420.6,578589211.4,578589211.4,177691.3,134604.9,177691312.5,177691312.5,120.6,3.66698688,3.66698688,147364695.2,147364695.2,123.6,147364.7,114296.1,1069224309.0,1069224309.0,881374178.4,881374178.4,1204833281.3,1204833281.3,989670994.1,989670994.1,190662575.9,190662575.9,155168989.8,155168989.8,188786.2,143009.5,188786195.1,188786195.1,122.6,-20.554649999,-20.554649999,153946021.4,153946021.4,81.8,153946.0,119400.6,188786195.1,188786195.1,153946021.4,153946021.4,27711821.0,27711821.0,54071549.8,54071549.8,62068870.6,62068870.6,4072405.3,4072405.3,7160765.0,7160765.0,135609.0,102726.6,135608972.3,135608972.3,124.2,-18.312344009,-18.312344009,109227832.3,109227832.3,86.7,109227.8,84717.2,201911.0,152951.8,201910965.8,201910965.8,120.7,-17.298628085,-17.298628085,167263524.7,167263524.7,91.5,167263.5,129729.7,49427.3,49427.3,1320.0954,-0.1,-0.1,34573.3,34573.3,1876.4,1421.4,-0.1,-0.1,-784989.0,-784989.0,224.2,173.9
2021,,,,,,,,,,,,,,,,,,,,,,,,,,,,,,,,,,,,,,,,,,,,,,,,,,,,,,,,,,,,,,,,,,,,,,,,,,,,,,,,,,,,,,,,,,,,,,,,,,,,,,,,,,,,,,,,,,,,,,,,,,,,,,,,,,,,,,,,,,,,,,,,,,,,,,,,,,,,,,,,,,,,,,,,,,,,,,,,,,,,,,,,,,,,1362.0096,,,,,,,,,,,,
