country,IND,IND,IND,IND,IND,IND,IND,IND,IND,IND,IND,IND,IND,IND,IND,IND,IND,IND,IND,IND,IND,IND,IND,IND,IND,IND,IND,IND,IND,IND,IND,IND,IND,IND,IND,IND,IND,IND,IND,IND,IND,IND,IND,IND,IND,IND,IND,IND,IND,IND,IND,IND,IND,IND,IND,IND,IND,IND,IND,IND,IND,IND,IND,IND,IND,IND,IND,IND,IND,IND,IND,IND,IND,IND,IND,IND,IND,IND,IND,IND,IND,IND,IND,IND,IND,IND,IND,IND,IND,IND,IND,IND,IND,IND,IND,IND,IND,IND,IND,IND,IND,IND,IND,IND,IND,IND,IND,IND,IND,IND,IND,IND,IND,IND,IND,IND,IND,IND,IND,IND,IND,IND,IND,IND,IND,IND,IND,IND,IND,IND,IND,IND,IND,IND,IND,IND,IND,IND,IND,IND,IND,IND,IND,IND,IND,IND,IND,IND,IND
subject,B11,B11,B11,B11,B1G,B1G,B1G,B1G,B1GVA,B1GVA,B1GVA,B1GVA,B1GVB_E,B1GVB_E,B1GVB_E,B1GVB_E,B1GVC,B1GVC,B1GVC,B1GVC,B1GVF,B1GVF,B1GVF,B1GVF,B1GVG_I,B1GVG_I,B1GVG_I,B1GVG_I,B1GVG_U,B1GVG_U,B1GVG_U,B1GVG_U,B1GVL,B1GVL,B1GVL,B1GVL,B1GVO_Q,B1GVO_Q,B1GVO_Q,B1GVO_Q,B1_GA,B1_GA,B1_GA,B1_GA,B1_GE,B1_GE,B1_GE,B1_GE,B1_GE,B1_GE,B1_GE,B1_GE,B1_GE,B1_GE,B1_GE,B1_GE,D21_D31,D21_D31,D21_D31,D21_D31,DB1_GE,DB1_GE,P3,P3,P3,P3,P31S14_S15,P31S14_S15,P31S14_S15,P31S14_S15,P31S14_S15,P31S14_S15,P31S14_S15,P31S14_S15,P31S14_S15,P31S14_S15,P31S14_S15,P31S14_S15,P3S13,P3S13,P3S13,P3S13,P3S13,P3S13,P3S13,P3S13,P3S13,P3S13,P3S13,P3S13,P5,P5,P5,P5,P51,P51,P51,P51,P51,P51,P51,P51,P51,P51,P51,P51,P52,P52,P52,P52,P52_P53,P52_P53,P52_P53,P52_P53,P53,P53,P53,P53,P6,P6,P6,P6,P6,P6,P6,P6,P6,P6,P6,P6,P7,P7,P7,P7,P7,P7,P7,P7,P7,P7,P7,P7,PPPGDP,RB1_GE,RB1_GE,RB1_GE,RB1_GE,RB1_GE,RB1_GE
measure,CQR,CQRSA,VNBQR,VNBQRSA,CQR,CQRSA,VNBQR,VNBQRSA,CQR,CQRSA,VNBQR,VNBQRSA,CQR,CQRSA,VNBQR,VNBQRSA,CQR,CQRSA,VNBQR,VNBQRSA,CQR,CQRSA,VNBQR,VNBQRSA,CQR,CQRSA,VNBQR,VNBQRSA,CQR,CQRSA,VNBQR,VNBQRSA,CQR,CQRSA,VNBQR,VNBQRSA,CQR,CQRSA,VNBQR,VNBQRSA,CQR,CQRSA,VNBQR,VNBQRSA,CARSA,CPCARSA,CQR,CQRSA,DOBSA,GPSA,GYSA,VIXOBSA,VNBQR,VNBQRSA,VOBARSA,VPVOBARSA,CQR,CQRSA,VNBQR,VNBQRSA,CQR,VNBQR,CQR,CQRSA,VNBQR,VNBQRSA,CARSA,CPCARSA,CQR,CQRSA,DOBSA,GPSA,GYSA,VIXOBSA,VNBQR,VNBQRSA,VOBARSA,VPVOBARSA,CARSA,CPCARSA,CQR,CQRSA,DOBSA,GPSA,GYSA,VIXOBSA,VNBQR,VNBQRSA,VOBARSA,VPVOBARSA,CQR,CQRSA,VNBQR,VNBQRSA,CARSA,CPCARSA,CQR,CQRSA,DOBSA,GPSA,GYSA,VIXOBSA,VNBQR,VNBQRSA,VOBARSA,VPVOBARSA,CQR,CQRSA,VNBQR,VNBQRSA,CQR,CQRSA,VNBQR,VNBQRSA,CQR,CQRSA,VNBQR,VNBQRSA,CARSA,CPCARSA,CQR,CQRSA,DOBSA,GPSA,GYSA,VIXOBSA,VNBQR,VNBQRSA,VOBARSA,VPVOBARSA,CARSA,CPCARSA,CQR,CQRSA,DOBSA,GPSA,GYSA,VIXOBSA,VNBQR,VNBQRSA,VOBARSA,VPVOBARSA,CD,CARSA,CQR,CQRSA,VNBQR,VNBQRSA,VOBARSA
unit,Indian Rupee,Indian Rupee,Indian Rupee,Indian Rupee,Indian Rupee,Indian Rupee,Indian Rupee,Indian Rupee,Indian Rupee,Indian Rupee,Indian Rupee,Indian Rupee,Indian Rupee,Indian Rupee,Indian Rupee,Indian Rupee,Indian Rupee,Indian Rupee,Indian Rupee,Indian Rupee,Indian Rupee,Indian Rupee,Indian Rupee,Indian Rupee,Indian Rupee,Indian Rupee,Indian Rupee,Indian Rupee,Indian Rupee,Indian Rupee,Indian Rupee,Indian Rupee,Indian Rupee,Indian Rupee,Indian Rupee,Indian Rupee,Indian Rupee,Indian Rupee,Indian Rupee,Indian Rupee,Indian Rupee,Indian Rupee,Indian Rupee,Indian Rupee,Indian Rupee,US Dollar,Indian Rupee,Indian Rupee,Index,Percentage,Percentage,Index,Indian Rupee,Indian Rupee,Indian Rupee,US Dollar,Indian Rupee,Indian Rupee,Indian Rupee,Indian Rupee,Indian Rupee,Indian Rupee,Indian Rupee,Indian Rupee,Indian Rupee,Indian Rupee,Indian Rupee,US Dollar,Indian Rupee,Indian Rupee,Index,Percentage,Percentage,Index,Indian Rupee,Indian Rupee,Indian Rupee,US Dollar,Indian Rupee,US Dollar,Indian Rupee,Indian Rupee,Index,Percentage,Percentage,Index,Indian Rupee,Indian Rupee,Indian Rupee,US Dollar,Indian Rupee,Indian Rupee,Indian Rupee,Indian Rupee,Indian Rupee,US Dollar,Indian Rupee,Indian Rupee,Index,Percentage,Percentage,Index,Indian Rupee,Indian Rupee,Indian Rupee,US Dollar,Indian Rupee,Indian Rupee,Indian Rupee,Indian Rupee,Indian Rupee,Indian Rupee,Indian Rupee,Indian Rupee,Indian Rupee,Indian Rupee,Indian Rupee,Indian Rupee,Indian Rupee,US Dollar,Indian Rupee,Indian Rupee,Index,Percentage,Percentage,Index,Indian Rupee,Indian Rupee,Indian Rupee,US Dollar,Indian Rupee,US Dollar,Indian Rupee,Indian Rupee,Index,Percentage,Percentage,Index,Indian Rupee,Indian Rupee,Indian Rupee,US Dollar,Indian Rupee,Indian Rupee,Indian Rupee,Indian Rupee,Indian Rupee,Indian Rupee,Indian Rupee
powercode,Billions,Billions,Billions,Billions,Billions,Billions,Billions,Billions,Billions,Billions,Billions,Billions,Billions,Billions,Billions,Billions,Billions,Billions,Billions,Billions,Billions,Billions,Billions,Billions,Billions,Billions,Billions,Billions,Billions,Billions,Billions,Billions,Billions,Billions,Billions,Billions,Billions,Billions,Billions,Billions,Billions,Billions,Billions,Billions,Billions,Millions,Billions,Billions,Units,Units,Units,Units,Billions,Billions,Billions,Millions,Billions,Billions,Billions,Billions,Billions,Billions,Billions,Billions,Billions,Billions,Billions,Millions,Billions,Billions,Units,Units,Units,Units,Billions,Billions,Billions,Millions,Billions,Millions,Billions,Billions,Units,Units,Units,Units,Billions,Billions,Billions,Millions,Billions,Billions,Billions,Billions,Billions,Millions,Billions,Billions,Units,Units,Units,Units,Billions,Billions,Billions,Millions,Billions,Billions,Billions,Billions,Billions,Billions,Billions,Billions,Billions,Billions,Billions,Billions,Billions,Millions,Billions,Billions,Units,Units,Units,Units,Billions,Billions,Billions,Millions,Billions,Millions,Billions,Billions,Units,Units,Units,Units,Billions,Billions,Billions,Millions,Units,Billions,Billions,Billions,Billions,Billions,Billions
reference_period,,,2011-12,2011-12,,,2011-12,2011-12,,,2011-12,2011-12,,,2011-12,2011-12,,,2011-12,2011-12,,,2011-12,2011-12,,,2011-12,2011-12,,,2011-12,2011-12,,,2011-12,2011-12,,,2011-12,2011-12,,,2011-12,2011-12,,,,,2015,,,2015,2011-12,2011-12,2015,2015,,,2011-12,2011-12,,2011-12,,,2011-12,2011-12,,,,,2015,,,2015,2011-12,2011-12,2015,2015,,,,,2015,,,2015,2011-12,2011-12,2015,2015,,,2011-12,2011-12,,,,,2015,,,2015,2011-12,2011-12,2015,2015,,,2011-12,2011-12,,,2011-12,2011-12,,,2011-12,2011-12,,,,,2015,,,2015,2011-12,2011-12,2015,2015,,,,,2015,,,2015,2011-12,2011-12,2015,2015,,,,,2011-12,2011-12,2015
time,,,,,,,,,,,,,,,,,,,,,,,,,,,,,,,,,,,,,,,,,,,,,,,,,,,,,,,,,,,,,,,,,,,,,,,,,,,,,,,,,,,,,,,,,,,,,,,,,,,,,,,,,,,,,,,,,,,,,,,,,,,,,,,,,,,,,,,,,,,,,,,,,,,,,
1996-Q2,,,,-14.0,,,,,,,,,,,,,,,,,,,,,,,,,,,,,,,,,,,,,,,,,13352.3,,,3338.1,,,,,,7902.8,38078.5,1979647.2,,,,,,,,2464.5,,5734.5,8767.8,,,2191.9,,,,,,4805.7,24205.5,1258408.4,1394.8,,,348.7,,,,,,875.0,4409.0,229219.5,,,,,3316.6,,,829.2,,,,,,1780.1,8085.7,420365.9,,-155.2,,,,,,,,,,,1448.1,,,362.0,,,,,,756.2,3464.4,180107.9,1438.9,,,359.7,,,,,,770.2,3726.1,193713.7,,-136.1,,121.2,,,1640.0
1996-Q3,,,,162.3,,,,,,,,,,,,,,,,,,,,,,,,,,,,,,,,,,,,,,,,,13704.1,,,3426.0,,0.48898,,,,7941.5,38264.7,1989327.3,,,,,,,,2552.4,,5716.7,8916.3,,,2229.1,,0.21296,,,,4815.9,24257.0,1261088.2,1398.4,,,349.6,,-4.30677,,,,837.3,4219.2,219347.6,,,,,3468.1,,,867.0,,2.83123,,,,1830.5,8314.7,432267.5,,-108.0,,,,,,,,,,,1445.9,,,361.5,,42.82465,,,,1080.0,4948.0,257238.5,1560.9,,,390.2,,19.15874,,,,917.8,4440.0,230826.8,,36.4,,117.1,,,965.8
1996-Q4,,,,-87.4,,,,,,,,,,,,,,,,,,,,,,,,,,,,,,,,,,,,,,,,,14166.6,,,3541.7,,1.58557,,,,8067.4,38871.4,2020869.6,,,,,,,,2645.3,,5729.4,9071.4,,,2267.8,,0.60316,,,,4845.0,24403.3,1268694.6,1442.3,,,360.6,,3.69777,,,,868.3,4375.2,227458.5,,,,,3575.7,,,893.9,,1.85413,,,,1864.4,8468.8,440282.3,,14.5,,,,,,,,,,,1449.5,,,362.4,,-23.97515,,,,821.1,3761.7,195565.1,1624.6,,,406.1,,-1.01313,,,,908.5,4395.0,228488.2,,252.3,,48.5,,,2257.4
1997-Q1,,,,-146.5,,,,,,,,,,,,,,,,,,,,,,,,,,,,,,,,,,,,,,,,,14503.1,1677252.1,,3625.8,37.0,0.75236,,,,8128.1,39163.9,2036073.8,,,,,,,,2734.5,,5756.7,9232.6,1068099.3,,2308.2,,0.94994,,,,4891.0,24635.2,1280746.4,1547.6,179027.8,,386.9,,10.29093,,,,957.6,4825.4,250866.1,,,,,3751.5,433977.4,,937.9,,3.1086,,,,1922.4,8732.1,453968.9,,42.2,,,,,,,,,,,1493.7,172802.6,,373.4,,-3.0881,,,,795.7,3645.5,189525.9,1839.1,212749.3,,459.8,,3.71419,,,,942.2,4558.2,236974.7,8.64423,316.7,,37.0,,,1883.9
1997-Q2,,,,-122.0,,,,,,,,,,,,,,,,,,,,,,,,,,,,,,,,,,,,,,,,,14836.8,1683652.6,,3709.2,37.7,0.40985,3.27187,,,8161.4,39324.4,2044418.6,,,,,,,,2635.7,,5769.1,9360.6,1062592.9,,2340.2,,0.62681,2.41304,,,4921.7,24789.6,1288774.3,1523.2,172907.9,,380.8,,-8.54843,0.08791,,,875.8,4412.9,229421.0,,,,,3754.1,426131.2,,938.5,,-0.43229,7.52689,,,1914.1,8694.3,452006.4,,72.3,,,,,,,,,,,1626.1,184592.2,,406.5,,-0.26093,4.95452,,,793.7,3636.0,189031.4,1742.6,197804.9,,435.6,,-2.81364,18.89046,,,915.7,4430.0,230307.1,8.80947,315.2,,6.5,,,2221.5
1997-Q3,,,,-53.2,,,,,,,,,,,,,,,,,,,,,,,,,,,,,,,,,,,,,,,,,15075.6,1714915.9,,3768.9,37.9,1.19283,3.99521,,,8258.8,39793.5,2068805.1,,,,,,,,2787.9,,5909.0,9680.6,1101580.7,,2420.1,,1.47123,3.69894,,,4994.1,25154.3,1307735.2,1550.3,176409.0,,387.6,,5.51064,10.35618,,,924.0,4656.1,242063.6,,,,,3806.9,433179.3,,951.7,,1.07172,5.68703,,,1934.6,8787.5,456850.6,,-24.1,,,,,,,,,,,1616.3,183915.7,,404.1,,6.87368,-21.46401,,,848.2,3885.9,202024.8,1860.3,211682.0,,465.1,,-1.56037,-1.782,,,901.4,4360.8,226713.4,8.78812,281.9,,94.6,,,1670.5
1997-Q4,,,,-154.4,,,,,,,,,,,,,,,,,,,,,,,,,,,,,,,,,,,,,,,,,15563.6,1748855.7,,3890.9,38.5,1.60086,4.01085,,,8391.0,40430.5,2101923.7,,,,,,,,2939.4,,6012.8,9897.3,1112517.8,,2474.3,,-0.19745,2.87369,,,4984.2,25104.6,1305153.0,1651.4,185627.6,,412.9,,6.15898,12.97542,,,980.9,4942.9,256972.2,,,,,3962.1,445344.6,,990.5,,2.88805,6.75986,,,1990.4,9041.3,470044.7,,128.2,,,,,,,,,,,1728.7,194311.6,,432.2,,-0.37591,2.91473,,,845.0,3871.3,201265.3,1884.5,211827.9,,471.1,,10.87516,10.01395,,,999.4,4835.1,251368.9,8.89652,208.6,,-76.0,,,2305.5
1998-Q1,,,,-303.4,,,,,,,,,,,,,,,,,,,,,,,,,,,,,,,,,,,,,,,,,16254.4,1777427.3,,4063.6,39.6,1.63007,4.91695,,,8527.8,41089.6,2136186.6,,,,,,,,3096.3,,6201.9,10247.5,1120948.8,,2561.9,,1.04674,2.97234,,,5036.4,25367.4,1318814.6,2114.8,231325.4,,528.7,,17.80951,20.67699,,,1155.6,5823.2,302737.7,,,,,4038.5,441736.1,,1009.6,,0.61581,4.17879,,,2002.7,9097.0,472939.3,,1.3,,,,,,,,,,,1686.1,184432.6,,421.5,,4.8206,11.31329,,,885.8,4058.0,210967.5,1911.7,209115.7,,477.9,,18.98892,26.21648,,,1189.2,5753.2,299101.1,9.14205,79.3,,18.5,,,2497.3
1998-Q2,,,,-567.3,,,,,,,,,,,,,,,,,,,,,,,,,,,,,,,,,,,,,,,,,16779.6,1806944.5,,4194.9,40.3,1.31074,5.85828,,,8639.5,41628.1,2164186.4,,,,,,,,3211.7,,6419.7,10693.1,1151899.6,,2673.3,,7.64088,10.1499,,,5421.2,27305.7,1419583.6,2149.8,231574.5,,537.4,,3.61875,36.73248,,,1197.5,6033.9,313693.0,,,,,4214.8,454013.4,,1053.7,,1.92908,6.64952,,,2041.3,9272.5,482062.7,,39.5,,,,,,,,,,,1824.7,196557.2,,456.2,,-14.892,-5.01564,,,753.9,3453.6,179550.2,2304.6,248248.5,,576.1,,11.09691,44.28219,,,1321.2,6391.6,332292.1,9.28327,201.8,,11.0,,,1954.1
1998-Q3,,,,-187.7,,,,,,,,,,,,,,,,,,,,,,,,,,,,,,,,,,,,,,,,,17512.5,1849009.3,,4378.1,41.3,1.81475,6.50887,,,8796.3,42383.6,2203460.9,,,,,,,,3346.3,,6535.4,11759.5,1242016.5,,2939.9,,0.72207,9.33667,,,5460.4,27502.9,1429834.0,2144.6,226507.2,,536.2,,-6.97207,20.55599,,,1114.0,5613.2,291822.1,,,,,4344.7,458853.9,,1086.2,,1.90702,7.53092,,,2080.3,9449.3,491255.7,,170.9,,,,,,,,,,,2045.6,216052.2,,511.4,,37.52829,22.22876,,,1036.8,4749.7,246932.4,2317.0,244707.0,,579.2,,-7.31653,35.84543,,,1224.5,5924.0,307979.8,9.46831,-465.0,,-287.2,,,992.5
1998-Q4,,,,-166.0,,,,,,,,,,,,,,,,,,,,,,,,,,,,,,,,,,,,,,,,,18134.8,1881208.4,,4533.7,42.2,1.31071,6.20471,,,8911.6,42939.1,2232341.9,,,,,,,,3399.8,,6012.2,11331.1,1175830.0,,2832.8,,-11.44207,-2.98215,,,4835.6,24356.0,1266231.4,2046.3,212339.9,,511.6,,-8.62751,3.7642,,,1017.9,5128.9,266645.2,,,,,4479.5,464808.6,,1119.9,,2.36991,6.98939,,,2129.6,9673.2,502898.0,,-229.6,,,,,,,,,,,1919.1,199138.8,,479.8,,-2.6547,19.43292,,,1009.3,4623.7,240377.1,2148.5,222939.0,,537.1,,-4.02267,17.59245,,,1175.3,5685.7,295590.8,9.63695,507.3,,356.5,,,4843.0
1999-Q1,,,,-78.7,,,,,,,,,,,,,,,,,,,,,,,,,,,,,,,,,,,,,,,,,18359.7,1932691.6,,4589.9,42.1,1.62415,6.19852,,,9056.4,43636.5,2268598.5,,,,,,,,3490.5,,6685.6,11745.2,1236816.5,,2936.3,,14.05668,9.50907,,,5515.3,27779.6,1444221.5,2130.6,224358.4,,532.7,,6.79532,-5.93687,,,1087.0,5477.4,284764.6,,1043.9,,1896.2,4593.2,483661.8,,1148.3,,1.92108,8.37735,,,2170.5,9859.1,512559.1,,-47.0,,,,,,,,,,,2079.9,219016.5,,520.0,,3.15591,17.53617,,,1041.1,4769.6,247963.1,2251.3,237059.9,,562.8,,-4.7187,-5.83694,,,1119.8,5417.4,281642.8,9.49655,62.0,,62.5,,,1168.2
1999-Q2,,,,-66.8,,,,,,,,,,,,,,,,,,,,,,,,,,,,,,,,,,,,,,,,,19034.9,1996050.1,,4758.7,42.5,2.58223,7.53136,,,9290.2,44763.3,2327179.0,,,,,,,,3597.5,,6771.5,12068.8,1266002.1,,3017.2,,0.89068,2.64171,,,5564.4,28027.0,1457084.9,2426.5,254533.0,,606.6,,12.85351,2.44627,,,1226.8,6181.5,321366.8,,1404.3,,2666.1,4870.9,510926.0,,1217.7,,5.20592,11.86149,,,2283.5,10372.3,539242.5,,99.7,,,,,,,,,,,2068.7,216996.3,,517.2,,3.34429,42.72092,,,1075.9,4929.1,256255.7,2374.3,249051.4,,593.6,,2.05059,-13.50438,,,1142.8,5528.5,287418.1,9.5333,-25.8,,-106.1,,,781.8
1999-Q3,,,,-163.1,,,,,,,,,,,,,,,,,,,,,,,,,,,,,,,,,,,,,,,,,19425.0,2031846.8,,4856.2,42.9,1.24533,6.92997,,,9405.9,45320.7,2356160.0,,,,,,,,3659.0,,6825.9,12347.9,1292026.0,,3087.0,,0.27823,2.18941,,,5579.9,28105.0,1461138.9,2483.7,259871.2,,620.9,,3.62615,14.11748,,,1271.2,6405.6,333020.1,,1417.9,,2662.9,4984.7,521543.7,,1246.2,,2.02234,11.98808,,,2329.6,10582.1,550147.8,,159.1,,,,,,,,,,,2302.2,240890.2,,575.6,,-0.52353,3.23238,,,1070.3,4903.3,254914.2,2575.6,269494.0,,643.9,,7.92836,0.72271,,,1233.4,5966.8,310205.6,9.55725,-117.8,,-188.6,,,1291.5
1999-Q4,,,,-187.9,,,,,,,,,,,,,,,,,,,,,,,,,,,,,,,,,,,,,,,,,19852.0,2079284.6,,4963.0,43.1,1.65076,7.28888,,,9561.2,46068.9,2395054.6,,,,,,,,4059.0,,6960.1,13534.6,1418086.5,,3383.6,,1.7754,17.44141,,,5679.0,28604.0,1487080.1,2547.1,266867.2,,636.8,,1.00246,26.1446,,,1284.0,6469.9,336358.5,,1419.4,,2644.8,5053.9,529497.3,,1263.5,,0.28445,9.70668,,,2336.3,10612.2,551712.7,,10.0,,,,,,,,,,,2350.1,246222.7,,587.5,,6.8277,13.28824,,,1143.4,5238.1,272318.9,2680.7,280863.6,,670.2,,7.93387,13.27042,,,1331.2,6440.2,334817.0,9.54452,-953.0,,-248.3,,,1585.0
2000-Q1,,,,-229.2,,,,,,,,,,,,,,,,,,,,,,,,,,,,,,,,,,,,,,,,,20592.8,2131415.3,,5148.2,43.8,2.09953,7.79075,,,9761.9,47036.1,2445339.4,,,,,,,,3838.4,,6946.7,12937.8,1339555.0,,3234.4,,0.36902,3.34756,,,5699.9,28709.5,1492567.7,2490.4,257847.4,,622.6,,-5.07201,12.12712,,,1218.9,6141.7,319298.3,,1448.1,,2657.3,5284.7,547135.5,,1321.2,,3.42806,11.32877,,,2416.4,10976.0,570625.7,,176.6,,,,,,,,,,,2454.5,254133.6,,613.6,,8.69389,19.37017,,,1242.8,5693.4,295994.0,3034.6,314190.6,,758.7,,10.56917,31.44464,,,1471.9,7120.9,370204.3,9.65854,460.0,,-61.6,,,2636.3
2000-Q2,,,,-13.6,,,,,,,,,,,,,,,,,,,,,,,,,,,,,,,,,,,,,,,,,20717.3,2148291.4,,5179.3,44.0,0.13491,5.21917,,,9775.1,47099.6,2448638.3,,,,,,,,3898.0,,6958.2,13156.8,1364768.0,,3289.2,,0.38131,2.82579,,,5721.7,28819.0,1498259.0,2442.9,253395.8,,610.7,,-1.74647,-2.37889,,,1197.6,6034.4,313721.9,,1404.5,,2573.5,5187.7,538093.4,,1296.9,,-2.276,3.41141,,,2361.4,10726.2,557638.2,,55.8,,,,,,,,,,,2544.8,263972.5,,636.2,,0.5979,16.1979,,,1250.2,5727.5,297763.8,2812.6,291746.0,,703.2,,-14.14231,10.58763,,,1263.8,6113.8,317848.9,9.64061,197.7,,-6.4,,,1906.3
2000-Q3,,,,-47.2,,,,,,,,,,,,,,,,,,,,,,,,,,,,,,,,,,,,,,,,,21137.7,2190087.9,,5284.4,44.3,1.32769,5.30476,,,9904.9,47724.9,2481148.7,,,,,,,,3982.5,,7038.8,13434.2,1392405.0,,3358.6,,1.20535,3.77646,,,5790.6,29166.4,1516318.3,2574.2,266797.9,,643.5,,5.1658,-0.92846,,,1259.4,6346.2,329928.1,,1417.4,,2555.5,5246.1,543708.9,,1311.5,,-0.18904,1.16993,,,2356.9,10705.9,556584.1,,65.0,,,,,,,,,,,2759.6,286015.6,,689.9,,3.58836,21.00098,,,1295.1,5933.0,308448.6,3002.6,311198.3,,750.6,,6.21144,8.82841,,,1342.3,6493.6,337591.9,9.64848,126.1,,-33.5,,,2067.0
2000-Q4,,,,-6.9,,,,,,,,,,,,,,,,,,,,,,,,,,,,,,,,,,,,,,,,,21387.3,2201985.5,,5346.8,44.8,0.04189,3.63806,,,9909.0,47744.9,2482188.1,,,,,,,,4087.8,,7097.0,13778.9,1419129.9,,3444.7,,1.0237,3.00998,,,5849.9,29465.0,1531840.8,2555.1,263147.6,,638.8,,-1.93713,-3.81185,,,1235.0,6223.2,323537.0,,1426.1,,2517.1,5345.1,550478.6,,1336.3,,-0.93315,-0.05842,,,2334.9,10606.0,551390.4,,12.9,,,,,,,,,,,2982.1,307132.6,,745.5,,8.35056,22.72588,,,1403.2,6428.4,334205.8,3041.8,313271.1,,760.4,,5.05671,5.9274,,,1410.1,6821.9,354662.9,9.7097,-232.2,,-71.0,,,1844.2
2001-Q1,,,,9.5,,,,,,,,,,,,,,,,,,,,,,,,,,,,,,,,,,,,,,,,,21736.9,2229423.0,,5434.2,45.3,0.54066,2.0557,,,9962.6,48003.0,2495608.3,,,,,,,,4171.2,,7240.1,13995.0,1435873.6,,3498.8,,1.46715,4.13701,,,5935.7,29897.3,1554315.3,2861.4,293566.3,,715.3,,9.72345,11.18002,,,1355.1,6828.3,354995.9,,1424.9,,2474.3,5362.2,550128.0,,1340.6,,-0.98821,-4.32582,,,2311.8,10501.2,545941.4,,55.0,,,,,,,,,,,2921.2,299701.6,,730.3,,0.24621,13.18764,,,1406.7,6444.3,335028.7,3085.6,316574.4,,771.4,,-0.91649,-5.07608,,,1397.2,6759.4,351412.5,9.74697,-317.2,,-134.3,,,1091.4
2001-Q2,,,,9.3,,,,,,,,,,,,,,,,,,,,,,,,,,,,,,,,,,,,,,,,,22314.3,2291668.0,,5578.6,45.5,2.08137,4.03951,,,10169.9,49002.2,2547551.2,,,,,,,,4284.0,,7371.3,14449.7,1484487.6,,3612.4,,2.31853,6.14671,,,6073.4,30590.4,1590352.5,2710.4,278446.1,,677.6,,-6.09712,6.25698,,,1272.5,6412.0,333351.4,,1499.7,,2562.7,5812.4,597104.5,,1453.1,,6.51449,4.28028,,,2462.4,11185.3,581506.7,,2.3,,,,,,,,,,,2985.8,306739.7,,746.5,,0.88902,13.5152,,,1419.2,6501.6,338007.1,3189.6,327669.6,,797.4,,0.90683,11.56219,,,1409.9,6820.7,354599.2,9.73408,-454.5,,-115.9,,,1133.6
2001-Q3,,,,-60.3,,,,,,,,,,,,,,,,,,,,,,,,,,,,,,,,,,,,,,,,,22727.0,2328476.4,,5681.7,45.8,1.23686,3.94624,,,10295.7,49608.2,2579060.9,,,,,,,,4363.5,,7430.8,14754.7,1512202.4,,3688.7,,1.08302,6.0184,,,6139.1,30921.7,1607576.3,2742.6,281084.2,,685.7,,-1.16717,-0.1417,,,1257.6,6337.2,329460.6,,1498.8,,2558.6,5770.0,591334.6,,1442.5,,-0.64185,3.80719,,,2446.6,11113.5,577774.3,,-3.6,,,,,,,,,,,2837.0,290757.5,,709.3,,-4.87851,4.23695,,,1349.9,6184.4,321517.4,3206.7,328643.5,,801.7,,0.0235,5.06252,,,1410.2,6822.3,354682.5,9.75739,-170.7,,-39.0,,,1873.8
2001-Q4,,,,21.0,,,,,,,,,,,,,,,,,,,,,,,,,,,,,,,,,,,,,,,,,23407.2,2386386.8,,5851.8,46.1,2.29588,6.2882,,,10532.1,50747.2,2638273.1,,,,,,,,4454.7,,7519.9,15073.7,1537298.2,,3768.4,,1.24981,6.25569,,,6215.9,31308.2,1627668.0,2919.2,297711.2,,729.8,,6.98387,8.94263,,,1345.5,6779.8,352469.7,,1556.7,,2639.6,6058.0,617799.0,,1514.5,,4.15558,9.13941,,,2548.3,11575.3,601784.2,,-7.9,,,,,,,,,,,2899.1,295665.2,,724.8,,2.01272,-1.86026,,,1377.1,6308.9,327988.7,2973.5,303249.5,,743.4,,-3.83717,-3.83185,,,1356.1,6560.5,341072.8,9.80556,-569.3,,-134.4,,,1335.6
2002-Q1,,,,51.8,,,,,,,,,,,,,,,,,,,,,,,,,,,,,,,,,,,,,,,,,23670.8,2411056.1,,5917.7,46.3,0.8071,6.56987,,,10617.1,51156.8,2659566.5,,,,,,,,4492.3,,7527.3,15279.7,1556890.0,,3819.9,,0.65392,5.40408,,,6256.5,31512.9,1638311.7,2718.5,276988.9,,679.6,,-4.41235,-5.09258,,,1286.1,6480.6,336917.5,,1598.2,,2715.5,6171.4,628789.2,,1542.9,,1.93941,12.36649,,,2597.7,11799.8,613455.2,,-1.5,,,,,,,,,,,2994.7,305134.4,,748.7,,4.54606,2.34923,,,1439.7,6595.7,342899.3,3115.7,317462.7,,778.9,,2.34731,-0.66408,,,1387.9,6714.5,349078.8,9.81453,-377.8,,-93.0,,,1482.3
2002-Q2,,,,224.5,,,,,,,,,,,,,,,,,,,,,,,,,,,,,,,,,,,,,,,,,24136.5,2427856.8,,6034.1,46.9,0.62376,5.04817,,,10683.3,51475.9,2676155.9,,,,,,,,4505.2,,7519.7,15320.2,1541563.3,,3830.0,,-0.07934,2.93389,,,6251.5,31487.9,1637011.8,2787.6,280490.7,,696.9,,-5.27289,-4.25953,,,1218.3,6138.9,319152.2,,1630.0,,2775.2,6142.6,618057.1,,1535.7,,-0.47548,4.99249,,,2585.4,11743.7,610538.4,,65.0,,,,,,,,,,,3485.1,350676.2,,871.3,,14.45734,16.11393,,,1647.9,7549.2,392473.4,3505.1,352684.9,,876.3,,2.5547,0.95814,,,1423.4,6886.1,357996.7,9.93835,-94.0,,-88.5,,,1442.2
2002-Q3,,,,196.1,,,,,,,,,,,,,,,,,,,,,,,,,,,,,,,,,,,,,,,,,24643.3,2448401.1,,6160.8,47.6,0.59356,4.38065,,,10746.8,51781.4,2692040.5,,,,,,,,4567.8,,7563.2,15553.8,1545852.6,,3888.5,,0.71622,2.56038,,,6296.3,31713.4,1648736.4,2753.8,273686.3,,688.5,,3.58104,0.34012,,,1261.9,6358.7,330581.1,,1695.9,,2848.7,6369.7,633035.7,,1592.4,,2.54207,8.35696,,,2651.1,12042.2,626058.7,,67.1,,,,,,,,,,,3585.6,356356.9,,896.4,,3.39437,26.21255,,,1703.8,7805.5,405795.4,3731.7,370869.2,,932.9,,5.92158,6.91133,,,1507.7,7293.8,379195.8,10.06191,112.1,,-39.0,,,1155.3
2002-Q4,,,,120.2,,,,,,,,,,,,,,,,,,,,,,,,,,,,,,,,,,,,,,,,,24786.6,2465703.2,,6196.7,47.8,0.07824,2.11781,,,10755.2,51821.9,2694146.8,,,,,,,,4667.7,,7663.8,15849.7,1577221.7,,3962.4,,1.1589,2.46829,,,6369.3,32081.0,1667843.5,2884.0,286983.6,,721.0,,4.70626,-1.79605,,,1321.3,6658.0,346139.2,,1769.1,,2954.7,6636.6,660376.4,,1659.1,,3.59934,7.77828,,,2746.5,12475.7,648592.7,,73.3,,,,,,,,,,,3620.1,360228.4,,905.0,,-0.2204,23.44967,,,1700.0,7788.3,404901.0,3770.6,375209.0,,942.7,,4.78635,16.49873,,,1579.8,7642.9,397345.4,10.04941,-433.1,,-181.6,,,461.9
2003-Q1,,,,-25.2,,,,,,,,,,,,,,,,,,,,,,,,,,,,,,,,,,,,,,,,,25651.3,2531995.4,,6412.8,48.4,2.25109,3.58059,,,10997.3,52988.5,2754794.6,,,,,,,,4792.9,,7805.9,16250.7,1604631.8,,4062.7,,1.67958,3.51243,,,6476.3,32619.8,1695856.3,3027.1,298895.5,,756.8,,1.56702,4.34698,,,1342.0,6762.3,351563.2,,1815.0,,2995.6,6735.0,664996.3,,1683.8,,0.32384,6.07018,,,2755.4,12516.1,650693.1,,90.0,,,,,,,,,,,3637.1,359126.5,,909.3,,0.70619,18.9155,,,1712.0,7843.3,407760.4,4245.0,419153.0,,1061.3,,9.96335,25.16783,,,1737.2,8404.4,436934.4,10.12767,246.3,,-28.4,,,1651.4
2003-Q2,,,,-0.8,,,,,,,,,,,,,,,,,,,,,,,,,,,,,,,,,,,,,,,,,26531.3,2603791.8,,6632.8,48.8,2.5332,5.54613,,,11275.9,54330.8,2824579.0,,,,,,,,4911.0,,7903.0,16719.2,1641388.9,,4179.8,,1.63403,5.2874,,,6582.1,33152.8,1723567.2,2893.0,284005.2,,723.2,,-4.82924,4.83568,,,1277.2,6435.8,334585.4,,1891.0,,3084.0,7053.4,692421.6,,1763.3,,3.97127,10.80939,,,2864.8,13013.1,676533.9,,73.1,,,,,,,,,,,3710.0,364216.3,,927.5,,-2.11118,1.70163,,,1675.9,7677.7,399151.8,4170.4,409415.9,,1042.6,,-3.48287,17.79899,,,1676.7,8111.7,421716.5,10.18628,326.2,,8.4,,,2163.1
2003-Q3,,,,106.6,,,,,,,,,,,,,,,,,,,,,,,,,,,,,,,,,,,,,,,,,27239.1,2692013.1,,6809.8,48.8,2.63211,7.68505,,,11572.6,55760.8,2898925.2,,,,,,,,5026.3,,8037.8,17050.1,1685620.0,,4262.5,,1.48189,6.08782,,,6679.6,33644.1,1749108.5,3244.4,320744.1,,811.1,,12.84424,14.21108,,,1441.3,7262.4,377560.3,,2004.4,,3241.1,7515.2,742930.0,,1878.8,,5.86914,14.4047,,,3033.0,13776.9,716240.6,,85.0,,,,,,,,,,,3982.5,393712.2,,995.6,,7.73079,5.96707,,,1805.5,8271.2,430009.4,4247.2,419875.5,,1061.8,,1.31949,12.68085,,,1698.9,8218.8,427281.0,10.11531,-305.9,,-161.4,,,1025.0
2003-Q4,,,,129.8,,,,,,,,,,,,,,,,,,,,,,,,,,,,,,,,,,,,,,,,,28558.6,2792999.5,,7139.7,49.6,3.28321,11.13362,,,11952.6,57591.6,2994102.9,,,,,,,,5107.4,,8111.5,17447.1,1706889.2,,4361.8,,1.53528,6.48255,,,6782.2,34160.6,1775962.3,3060.0,299357.8,,765.0,,-8.64335,-0.35036,,,1316.7,6634.7,344926.4,,2086.3,,3343.9,7630.0,746421.8,,1907.5,,1.03367,11.57144,,,3064.3,13919.3,723644.2,,99.4,,,,,,,,,,,4379.1,428407.2,,1094.8,,5.46121,12.001,,,1904.1,8722.9,453493.2,4277.2,418435.8,,1069.3,,4.43702,12.30521,,,1774.2,8583.4,446239.6,10.22187,319.6,,-19.5,,,2737.5
2004-Q1,,,,64.8,,,,,,,,,,,,,,,,,,,,,,,,,,,,,,,,,,,,,,,,,29017.7,2820236.4,,7254.4,50.2,0.36449,9.08313,,,11996.2,57801.5,3005016.1,,,,,,,,5173.4,,8150.8,17770.7,1727727.4,,4442.7,,1.06152,5.83529,,,6854.2,34523.3,1794814.4,3015.5,293174.0,,753.9,,-5.84066,-7.61819,,,1239.8,6247.2,324780.5,,2261.9,,3540.5,8237.3,800814.1,,2059.3,,5.67319,17.52052,,,3238.2,14709.0,764697.9,,119.2,,,,,,,,,,,4749.4,461748.5,,1187.4,,6.42686,18.36327,,,2026.4,9283.6,482638.5,4841.5,470692.8,,1210.4,,10.56032,12.91488,,,1961.6,9489.9,493363.9,10.28587,86.2,,-97.6,,,2528.4
2004-Q2,-10.1,57.8,-17.9,199.1,6678.8,6678.8,10837.1,10837.1,1361.4,1392.3,2705.5,2785.2,1659.6,1687.2,2522.2,2591.5,1227.2,1246.1,1793.8,1853.9,597.8,597.8,1013.9,1021.3,1158.3,1215.0,1738.9,1813.5,3095.2,3224.5,4859.1,5051.1,1148.1,1148.1,1707.9,1707.9,788.8,861.4,1412.3,1529.7,7225.3,7603.2,11733.6,12281.5,30412.8,2899685.8,7225.3,7603.2,51.4,2.37817,8.9182,,11733.6,12281.5,59176.1,3076480.6,,,,,-19.9,16.0,4936.9,5213.1,7715.7,8057.9,17703.2,1687899.4,4289.5,4425.8,,-1.49469,2.57723,,6604.2,6752.5,34011.1,1768185.5,2625.4,250318.5,656.4,656.4,,-10.70934,-13.32597,,1107.0,1107.0,5578.1,289998.6,2565.0,2677.5,3772.1,3954.4,9440.5,900100.8,2254.7,2360.1,,7.51637,21.52761,,3307.4,3480.7,15810.5,821963.7,229.4,229.4,346.4,346.4,309.4,325.5,463.2,489.9,96.1,96.1,143.6,143.6,5120.6,488223.1,1212.2,1280.2,,-1.13812,19.53986,,1927.5,2003.4,9177.9,477146.2,4889.4,466176.1,1222.3,1222.3,,-8.02075,7.60604,,1804.3,1804.3,8728.7,453792.4,10.4883,412.4,-194.5,-126.3,245.4,395.8,3327.3
2004-Q3,-274.7,-205.8,-312.1,-169.6,6787.9,6787.9,10771.3,10771.3,1126.7,1416.5,2170.0,2807.9,1769.7,1799.1,2640.7,2692.9,1315.9,1330.6,1904.1,1930.8,618.8,618.8,1026.8,1051.1,1231.8,1268.8,1809.1,1871.6,3288.7,3331.3,5061.9,5140.4,1176.9,1176.9,1712.9,1712.9,880.0,885.6,1539.9,1555.8,7466.7,7853.3,11859.4,12575.9,31413.3,2984484.3,7466.7,7853.3,51.8,2.39764,8.66936,,11859.4,12575.9,60594.9,3150243.4,,,,,12.3,-7.1,5071.1,5369.2,7731.8,8211.7,18207.6,1729849.3,4340.2,4551.9,,1.91995,3.02002,,6518.9,6882.1,34664.0,1802133.8,2945.3,279822.7,736.3,736.3,,9.43572,-15.944,,1211.5,1211.5,6104.5,317362.1,2761.5,2811.8,4001.9,4106.5,9911.4,941648.5,2426.6,2477.8,,3.71706,19.05722,,3507.6,3610.1,16398.2,852516.6,245.9,245.9,367.7,367.7,333.9,350.9,492.8,521.1,105.0,105.0,153.5,153.5,5341.3,507465.6,1266.4,1335.3,,2.53956,13.77958,,1968.7,2054.2,9411.0,489263.7,6164.4,585663.3,1541.1,1541.1,,23.25404,30.90155,,2223.8,2223.8,10758.5,559317.5,10.52554,1172.1,-7.6,47.1,508.9,674.2,4775.8
2004-Q4,-292.5,-277.7,-333.1,-224.3,7719.2,7719.2,12178.9,12178.9,1769.9,1436.6,3436.0,2814.4,1865.0,1876.6,2761.7,2755.1,1383.5,1398.8,1991.9,1987.9,653.2,653.2,1075.3,1070.7,1339.7,1319.4,1952.1,1930.7,3455.6,3461.8,5265.7,5297.2,1234.4,1234.4,1782.4,1782.4,881.5,908.0,1531.2,1584.1,8425.9,8075.8,13303.4,12819.5,32303.2,3061299.4,8425.9,8075.8,52.3,1.93661,7.25254,,13303.4,12819.5,61768.4,3211251.5,,,,,16.8,-10.8,5866.1,5527.9,8888.1,8400.8,18934.3,1794356.2,5119.2,4733.6,,3.08214,4.5895,,7639.9,7094.2,35732.4,1857678.1,3035.6,287673.7,758.9,758.9,,2.51856,-5.67407,,1242.0,1242.0,6258.2,325355.1,2914.9,2934.0,4197.1,4219.6,10336.1,979523.9,2564.7,2584.0,,2.47613,20.757,,3683.1,3699.4,16804.2,873626.0,258.6,258.6,384.6,384.6,349.1,367.1,512.2,542.0,108.6,108.6,157.4,157.4,5905.3,559634.8,1461.5,1476.3,,11.81475,20.63426,,2261.2,2296.9,10522.9,547068.9,7016.0,664892.0,1754.0,1754.0,,13.37476,42.10412,,2521.3,2521.3,12197.4,634124.9,10.55213,1108.0,17.1,18.4,613.9,623.5,4648.1
2005-Q1,36.3,-115.4,25.2,48.1,7932.7,7932.7,12546.5,12546.5,1462.0,1474.6,2957.7,2861.7,2003.7,1935.1,2913.1,2798.1,1476.5,1427.6,2111.9,2029.1,689.3,689.3,1131.7,1104.6,1444.0,1370.7,2098.5,1982.8,3771.0,3593.0,5753.9,5451.9,1287.3,1287.3,1853.9,1853.9,1039.7,935.0,1801.4,1615.1,8738.3,8324.0,13824.5,13043.9,33296.0,3131086.0,8738.3,8324.0,53.0,1.75097,8.73418,,13824.5,13043.9,62850.0,3267479.5,,,,,-51.9,33.1,5931.3,5695.3,8964.6,8629.7,19500.6,1833796.7,4837.5,4875.2,,1.98815,5.54848,,7201.2,7235.3,36442.9,1894611.6,4345.2,408617.8,1086.3,1086.3,,42.76618,43.01876,,1773.1,1773.1,8934.6,464497.0,3275.9,3094.0,4696.1,4386.8,10887.4,1023824.6,2897.9,2721.8,,4.09919,18.95833,,4143.1,3851.1,17493.0,909437.6,275.9,275.9,407.8,407.8,376.2,395.2,549.6,580.8,119.3,119.3,173.0,173.0,6594.1,620099.2,1800.2,1648.5,,13.21955,28.33373,,2797.8,2600.6,11913.9,619389.0,7055.6,663494.2,1763.9,1763.9,,1.23826,30.12241,,2552.5,2552.5,12348.4,641977.0,10.63401,-975.8,-395.6,-519.9,54.0,-271.5,414.0
2005-Q2,-345.0,-263.4,-435.6,-281.4,7608.1,7608.1,11851.9,11851.9,1449.6,1525.4,2778.4,2900.9,1959.8,1986.4,2796.7,2859.8,1460.5,1479.5,2017.3,2074.8,693.7,693.7,1126.0,1144.0,1372.4,1422.9,1971.5,2050.5,3537.4,3669.1,5375.3,5590.7,1288.9,1288.9,1900.4,1900.4,876.2,957.3,1503.4,1639.8,8223.8,8628.8,12815.9,13457.0,34515.0,3246468.5,8223.8,8628.8,53.2,3.1669,9.57187,,12815.9,13457.0,64840.4,3370957.3,,,,,25.4,-13.0,5531.1,5832.5,8393.2,8722.6,20001.6,1881341.6,4847.4,5000.4,,2.35996,9.67875,,7252.4,7406.0,37302.9,1939323.7,2784.7,261927.7,696.2,696.2,,-36.05674,2.41929,,1133.8,1133.8,5713.1,297014.5,3073.9,3223.5,4354.5,4567.0,11393.2,1071637.3,2698.3,2848.3,,4.34778,15.45253,,3815.5,4018.5,18253.6,948977.9,308.9,308.9,448.1,448.1,374.7,399.4,537.4,577.1,90.6,90.6,129.0,129.0,6524.6,613700.3,1549.5,1631.1,,-0.64516,28.97365,,2489.6,2583.8,11837.1,615392.9,7578.2,712802.7,1894.6,1894.6,,12.25105,58.80079,,2865.2,2865.2,13861.2,720625.9,10.63156,1389.2,18.2,38.4,541.8,732.0,5595.0
2005-Q3,-337.4,-263.0,-415.5,-249.6,7669.6,7669.6,11730.2,11730.2,1232.4,1583.0,2252.6,2942.5,1996.7,2032.5,2827.4,2891.8,1498.1,1516.0,2077.2,2110.1,707.3,707.3,1130.1,1174.6,1428.6,1470.1,2023.3,2092.7,3738.6,3788.5,5607.6,5697.9,1331.0,1331.0,1934.3,1934.3,979.0,987.5,1649.9,1670.9,8404.1,8887.7,12860.7,13644.3,35550.9,3304686.2,8404.1,8887.7,54.1,1.39142,8.49515,,12860.7,13644.3,65742.6,3417861.3,,,,,-17.2,18.3,5747.3,6026.1,8532.1,8995.2,20336.6,1890419.4,4862.1,5084.2,,0.9342,8.61795,,7116.7,7475.2,37651.4,1957440.8,3552.2,330200.9,888.1,888.1,,24.91964,16.91046,,1416.3,1416.3,7136.8,371029.5,3296.0,3383.5,4621.0,4748.5,11933.2,1109269.1,2891.1,2983.3,,3.65423,15.38259,,4041.5,4165.4,18920.6,983655.7,316.8,316.8,461.4,461.4,403.9,427.8,578.2,617.1,111.0,111.0,155.7,155.7,6673.3,620330.2,1593.9,1668.3,,0.90608,26.91907,,2508.7,2607.2,11944.3,620968.9,7725.2,718108.3,1931.3,1931.3,,-0.29244,28.46345,,2856.8,2856.8,13820.7,718518.5,10.75773,780.7,-216.5,-121.6,173.0,375.6,3910.2
2005-Q4,-261.9,-243.8,-328.7,-163.8,8840.3,8840.3,13349.7,13349.7,2059.5,1648.9,3702.1,2997.9,2103.6,2121.1,2969.4,2971.4,1567.7,1589.0,2171.7,2176.0,781.7,781.7,1237.9,1222.6,1546.4,1527.3,2170.4,2150.3,3916.1,3924.4,5809.1,5841.0,1378.7,1378.7,1990.1,1990.1,991.0,1018.4,1648.6,1700.6,9591.9,9212.7,14497.1,13989.2,36850.7,3397609.7,9591.9,9212.7,54.7,2.52791,9.12449,,14497.1,13989.2,67404.5,3504261.7,,,,,-28.7,24.5,6690.6,6228.8,9745.4,9185.5,21245.1,1958784.1,5735.3,5311.3,,2.66639,8.17987,,8236.6,7674.5,38655.3,2009633.8,3851.9,355141.9,963.0,963.0,,6.36101,21.29233,,1506.4,1506.4,7590.7,394630.7,3536.5,3539.1,4923.7,4946.2,12458.4,1148657.2,3115.5,3114.6,,4.10629,17.21805,,4322.8,4336.4,19697.6,1024047.4,331.5,331.5,482.4,482.4,419.4,444.7,598.6,639.7,113.2,113.2,157.3,157.3,7507.4,692173.9,1858.8,1876.8,,12.51215,27.71068,,2890.7,2933.4,13438.8,698665.5,8482.7,782103.5,2120.7,2120.7,,8.41599,22.84473,,3097.2,3097.2,14983.9,778989.0,10.84605,270.7,-291.5,-263.9,155.4,153.2,3005.9
2006-Q1,-35.5,-209.7,-81.8,-83.1,9107.0,9107.0,13793.2,13793.2,1710.4,1694.5,3115.3,3007.1,2261.8,2182.0,3170.4,3040.8,1692.8,1634.5,2323.8,2229.1,821.3,821.3,1297.0,1249.8,1671.6,1598.8,2349.1,2220.8,4300.9,4111.0,6398.9,6061.2,1468.3,1468.3,2122.9,2122.9,1160.9,1043.9,1926.9,1717.5,10069.3,9560.0,15256.4,14339.7,38240.2,3483985.5,10069.3,9560.0,55.3,2.50557,9.93377,,15256.4,14339.7,69093.4,3592063.5,,,,,-23.0,16.5,6545.7,6427.4,9521.0,9288.4,21881.3,1993561.7,5421.4,5470.3,,1.97757,8.16865,,7776.4,7826.3,39419.7,2049375.8,4483.4,408477.5,1120.9,1120.9,,16.22037,-1.26066,,1750.8,1750.8,8822.0,458641.3,3951.6,3711.8,5484.4,5121.8,13038.9,1187947.4,3501.1,3259.7,,3.58454,16.63855,,4832.3,4491.9,20403.6,1060754.8,358.0,358.0,516.1,516.1,448.0,475.7,648.5,691.8,117.7,117.7,175.6,175.6,8027.7,731390.4,2181.1,2006.9,,7.91421,21.72631,,3401.1,3165.6,14502.4,753959.4,8866.4,807798.6,2216.6,2216.6,,4.88963,27.27537,,3248.7,3248.7,15716.5,817078.6,10.97598,-324.8,-296.5,-439.2,228.3,-162.3,1662.1
2006-Q2,-389.8,-294.7,-482.9,-279.5,8811.7,8811.7,12955.8,12955.8,1633.0,1732.2,2885.7,3033.5,2284.8,2309.0,3105.6,3168.6,1720.3,1739.2,2271.5,2327.2,834.7,834.7,1253.3,1272.5,1593.1,1662.2,2173.9,2254.5,4106.7,4251.2,5928.1,6127.7,1521.2,1521.2,2155.0,2155.0,992.4,1067.8,1599.2,1718.2,9356.4,9914.4,13765.0,14545.7,39657.8,3538578.1,9356.4,9914.4,56.6,1.43638,8.08975,,13765.0,14545.7,70085.8,3643659.3,,,,,-45.5,38.9,6532.6,6675.9,9370.3,9562.9,22692.6,2024809.6,5495.2,5673.1,,1.68097,7.45112,,7780.1,7957.9,40082.4,2083825.1,4155.3,370765.0,1038.8,1038.8,,-9.04888,40.44409,,1592.3,1592.3,8023.7,417139.4,3704.1,3872.4,4989.7,5230.4,13483.2,1203077.5,3193.3,3370.8,,0.7007,12.56189,,4296.2,4523.3,20546.6,1068187.5,421.3,421.3,580.7,580.7,511.7,545.4,696.1,747.6,124.1,124.1,166.9,166.9,8664.7,773134.0,2071.1,2166.2,,3.30618,26.56736,,3164.0,3270.3,14981.9,778886.6,9843.5,878311.3,2460.9,2460.9,,9.26861,23.89374,,3549.8,3549.8,17173.2,892810.4,11.20726,505.5,-402.4,-294.9,-98.5,171.0,3624.5
2006-Q3,-403.6,-330.1,-488.2,-272.8,8965.0,8965.0,12877.1,12877.1,1381.4,1792.8,2330.8,3067.6,2380.3,2426.8,3184.8,3265.6,1821.0,1844.9,2368.9,2411.5,851.2,851.2,1247.0,1297.1,1698.1,1749.9,2268.4,2345.2,4369.0,4423.4,6173.1,6265.1,1587.5,1587.5,2200.5,2200.5,1083.5,1086.0,1704.2,1719.4,9866.3,10369.9,14177.5,15026.1,41479.8,3660512.6,9866.3,10369.9,57.3,3.303,10.12762,,14177.5,15026.1,72400.7,3764009.2,,,,,9.5,3.7,6523.1,6885.7,9133.1,9650.0,23794.4,2099815.2,5724.0,5948.6,,3.39069,10.06622,,7907.5,8227.7,41441.5,2154481.1,3256.7,287400.5,814.2,814.2,,-23.54523,-14.04377,,1217.4,1217.4,6134.5,318922.9,3943.3,4068.5,5222.2,5367.3,14130.2,1246965.7,3403.0,3532.6,,2.54075,11.35272,,4501.1,4638.3,21068.6,1095327.4,445.9,445.9,605.6,605.6,541.2,576.9,723.6,777.4,131.0,131.0,171.8,171.8,9372.7,827127.7,2269.7,2343.2,,6.55643,33.65465,,3381.4,3484.7,15964.2,829953.8,10693.3,943663.5,2673.3,2673.3,,5.85066,31.52697,,3757.5,3757.5,18178.0,945045.7,11.33168,1618.9,-117.2,-41.2,322.0,610.0,5970.0
2006-Q4,-426.2,-411.4,-500.7,-364.2,10305.4,10305.4,14598.7,14598.7,2317.4,1846.8,3850.7,3074.3,2523.9,2554.9,3353.8,3371.3,1915.3,1950.2,2475.2,2493.5,930.8,930.8,1351.6,1335.8,1841.1,1814.2,2438.4,2420.7,4571.3,4582.2,6391.1,6433.7,1652.6,1652.6,2281.2,2281.2,1077.6,1115.4,1671.5,1731.7,11194.3,10756.3,15871.1,15283.2,43025.3,3712000.2,11194.3,10756.3,58.4,1.71129,9.25047,,15871.1,15283.2,73639.7,3828422.2,,,,,4.7,6.1,7517.8,7112.2,10304.1,9789.4,24338.8,2099828.8,6550.0,6084.7,,0.71855,7.97799,,8857.5,8286.8,41739.2,2169962.2,3930.0,339062.3,982.5,982.5,,18.23437,-4.44825,,1439.4,1439.4,7253.1,377076.5,4343.5,4339.3,5718.8,5749.9,15060.7,1299355.1,3778.0,3765.2,,7.50593,14.989,,4968.7,4986.4,22650.0,1177541.9,469.0,469.0,632.7,632.7,565.3,603.2,750.4,807.2,134.1,134.1,174.4,174.4,8895.3,767439.9,2209.0,2223.8,,-5.70319,12.01641,,3247.7,3285.9,15053.7,782620.0,10540.7,909397.4,2635.2,2635.2,,-2.85568,17.85253,,3650.2,3650.2,17658.9,918058.2,11.59087,1341.2,-159.0,-133.7,375.1,302.1,4602.5
2007-Q1,-94.1,-277.6,-151.2,-155.4,10657.7,10657.7,15147.2,15147.2,1982.1,1942.1,3273.5,3165.2,2742.5,2640.8,3636.5,3475.4,2111.5,2033.8,2704.1,2587.5,988.7,988.7,1434.4,1380.8,1965.8,1871.8,2622.0,2482.5,4962.6,4752.9,6985.9,6651.8,1742.0,1742.0,2420.4,2420.4,1254.8,1139.1,1943.5,1749.0,11780.6,11156.9,16751.5,15710.2,44627.7,3838561.8,11780.6,11156.9,59.0,2.7934,9.55723,,16751.5,15710.2,75696.8,3935365.2,,,,,-20.1,19.5,7452.2,7351.8,10185.9,9991.0,25199.5,2167486.5,6237.1,6299.9,,2.39086,8.4156,,8412.3,8484.9,42737.2,2221843.0,4859.4,417973.0,1214.9,1214.9,,23.47831,1.51894,,1777.4,1777.4,8956.0,465607.8,4871.8,4582.4,6415.6,5998.6,15889.2,1366679.1,4266.5,3972.3,,4.57997,16.09403,,5596.7,5214.8,23687.4,1231472.9,517.1,517.1,691.3,691.3,604.1,647.3,818.0,880.1,130.2,130.2,188.8,188.8,9579.2,823938.6,2578.3,2394.8,,7.95571,12.05949,,3795.1,3547.4,16251.3,844883.0,10689.6,919448.3,2672.4,2672.4,,1.43995,13.97651,,3702.7,3702.7,17913.1,931277.7,11.62615,-210.1,-360.8,-569.6,181.6,-302.8,1978.1
2007-Q2,-408.0,-305.1,-472.8,-259.5,10343.4,10343.4,14214.5,14214.5,1919.3,2008.6,3016.2,3202.7,2667.2,2685.2,3443.5,3506.1,2033.2,2049.0,2559.8,2608.9,1020.8,1020.8,1398.8,1410.8,1879.2,1932.0,2447.6,2521.3,4802.0,4929.5,6543.3,6742.8,1818.7,1818.7,2428.7,2428.7,1104.1,1178.8,1667.0,1792.9,11068.2,11540.8,15253.0,16106.1,46163.1,3957529.1,11068.2,11540.8,59.5,2.52015,10.72776,,15253.0,16106.1,77604.4,4034542.3,,,,,-54.1,57.7,7403.7,7621.7,10061.6,10291.3,26105.7,2238025.1,6318.6,6526.4,,2.09475,8.85678,,8473.7,8662.7,43632.4,2268385.0,4367.9,374458.7,1092.0,1092.0,,-10.74486,-0.3741,,1586.4,1586.4,7993.7,415578.8,4694.2,4857.2,5974.9,6247.8,16657.5,1428031.5,4035.6,4164.4,,2.96104,18.69989,,5121.3,5369.2,24388.8,1267937.4,591.0,591.0,779.4,779.4,660.1,711.7,858.1,933.4,120.7,120.7,154.0,154.0,9542.8,818092.7,2282.7,2385.7,,-5.35912,2.65996,,3250.6,3357.2,15380.4,799604.7,10763.0,922701.1,2690.7,2690.7,,-2.3226,1.88589,,3616.7,3616.7,17497.1,909647.9,11.66463,252.2,-561.0,-527.9,-341.6,-32.0,3706.3
2007-Q3,-451.6,-389.2,-516.4,-320.8,10337.0,10337.0,14104.2,14104.2,1587.0,2074.5,2439.9,3243.5,2720.9,2776.0,3492.5,3579.6,2090.6,2118.3,2618.8,2664.1,1048.0,1048.0,1420.8,1455.8,1924.7,1983.3,2494.8,2573.2,5023.4,5077.1,6798.2,6875.7,1868.2,1868.2,2477.1,2477.1,1230.5,1225.6,1826.2,1825.4,11307.2,11955.5,15473.4,16395.1,47821.8,4050832.6,11307.2,11955.5,60.5,1.79448,9.11082,,15473.4,16395.1,78997.0,4106941.2,,,,,-64.0,50.8,7486.6,7895.3,9939.8,10542.2,27095.3,2295157.2,6535.3,6773.8,,2.69114,8.12025,,8564.9,8895.8,44806.6,2329430.3,3866.6,327525.8,966.6,966.6,,-13.81257,12.30823,,1367.3,1367.3,6889.5,358176.7,4977.8,5082.4,6304.1,6446.4,17479.8,1480652.7,4285.6,4369.9,,3.16809,19.42609,,5412.5,5539.3,25161.4,1308106.8,607.7,607.7,797.3,797.3,693.7,745.6,895.8,971.4,137.9,137.9,174.1,174.1,9855.6,834836.3,2401.5,2463.9,,3.70289,-0.08924,,3390.4,3481.6,15949.9,829213.2,11412.4,966706.6,2853.1,2853.1,,5.13372,1.19581,,3802.4,3802.4,18395.3,956346.6,11.80544,937.0,-636.4,-373.5,-256.5,116.3,4584.9
2007-Q4,-468.6,-454.0,-525.2,-357.7,11881.0,11881.0,15995.5,15995.5,2753.3,2176.3,4218.3,3341.8,2871.2,2923.5,3651.3,3685.7,2189.2,2241.2,2720.0,2757.2,1107.1,1107.1,1491.9,1494.1,2088.8,2090.8,2690.2,2682.1,5213.6,5268.3,7008.6,7085.5,1928.2,1928.2,2556.0,2556.0,1196.6,1249.3,1762.4,1847.4,12985.9,12534.7,17545.1,16948.7,50138.9,4220451.8,12985.9,12534.7,61.4,3.37688,10.89759,,17545.1,16948.7,81664.7,4245627.9,,,,,-10.3,26.1,8567.6,8159.4,11263.7,10696.0,27994.7,2356461.6,7517.2,6998.7,,2.77369,10.32641,,9754.7,9142.6,46049.4,2394041.4,4280.9,360346.9,1070.2,1070.2,,9.61975,4.12539,,1498.8,1498.8,7552.3,392632.4,5287.9,5339.5,6667.8,6718.1,18420.8,1550569.7,4546.3,4605.2,,3.80193,15.3114,,5720.2,5749.9,26118.1,1357840.1,636.3,636.3,828.1,828.1,743.4,796.5,952.4,1029.1,160.1,160.1,200.9,200.9,10626.6,894493.6,2642.1,2656.6,,7.07932,13.45427,,3684.7,3728.0,17079.1,887915.8,12442.7,1047367.0,3110.7,3110.7,,7.45201,11.9334,,4085.8,4085.8,19766.2,1027613.7,11.87999,1258.6,-315.7,-321.7,144.3,87.1,4632.0
2008-Q1,-627.2,-807.1,-687.0,-822.9,12340.4,12340.4,16445.6,16445.6,2202.9,2203.0,3381.7,3268.0,3173.2,3047.7,3921.7,3737.7,2422.1,2326.6,2930.1,2798.5,1172.9,1172.9,1544.3,1495.1,2283.7,2170.3,2908.5,2764.6,5811.0,5575.1,7724.0,7370.1,2050.9,2050.9,2677.9,2677.9,1476.4,1353.9,2137.7,1927.6,13639.3,12969.7,18229.9,17051.4,51878.7,4277742.3,13639.3,12969.7,63.1,0.6059,8.53763,,18229.9,17051.4,82159.5,4271352.2,,,,,21.3,9.8,8729.2,8510.7,11390.2,11125.8,28944.9,2386701.8,7164.1,7236.2,,2.16835,10.08666,,9248.4,9340.8,47047.9,2445952.7,6226.6,513427.5,1556.7,1556.7,,43.50898,21.01662,,2150.9,2150.9,10838.2,563462.8,5801.7,5482.6,7243.6,6778.0,18988.1,1565698.1,5018.9,4747.0,,1.5967,12.022,,6246.2,5841.7,26535.1,1379520.6,704.0,704.0,892.1,892.1,783.6,845.3,1000.7,1085.4,141.2,141.2,193.3,193.3,11088.4,914313.0,2952.0,2772.1,,2.64443,7.87247,,4067.8,3826.6,17530.7,911396.1,14317.0,1180530.3,3579.2,3579.2,,13.79918,25.57112,,4649.6,4649.6,22493.7,1169415.9,12.12758,947.6,-177.2,-467.2,274.0,-351.1,2701.3
2008-Q2,-546.3,-420.1,-757.1,-547.0,12416.1,12416.1,15607.7,15607.7,2206.2,2306.4,3103.9,3286.4,3193.0,3191.5,3794.1,3843.3,2463.6,2467.2,2869.4,2905.3,1239.7,1239.7,1528.3,1527.5,2297.2,2275.1,2779.1,2834.2,5846.0,5926.1,7298.7,7510.1,2237.9,2237.9,2704.8,2704.8,1310.9,1413.1,1814.8,1971.1,13102.0,13491.9,16486.0,17229.4,53967.8,4341926.2,13102.0,13491.9,65.0,1.04386,6.97469,,16486.0,17229.4,83017.1,4315939.3,,,,,22.2,38.2,8424.6,8801.3,10889.4,11182.3,30127.8,2423899.2,7288.7,7531.9,,1.59666,9.54958,,9325.7,9489.9,47799.1,2485006.2,4597.6,369893.3,1149.4,1149.4,,-27.60564,-1.84407,,1557.1,1557.1,7846.3,407915.3,5459.2,5581.7,6481.8,6728.6,19809.7,1593771.9,4916.5,4952.4,,4.02591,13.18058,,5833.7,6076.9,27603.4,1435058.9,339.8,339.8,407.2,407.2,536.4,554.4,636.8,660.6,214.6,214.6,253.5,253.5,13958.2,1122992.8,3363.4,3489.5,,12.39861,28.11287,,4184.2,4301.1,19704.3,1024396.6,15638.7,1258197.2,3909.7,3909.7,,4.26901,34.0451,,4848.1,4848.1,23454.0,1219338.4,12.42946,1113.3,-46.2,-61.4,26.2,245.3,3518.1
2008-Q3,-990.1,-936.8,-1173.9,-1110.3,12448.0,12448.0,15306.0,15306.0,1821.5,2362.3,2467.0,3262.2,3222.7,3278.5,3762.4,3838.4,2489.5,2514.5,2851.3,2882.8,1265.1,1265.1,1514.8,1538.0,2345.0,2363.2,2778.0,2844.6,6174.4,6171.7,7532.2,7620.5,2332.9,2332.9,2748.3,2748.3,1496.6,1475.7,2005.9,2027.5,13423.4,13960.7,16515.6,17379.4,55843.0,4395883.9,13423.4,13960.7,66.7,0.87024,6.00342,,16515.6,17379.4,83739.6,4353498.3,,,,,96.8,-21.2,8556.8,9103.9,10631.8,11299.1,31104.2,2448481.0,7509.2,7776.1,,0.67943,7.40351,,9230.4,9554.4,48123.9,2501890.0,4269.7,336101.5,1067.4,1067.4,,-10.66287,1.74302,,1391.1,1391.1,7009.6,364419.8,5669.4,5645.7,6619.7,6690.7,20412.7,1606859.3,5130.7,5103.2,,-0.37639,9.29211,,5986.0,6054.0,27499.5,1429657.4,343.3,343.3,404.6,404.6,531.3,550.3,620.4,645.2,206.9,206.9,240.6,240.6,14625.5,1151295.5,3603.0,3656.4,,3.65801,28.05743,,4379.3,4458.4,20425.1,1061869.1,18372.5,1446257.0,4593.1,4593.1,,14.86509,46.45256,,5568.7,5568.7,26940.4,1400594.1,12.70347,3803.5,362.9,607.5,692.9,1085.6,7622.0
2008-Q4,-882.5,-892.3,-1056.1,-1039.9,13688.2,13688.2,16918.2,16918.2,2973.0,2397.6,4062.0,3251.8,3178.8,3250.1,3766.8,3819.6,2417.0,2485.1,2799.7,2850.1,1234.4,1234.4,1501.0,1529.6,2351.4,2402.7,2836.2,2842.4,6347.2,6384.1,7875.7,7838.2,2368.7,2368.7,2858.5,2858.5,1627.0,1612.7,2181.0,2137.4,14397.2,14284.3,17814.3,17400.7,57137.2,4376333.1,14397.2,14284.3,68.1,0.12257,2.66643,,17814.3,17400.7,83842.2,4358834.5,,,,,-50.2,43.6,10384.5,9454.1,12621.7,11716.7,32150.7,2462533.3,8614.2,8037.7,,2.06515,6.66306,,10373.0,9751.7,49117.7,2553557.9,7062.5,540937.2,1765.6,1765.6,,62.10013,50.45241,,2255.0,2255.0,11362.6,590725.0,5501.4,5620.8,6446.0,6501.0,20640.6,1580937.5,4989.7,5160.2,,-3.0795,2.04671,,5840.2,5867.6,26652.6,1385631.2,333.3,333.3,397.3,397.3,504.1,523.3,592.3,617.9,190.0,190.0,220.7,220.7,13102.6,1003572.5,3285.4,3275.6,,-9.03647,8.78437,,4032.4,4055.5,18579.4,965913.6,16671.7,1276945.0,4167.9,4167.9,,-8.49881,24.71226,,5095.4,5095.4,24650.8,1281560.3,13.05595,852.5,-423.1,-120.2,12.0,169.1,2780.7
2009-Q1,-373.9,-543.7,-546.8,-632.0,13419.5,13419.5,17014.0,17014.0,2541.1,2475.4,3435.3,3267.7,3147.8,3022.2,3779.1,3601.1,2385.6,2288.7,2777.0,2659.2,1304.4,1304.4,1624.2,1573.2,2326.0,2278.6,2937.4,2809.5,6467.4,6353.0,8301.4,8039.2,2432.8,2432.8,3046.8,3046.8,1708.6,1641.6,2317.1,2182.8,14395.6,13581.2,18272.9,17079.4,54324.7,4273917.9,14395.6,13581.2,66.0,-1.84614,0.16417,,18272.9,17079.4,82294.4,4278364.4,,,,,17.0,-25.0,9724.2,9730.9,11791.7,11736.6,32598.6,2564651.0,8083.2,8149.7,,0.95398,5.39527,,9711.6,9844.8,49586.3,2577918.4,6550.1,515321.3,1637.5,1637.5,,-7.52528,-3.05106,,2085.3,2085.3,10507.5,546271.2,5262.3,5044.1,6211.7,5839.0,18502.6,1455663.8,4804.5,4625.6,,-9.83089,-9.43149,,5629.3,5290.7,24032.4,1249411.3,329.0,329.0,394.0,394.0,449.4,472.0,569.1,596.1,143.0,143.0,202.1,202.1,11930.0,938576.3,3152.3,2982.5,,-9.27058,-3.84337,,3898.7,3679.5,16856.9,876367.8,14104.7,1109664.4,3526.2,3526.2,,-15.38526,-7.2709,,4311.5,4311.5,20858.2,1084388.9,12.71075,-1152.0,-84.8,-617.0,865.4,96.6,2169.4
2009-Q2,-599.1,-493.9,-737.8,-562.8,13461.9,13461.9,16530.5,16530.5,2374.9,2544.1,3122.6,3257.5,3321.2,3318.9,3904.0,3969.6,2507.6,2511.6,2927.4,2982.0,1301.4,1301.4,1591.2,1597.6,2400.7,2417.0,2919.2,2978.3,6527.7,6719.9,7996.1,8259.6,2519.0,2519.0,3028.6,3028.6,1608.0,1783.9,2048.3,2252.8,14076.5,14620.1,17309.3,18070.7,58480.6,4475378.6,14076.5,14620.1,67.2,5.80366,4.88252,,17309.3,18070.7,87070.4,4526666.0,,,,,-47.5,55.4,9559.4,10089.3,11731.9,12059.1,33570.2,2569049.9,8114.3,8392.6,,2.58578,6.42137,,9937.7,10099.3,50868.5,2644577.6,5805.7,444296.4,1451.4,1451.4,,-14.1284,14.99737,,1790.7,1790.7,9023.0,469091.8,5756.2,5938.2,6597.6,6850.9,20401.1,1561251.2,4980.4,5100.3,,12.05422,-2.44177,,5672.0,5928.5,26929.4,1400018.1,514.9,514.9,626.0,626.0,776.6,806.5,929.6,970.3,291.6,291.6,344.4,344.4,12378.5,947294.3,2989.5,3094.6,,5.02591,-10.15069,,3756.0,3864.5,17704.2,920413.2,14354.1,1098482.3,3588.5,3588.5,,2.6858,-8.6789,,4427.3,4427.3,21418.4,1113513.3,13.06718,679.1,-385.5,-345.1,-45.6,189.0,3963.9
2009-Q3,-740.1,-675.0,-862.9,-753.4,13950.4,13950.4,16723.6,16723.6,2029.9,2663.4,2516.7,3284.7,3494.8,3569.0,4056.8,4140.4,2669.6,2703.0,3084.7,3121.6,1342.4,1342.4,1597.3,1635.4,2527.2,2559.9,3019.8,3092.2,7094.1,7061.4,8470.5,8486.6,2609.3,2609.3,3061.5,3061.5,1957.6,1892.2,2389.3,2332.9,14715.1,15533.5,17664.9,18532.2,62133.9,4562209.6,14715.1,15533.5,69.6,2.55388,6.63314,,17664.9,18532.2,89294.1,4642271.8,,,,,-76.0,66.2,9987.5,10520.7,11814.0,12374.3,35207.7,2585139.0,8495.3,8801.9,,2.65188,8.50631,,10065.1,10367.1,52217.4,2714708.6,5999.3,440502.9,1499.8,1499.8,,-2.63662,25.32899,,1743.4,1743.4,8785.1,456723.7,6318.5,6286.8,7183.7,7255.9,21876.4,1606281.2,5471.7,5469.1,,5.60652,3.41711,,6185.1,6260.9,28439.2,1478510.4,548.2,548.2,659.6,659.6,847.5,877.8,1002.4,1043.5,329.6,329.6,383.9,383.9,12733.7,934980.6,3118.4,3183.4,,0.88303,-12.55601,,3823.5,3898.6,17860.5,928540.7,15433.8,1133236.0,3858.5,3858.5,,5.07456,-16.46265,,4652.0,4652.0,22505.3,1170019.2,13.61925,1750.6,-559.8,-110.5,-160.0,254.4,4497.3
2009-Q4,-1132.7,-1133.7,-1158.0,-1176.0,15824.6,15824.6,18216.4,18216.4,3432.8,2784.5,4007.7,3262.4,3658.0,3754.2,4170.3,4233.6,2765.0,2856.2,3152.0,3212.8,1405.6,1405.6,1633.7,1661.1,2685.3,2725.5,3145.2,3172.9,7371.1,7419.9,8609.0,8646.8,2707.0,2707.0,3116.6,3116.6,1978.9,1987.4,2347.2,2357.4,16708.1,16374.9,19277.1,18926.3,65499.5,4660474.4,16708.1,16374.9,71.8,2.12673,8.76762,,19277.1,18926.3,91193.2,4741000.3,,,,,-36.6,52.5,11973.2,10974.0,13516.1,12629.3,37040.4,2635525.4,9868.0,9260.1,,1.3763,7.77399,,11109.5,10509.8,52936.1,2752071.3,8384.4,596571.5,2096.1,2096.1,,38.42284,7.02271,,2413.3,2413.3,12160.6,632209.9,6448.5,6557.5,7217.8,7312.4,22962.2,1633824.0,5606.8,5740.5,,0.56276,7.30351,,6247.4,6296.1,28599.2,1486830.9,567.8,567.8,674.0,674.0,841.5,875.6,972.3,1018.5,307.8,307.8,344.5,344.5,13283.7,945173.6,3321.9,3320.9,,0.66223,-3.23256,,3894.6,3924.4,17978.8,934689.8,17818.5,1267839.6,4454.6,4454.6,,9.63918,0.0967,,5100.4,5100.4,24674.7,1282799.5,14.05426,1647.4,-297.8,-155.9,38.6,209.0,4193.2
2010-Q1,-955.6,-1124.8,-999.2,-1186.4,16626.9,16626.9,18948.2,18948.2,3123.6,2969.1,3526.8,3369.2,4042.9,3874.8,4505.7,4293.4,3051.2,2922.7,3409.5,3257.1,1546.8,1546.8,1756.4,1684.4,2920.5,2831.4,3423.9,3264.7,7945.1,7736.9,9187.9,8870.4,2862.6,2862.6,3254.0,3254.0,2162.0,2042.9,2509.9,2351.6,18148.2,17119.4,20696.3,19418.4,68477.6,4801876.7,18148.2,17119.4,73.2,2.60018,13.69473,,20696.3,19418.4,93564.3,4864274.8,,,,,153.6,-46.4,11463.7,11399.8,12726.5,12725.8,37931.6,2659891.7,9459.9,9482.9,,0.08206,6.84317,,10382.5,10518.4,52979.5,2754329.6,7982.8,559782.8,1995.7,1995.7,,-2.51316,12.82334,,2352.7,2352.7,11854.9,616321.4,7212.8,6953.5,8020.5,7600.3,24353.3,1707737.8,6339.3,6088.3,,4.65334,24.54011,,6970.1,6589.1,29930.0,1556018.2,626.5,626.5,729.1,729.1,870.9,912.8,1050.9,1101.0,286.3,286.3,371.9,371.9,14010.4,982458.0,3671.8,3502.6,,2.79701,9.63812,,4247.6,4034.2,18481.6,960833.2,18509.8,1297965.9,4627.4,4627.4,,2.35774,21.08614,,5220.6,5220.6,25256.4,1313044.6,14.26059,2709.1,682.3,50.8,1235.0,415.6,5574.6
2010-Q2,-1161.8,-1037.8,-1336.8,-1289.7,16203.6,16203.6,18032.7,18032.7,2873.7,3132.1,3269.5,3468.9,3956.4,3951.4,4284.3,4347.5,2965.8,2969.6,3233.0,3301.2,1505.3,1505.3,1688.8,1692.2,2963.8,3011.9,3324.4,3403.4,7911.0,8165.0,8780.7,9091.0,3062.1,3062.1,3319.5,3319.5,1885.1,2091.0,2136.8,2368.1,17137.4,17851.5,19091.1,19885.0,71405.9,4941635.3,17137.4,17851.5,74.5,2.40256,10.03998,,19091.1,19885.0,95812.3,4981142.2,,,,,31.5,15.7,11476.8,11839.0,12714.2,13085.5,40146.6,2778339.8,9731.8,10036.7,,4.19731,8.52158,,10759.6,10959.9,55203.3,2869937.4,7008.0,484987.4,1752.0,1752.0,,-17.06739,8.96192,,1951.1,1951.1,9831.6,511131.5,7087.1,7377.9,7678.8,7976.8,24761.9,1713641.5,5907.8,6190.5,,0.71096,11.9329,,6356.7,6635.9,30142.8,1567080.8,799.3,799.3,918.8,918.8,1188.3,1236.1,1341.1,1402.8,436.7,436.7,484.0,484.0,15438.6,1068423.8,3735.7,3859.6,,4.27455,8.85376,,4072.2,4206.6,19271.6,1001904.4,19589.9,1355716.8,4897.5,4897.5,,5.28023,24.14548,,5496.3,5496.3,26590.0,1382376.4,14.44986,3640.8,108.3,110.9,529.0,708.8,7953.0
2010-Q3,-1043.7,-938.6,-1209.8,-1152.5,16415.2,16415.2,18101.5,18101.5,2449.9,3280.7,2702.9,3577.1,4034.5,4139.0,4342.9,4443.4,3050.7,3094.3,3312.1,3354.8,1499.4,1499.4,1656.0,1700.0,3023.6,3103.9,3377.7,3469.8,8417.2,8422.5,9237.8,9234.8,3143.2,3143.2,3367.4,3367.4,2250.4,2175.4,2492.7,2397.6,17558.0,18695.3,19374.7,20472.7,74781.2,5094358.2,17558.0,18695.3,75.8,2.95598,10.47142,,19374.7,20472.7,98644.5,5128383.8,,,,,-54.8,55.1,11844.3,12337.5,12804.8,13336.4,41889.4,2853656.0,10096.0,10472.4,,2.93857,8.82466,,10909.9,11282.0,56825.4,2954272.4,7034.2,479196.4,1758.6,1758.6,,-3.18508,8.34812,,1889.0,1889.0,9518.5,494851.5,7566.5,7622.6,8192.0,8282.6,25737.2,1753311.8,6352.5,6434.3,,4.3065,10.55499,,6834.8,6921.7,31440.9,1634567.1,822.2,822.2,941.2,941.2,1222.0,1271.1,1374.4,1437.6,449.0,449.0,496.4,496.4,15988.0,1089160.8,3891.9,3997.0,,3.08698,11.23185,,4242.4,4336.5,19866.5,1032833.0,19742.5,1344928.1,4935.6,4935.6,,-0.13356,17.99209,,5488.9,5488.9,26554.5,1380530.1,14.67922,3874.7,-427.5,146.5,46.2,591.3,7547.6
2010-Q4,-694.0,-696.4,-789.0,-608.0,18684.7,18684.7,19801.1,19801.1,4302.8,3399.9,4513.1,3585.8,4272.0,4394.5,4530.6,4610.9,3206.5,3324.6,3438.4,3518.3,1604.9,1604.9,1737.4,1756.4,3180.3,3218.0,3483.4,3526.4,8577.7,8713.2,9245.2,9409.8,3267.9,3267.9,3454.8,3454.8,2129.5,2227.3,2306.9,2428.6,20094.7,19596.5,21337.9,20947.9,78385.9,5223076.2,20094.7,19596.5,77.7,2.32107,10.68164,,21337.9,20947.9,100934.1,5247417.0,,,,,-41.1,100.5,13540.4,12843.1,14318.0,13641.1,42415.4,2826261.0,11199.5,10603.9,,0.15969,7.51865,,11844.4,11300.0,56916.2,2958990.0,9331.2,621763.7,2332.8,2332.8,,31.19344,2.68943,,2478.2,2478.2,12487.6,649212.7,7991.8,8012.9,8530.3,8618.1,27025.6,1800789.8,6759.5,6756.4,,4.27696,14.63825,,7179.9,7217.8,32785.6,1704476.9,864.2,864.2,977.1,977.1,1239.0,1294.0,1364.6,1435.3,429.8,429.8,458.2,458.2,18103.4,1206283.7,4528.3,4525.9,,14.75205,26.80111,,4936.2,4976.2,22797.3,1185197.0,20889.1,1391899.9,5222.3,5222.3,,1.73557,9.48633,,5584.2,5584.2,27015.4,1404490.2,15.00762,2399.4,-367.4,-264.4,-493.8,-417.2,2962.8
2011-Q1,-422.3,-649.0,-560.0,-572.5,19731.0,19731.0,20759.0,20759.0,3723.9,3537.6,3820.8,3674.5,4702.0,4480.1,4852.4,4608.2,3562.7,3397.2,3704.0,3513.2,1781.4,1781.4,1872.6,1806.2,3484.8,3318.7,3848.5,3634.5,9530.7,9135.9,10167.3,9695.4,3445.4,3445.4,3566.5,3566.5,2600.5,2371.8,2752.4,2494.5,21692.7,20339.6,22833.4,21331.4,81358.2,5320430.6,21692.7,20339.6,79.2,1.83064,9.85149,,22833.4,21331.4,102781.8,5343478.4,,,,,115.6,12.2,13529.1,13370.8,14039.3,13813.3,44607.1,2917084.0,11237.4,11151.8,,2.26472,9.8635,,11584.0,11555.9,58205.2,3026002.9,9145.7,598083.2,2286.4,2286.4,,-0.70288,4.59632,,2460.8,2460.8,12399.8,644649.5,8477.6,8109.6,8893.4,8417.0,27378.3,1790406.5,7205.9,6844.6,,-2.2383,7.08909,,7460.3,7056.2,32051.8,1666325.6,960.2,960.2,1052.6,1052.6,1277.6,1346.1,1449.4,1527.3,385.9,385.9,474.7,474.7,19477.0,1273699.8,5095.9,4869.2,,6.23331,31.03982,,5554.9,5286.4,24218.3,1259074.0,22072.8,1443455.5,5518.2,5518.2,,4.91967,12.22669,,5858.9,5858.9,28344.4,1473586.4,15.29167,2823.0,425.1,-254.4,579.8,-221.6,4251.2
2011-Q2,-1331.6,-1193.6,-1369.4,-1210.0,19164.7,19164.7,19691.3,19691.3,3232.2,3602.2,3361.1,3700.1,4601.9,4572.8,4702.0,4734.6,3508.6,3501.5,3560.2,3618.8,1822.2,1822.2,1867.8,1888.0,3300.7,3343.5,3386.6,3460.1,9508.4,9723.4,9760.5,10028.4,3951.0,3951.0,4044.9,4044.9,2256.7,2428.9,2329.0,2523.4,20435.0,20935.8,21028.6,21589.9,83743.3,5419437.6,20435.0,20935.8,80.5,1.21165,8.57394,77.7,21028.6,21589.9,104027.2,5408222.4,1270.3,1519.7,1337.3,1550.3,-43.8,-103.6,13919.3,13993.0,14407.7,14865.4,49267.3,3188325.1,11964.0,12316.8,77.4,9.36962,15.31708,81.0,12366.0,12638.7,63658.8,3309527.9,7821.1,506143.2,1955.3,1955.3,76.0,-17.03349,4.63908,73.2,2041.7,2041.7,10287.7,534843.2,7891.1,8222.6,8094.0,8371.1,28403.6,1838132.2,6821.0,7100.9,86.6,2.3549,8.83714,84.5,6969.5,7222.4,32806.6,1705565.9,517.5,517.5,525.2,525.2,1070.1,1070.1,1124.4,1124.4,552.6,552.6,599.3,599.3,20275.2,1312104.0,4930.7,5068.8,84.7,-1.10373,24.28105,87.6,5068.7,5228.0,23951.0,1245177.3,25049.4,1621067.1,6262.3,6262.3,80.4,9.88447,17.13471,101.5,6438.1,6438.1,31146.1,1619242.7,15.4524,3025.6,508.8,238.9,495.6,372.0,4469.3
2011-Q3,-1329.6,-1201.0,-1334.4,-1246.8,19003.0,19003.0,19132.1,19132.1,2702.3,3693.2,2690.7,3701.1,4320.3,4436.0,4365.4,4471.1,3299.4,3341.6,3331.0,3363.7,1891.0,1891.0,1907.0,1955.8,3376.3,3465.7,3405.0,3497.3,10089.5,10066.2,10168.9,10150.2,4076.6,4076.6,4106.3,4106.3,2636.6,2523.9,2657.7,2546.6,20294.7,21445.4,20428.7,21589.0,85781.8,5469067.0,20294.7,21445.4,82.5,-0.00385,5.4526,77.7,20428.7,21589.0,104023.2,5408014.2,1291.7,1546.2,1296.6,1551.3,-495.3,-504.4,13753.1,14418.2,13844.4,14319.2,46626.6,2972706.5,11194.6,11656.6,78.5,-6.73464,4.48065,75.5,11272.9,11787.5,59371.6,3086643.1,10234.1,652483.6,2558.5,2558.5,79.0,25.95034,36.1291,92.2,2571.5,2571.5,12957.4,673636.9,8366.5,8527.5,8423.1,8553.3,29462.9,1878425.1,7226.6,7365.7,87.7,2.40253,6.85048,86.6,7277.5,7395.9,33594.8,1746542.7,486.7,486.7,491.4,491.4,1139.9,1139.9,1145.7,1145.7,653.2,653.2,654.3,654.3,20672.0,1317954.3,5039.4,5168.0,87.5,-1.31127,18.97854,86.5,5071.9,5159.5,23636.9,1228849.6,25475.9,1624228.4,6369.0,6369.0,82.2,-0.49281,16.71335,101.0,6406.3,6406.3,30992.6,1611262.9,15.6849,4262.0,157.8,578.8,149.9,589.7,5455.1
2011-Q4,-1618.3,-1628.3,-1604.2,-1574.0,20911.7,20911.7,20739.0,20739.0,5055.5,3841.0,5009.7,3833.2,4485.0,4644.4,4451.5,4583.7,3347.3,3496.6,3336.7,3456.6,1970.8,1970.8,1957.2,1967.6,3515.8,3582.4,3489.6,3542.9,9400.4,9623.1,9320.6,9530.4,3430.6,3430.6,3403.4,3403.4,2454.0,2610.1,2427.6,2584.1,22448.5,22103.3,22251.4,21940.7,88413.4,5606702.6,22448.5,22103.3,83.6,1.62889,4.73925,78.9,22251.4,21940.7,105717.6,5496105.1,1536.9,1584.6,1512.4,1579.1,335.5,383.4,15047.9,14909.7,14853.1,14530.9,48739.6,3090801.5,12813.9,12184.9,80.0,2.61972,7.04682,77.5,12649.4,12096.3,60927.0,3167504.6,8936.3,566692.9,2234.1,2234.1,80.5,-14.29985,-11.07571,79.0,2203.8,2203.8,11104.5,577307.8,8683.4,8760.4,8619.0,8737.2,30486.8,1933308.4,7569.4,7621.7,88.4,2.63332,5.16627,88.8,7521.6,7590.6,34479.4,1792534.8,493.7,493.7,492.2,492.2,1114.0,1114.0,1097.4,1097.4,620.2,620.2,605.2,605.2,22279.7,1412861.2,5579.9,5569.9,87.4,7.86279,11.83554,93.3,5535.0,5565.2,25495.4,1325471.5,28792.9,1825889.0,7198.2,7198.2,83.4,11.43977,27.84623,112.5,7139.2,7139.2,34538.1,1795587.7,15.76923,6763.9,955.7,1197.2,988.6,1131.8,8249.4
2012-Q1,-1436.8,-1693.4,-1408.2,-1685.3,21990.1,21990.1,21507.1,21507.1,4029.5,3883.1,3958.0,3785.0,5169.7,4923.7,5058.1,4787.5,3944.7,3760.2,3871.8,3660.7,2089.4,2089.4,2041.3,1962.0,3938.4,3739.6,3850.1,3630.9,10701.5,10287.0,10449.7,9990.8,3850.5,3850.5,3754.2,3754.2,2912.6,2696.9,2845.5,2605.7,24185.1,22878.7,23654.6,22243.7,91514.7,5782457.3,24185.1,22878.7,85.4,1.38078,4.27654,80.0,23654.6,22243.7,107177.3,5571994.3,2195.0,1643.3,2147.5,1613.1,-92.6,-71.6,16067.9,15467.3,15683.0,15072.8,51784.5,3272060.7,13132.1,12946.1,81.7,4.01491,8.87884,80.6,12816.1,12582.0,63373.1,3294677.0,11743.4,742021.3,2935.9,2935.9,81.3,30.09095,16.50132,102.8,2866.9,2866.9,14446.0,751025.2,9646.5,9076.9,9451.4,8925.8,31556.1,1993905.1,8360.3,7889.0,89.4,2.34225,10.09376,90.9,8208.7,7768.4,35287.0,1834520.5,581.9,581.9,571.1,571.1,1286.2,1286.2,1242.7,1242.7,704.3,704.3,671.6,671.6,22530.4,1423606.6,5889.3,5632.6,89.6,-1.41148,3.7876,92.0,5763.8,5486.6,25135.6,1306762.7,29304.1,1851609.7,7326.0,7326.0,84.5,0.45846,22.41017,113.0,7171.9,7171.9,34696.5,1803819.7,15.82626,3204.4,611.8,219.2,600.0,140.6,3632.1
2012-Q2,-1602.1,-1483.3,-1449.4,-1298.5,21874.0,21874.0,20745.9,20745.9,3600.9,4002.3,3412.0,3777.8,5047.3,4994.6,4776.0,4763.2,3746.1,3731.3,3583.4,3610.6,2031.8,2031.8,1898.7,1937.6,3943.5,3956.0,3740.9,3807.8,11194.0,11344.6,10659.2,10862.7,4610.7,4610.7,4424.9,4424.9,2639.8,2777.9,2493.4,2630.1,23132.0,23757.8,22052.2,22501.2,95031.1,5898726.1,23132.0,23757.8,87.7,1.15795,4.22122,81.0,22052.2,22501.2,108418.4,5636515.2,1258.0,1724.5,1306.3,1612.1,289.9,141.6,15290.3,15857.5,14539.8,14966.3,53041.4,3292361.8,12882.9,13260.3,83.9,-0.20543,-0.65324,80.5,12251.6,12556.1,63242.9,3287908.8,9629.8,597736.0,2407.4,2407.4,83.5,-20.18412,12.07721,82.0,2288.2,2288.2,11530.2,599437.4,9153.9,9422.4,8820.3,9042.7,32488.2,2016590.6,7957.3,8122.0,91.3,0.78722,8.40755,91.6,7636.9,7829.6,35564.8,1848962.2,510.9,510.9,485.7,485.7,1196.6,1196.6,1183.4,1183.4,685.7,685.7,697.7,697.7,22701.3,1409108.0,5556.6,5675.3,90.4,-0.14381,4.79499,91.8,5327.8,5478.7,25099.4,1304883.4,28634.7,1777400.2,7158.7,7158.7,87.3,-5.50395,5.26762,106.8,6777.2,6777.2,32786.8,1704538.3,16.11044,5805.1,975.6,940.3,839.3,640.1,5767.8
2012-Q3,-1096.5,-965.9,-931.6,-861.4,22022.1,22022.1,20479.1,20479.1,3029.6,4106.3,2743.6,3795.7,5083.1,5187.5,4768.6,4859.7,3959.4,3978.1,3739.5,3744.2,2026.0,2026.0,1861.4,1929.2,4038.5,4097.1,3769.2,3862.5,11883.4,11774.1,11105.5,11052.7,4799.0,4799.0,4528.2,4528.2,3045.9,2877.9,2808.1,2662.0,23569.5,24507.1,21959.5,22904.9,98028.4,6041029.3,23569.5,24507.1,88.8,1.794,6.09503,82.4,21959.5,22904.9,110363.4,5737634.1,1547.5,1811.9,1480.4,1660.8,-985.9,-1045.0,16340.4,16450.7,15111.1,15387.5,55104.4,3395824.7,13231.8,13776.1,85.1,2.32955,9.00198,82.3,12249.6,12848.6,64716.2,3364502.1,12434.8,766297.3,3108.7,3108.7,86.2,25.05462,11.28015,102.6,2861.5,2861.5,14419.0,749624.2,9311.5,9506.0,8825.0,8975.1,33032.5,2035638.8,8096.9,8258.1,93.1,-0.25936,5.58956,91.4,7672.4,7809.3,35472.6,1844166.7,540.0,540.0,506.8,506.8,1214.6,1214.6,1152.7,1152.7,674.6,674.6,645.8,645.8,28296.2,1743761.9,6943.4,7074.0,93.7,20.33343,27.77893,110.5,6522.5,6592.7,30203.0,1570210.9,32159.9,1981861.6,8040.0,8040.0,89.2,9.98852,16.35571,117.5,7454.1,7454.1,36061.7,1874796.4,16.2271,1320.4,-311.3,-209.9,-399.2,-260.0,1614.3
2012-Q4,-2327.1,-2335.0,-2074.2,-2043.0,23568.6,23568.6,21775.3,21775.3,5576.0,4240.6,5060.5,3810.1,5026.7,5226.3,4686.4,4865.5,3777.7,3962.3,3557.8,3722.6,2119.6,2119.6,1940.7,1948.7,4125.5,4200.5,3831.8,3894.8,10846.4,11131.2,10087.7,10354.9,4004.9,4004.9,3779.8,3779.8,2715.9,2925.8,2476.0,2680.3,25483.8,25191.4,23447.7,23176.8,100765.7,6114592.9,25483.8,25191.4,90.2,1.18687,5.63357,83.4,23447.7,23176.8,111673.3,5805732.3,1915.1,1898.3,1672.4,1688.2,1263.3,1074.1,17178.9,16942.6,15670.2,15452.4,57491.5,3488659.0,15082.0,14372.9,86.7,2.4454,8.81681,84.3,13773.7,13162.8,66298.8,3446777.5,8387.5,508963.0,2096.9,2096.9,87.8,-33.72609,-13.94448,68.0,1896.4,1896.4,9556.1,496805.2,9368.7,9540.2,8777.6,8936.9,33253.5,2017864.0,8154.4,8313.4,93.8,-0.09338,2.78432,91.3,7693.4,7802.0,35439.4,1842444.6,515.3,515.3,482.2,482.2,1214.3,1214.3,1084.2,1084.2,699.1,699.1,602.0,602.0,22610.2,1372016.7,5660.4,5652.6,92.8,-19.34539,-4.45305,89.1,5286.2,5317.3,24360.1,1266447.6,31950.0,1938768.0,7987.5,7987.5,89.7,-1.25865,3.09713,116.0,7360.3,7360.3,35607.8,1851199.3,16.47954,10973.0,1962.3,2228.0,1676.0,1876.2,11626.7
2013-Q1,-1661.5,-1903.0,-1437.2,-1689.6,24562.2,24562.2,22462.5,22462.5,4544.5,4402.0,4026.8,3859.3,5583.3,5331.9,5180.2,4922.8,4245.2,4056.6,3988.0,3791.3,2316.2,2316.2,2099.8,1985.0,4532.4,4386.3,4169.4,3946.4,12118.2,11792.0,11155.8,10737.9,4351.7,4351.7,4067.4,4067.4,3234.1,3054.1,2919.0,2724.1,27254.8,25983.8,24670.8,23547.3,103935.4,6176001.4,27254.8,25983.8,91.6,1.59874,5.86067,84.7,24670.8,23547.3,113458.6,5898550.6,2692.6,1978.5,2208.3,1706.4,658.5,245.8,17959.2,17518.2,16212.4,15727.3,58942.1,3502431.6,14948.2,14735.5,88.5,0.45988,5.09767,84.7,13516.0,13223.4,66603.7,3462628.6,12044.1,715679.8,3011.0,3011.0,88.6,42.18265,-5.94579,96.6,2696.4,2696.4,13587.0,706370.8,10298.6,9664.1,9649.8,9117.9,34224.8,2033689.3,9041.1,8556.2,94.0,2.75675,3.2006,93.8,8455.3,8017.1,36416.4,1893236.1,579.0,579.0,540.5,540.5,1257.4,1257.4,1194.6,1194.6,678.4,678.4,654.0,654.0,23980.5,1424960.0,6236.7,5995.1,95.0,3.61465,0.41802,92.4,5761.9,5509.6,25240.7,1312225.2,31592.5,1877278.1,7898.1,7898.1,90.7,-2.18977,0.37934,113.5,7199.1,7199.1,34828.1,1810662.3,16.82891,6336.4,1336.9,1005.1,899.8,759.5,6439.0
2013-Q2,-1521.4,-1397.5,-1070.3,-909.9,24413.8,24413.8,22062.3,22062.3,4077.1,4521.7,3544.5,3952.8,5467.2,5396.1,5006.7,4928.6,4131.3,4103.0,3830.8,3812.8,2218.1,2218.1,1987.2,1977.6,4274.7,4415.5,3887.8,3954.9,12651.3,12890.4,11523.9,11669.4,5339.8,5339.8,4948.8,4948.8,3036.8,3135.1,2687.2,2765.6,25653.7,26696.5,23474.0,23877.9,106785.8,6222664.9,25653.7,26696.5,92.8,1.40382,6.11797,85.9,23474.0,23877.9,115051.4,5981355.5,1240.0,2085.9,1411.7,1760.6,78.6,63.8,17886.6,18137.2,15935.6,16069.5,60897.0,3548612.8,14801.7,15224.2,89.4,2.2872,7.72275,86.7,13213.8,13525.8,68127.0,3541825.7,12339.4,719046.1,3084.8,3084.8,90.0,0.9414,18.9483,97.6,2721.8,2721.8,13715.0,713020.6,9210.0,9478.9,8544.9,8672.1,34193.6,1992542.1,8479.4,8548.4,94.4,-0.53409,1.84765,93.3,7855.2,7974.3,36221.9,1883124.5,348.7,348.7,318.5,318.5,730.6,730.6,689.7,689.7,381.9,381.9,371.2,371.2,25144.6,1465238.2,6162.3,6286.2,96.9,2.79851,3.3769,94.9,5503.3,5663.7,25947.0,1348948.0,30734.6,1790977.8,7683.6,7683.6,96.6,-8.68865,-3.00363,103.6,6573.6,6573.6,31802.0,1653340.2,17.16079,4945.8,460.5,887.8,435.0,247.4,2842.5
2013-Q3,-802.8,-692.4,-394.7,-341.3,25118.5,25118.5,21939.0,21939.0,3508.4,4660.6,2893.7,3984.5,5526.1,5609.7,4933.2,5008.5,4243.9,4237.9,3875.9,3853.3,2244.1,2244.1,1944.6,1995.5,4569.5,4619.4,4018.9,4127.0,13840.0,13685.9,12167.5,12120.5,5856.7,5856.7,5242.5,5242.5,3413.9,3209.8,2906.1,2751.0,26862.0,27604.5,23570.8,24260.2,110417.8,6294778.6,26862.0,27604.5,94.5,1.60112,5.9169,87.3,23570.8,24260.2,116893.5,6077124.2,1743.5,2163.2,1631.8,1815.3,-128.5,-317.7,18469.3,18724.0,15786.9,16108.0,63002.6,3591695.0,15156.2,15750.6,91.7,0.8782,6.19491,87.4,12992.0,13644.6,68725.3,3572930.0,13252.4,755501.1,3313.1,3313.1,94.1,2.68356,-2.33041,100.2,2794.8,2794.8,14083.0,732154.9,9324.0,9471.0,8496.4,8633.6,34622.5,1973787.1,8558.6,8655.6,96.1,-0.51558,1.58602,92.8,7796.7,7933.1,36035.2,1873415.5,358.2,358.2,322.2,322.2,765.4,765.4,699.7,699.7,407.2,407.2,377.4,377.4,30337.9,1729527.5,7474.1,7584.5,101.8,14.83902,-1.34327,109.0,6450.8,6504.2,29797.3,1549118.8,33107.6,1887421.4,8276.9,8276.9,100.0,4.13609,-8.16476,107.9,6845.5,6845.5,33117.4,1721723.8,17.54118,2310.0,278.7,219.3,59.7,-93.3,1370.1
2013-Q4,-567.7,-567.6,-187.0,-138.9,27061.5,27061.5,23149.4,23149.4,6701.1,5152.6,5393.6,4081.0,5556.9,5803.2,4912.4,5142.1,4161.9,4383.2,3771.9,3980.9,2316.9,2316.9,1984.7,2010.2,4808.9,4819.1,4179.8,4256.0,12486.5,12658.3,10858.7,11105.0,4593.3,4593.3,4098.2,4098.2,3084.4,3245.9,2580.7,2750.7,29210.7,28627.1,24980.0,24794.2,114508.4,6419200.1,29210.7,28627.1,95.8,2.20112,6.97856,89.2,24980.0,24794.2,119466.5,6210888.8,2149.2,2210.9,1830.6,1881.0,418.2,-32.4,19897.3,19438.7,16686.0,16497.2,67140.6,3763818.5,17527.0,16785.1,94.1,3.83155,7.6318,90.8,14732.1,14167.4,71358.6,3709828.7,9481.0,531493.6,2370.3,2370.3,96.3,-30.08734,3.03212,70.0,1954.0,1954.0,9845.8,511869.0,9462.9,9629.9,8513.4,8702.9,35788.9,2006281.0,8756.2,8947.2,98.3,1.01015,2.7081,93.8,7875.8,8013.3,36399.2,1892339.8,351.3,351.3,313.6,313.6,706.7,706.7,637.6,637.6,355.4,355.4,324.0,324.0,29080.2,1630200.9,7270.0,7270.1,102.6,-4.88406,16.34582,103.7,6138.4,6186.5,28342.0,1473458.8,31350.8,1757484.8,7837.7,7837.7,102.4,-7.59793,-14.06067,99.7,6325.4,6325.4,30601.1,1590908.4,17.83842,4368.5,773.7,740.8,291.6,484.9,4122.1
2014-Q1,-458.4,-692.8,-110.8,-372.7,27037.8,27037.8,23485.8,23485.8,4977.1,4928.8,4260.2,4073.6,6143.8,5885.1,5381.8,5155.0,4597.3,4410.4,4128.6,3960.1,2435.6,2435.6,2091.3,2024.4,5091.7,4890.6,4434.1,4182.7,13481.3,13224.5,11752.5,11407.8,4905.4,4905.4,4384.5,4384.5,3484.2,3428.6,2933.9,2840.6,30608.7,29407.2,25989.0,25081.5,117628.8,6468766.8,30608.7,29407.2,97.3,1.15901,6.51555,90.2,25989.0,25081.5,120851.1,6282873.4,3571.0,2243.7,2503.2,1920.4,775.6,-44.3,20068.4,20021.6,16963.0,16696.8,67985.8,3738747.9,17271.5,16996.5,94.8,0.48104,7.65447,91.2,14635.4,14235.5,71701.8,3727674.4,11187.6,615239.0,2796.9,2796.9,95.4,19.12505,-13.67648,83.4,2327.6,2327.6,11728.8,609764.2,10223.2,9640.2,9181.0,8727.1,36019.8,1980839.2,9362.1,9005.0,98.8,0.19095,0.14352,94.0,8421.5,8028.6,36468.7,1895953.2,388.0,388.0,343.3,343.3,861.1,861.1,759.5,759.5,473.1,473.1,416.2,416.2,29708.4,1633758.2,7661.4,7427.1,102.5,2.2913,14.85987,106.1,6590.2,6328.3,28991.4,1507220.2,32479.5,1786146.5,8119.9,8119.9,100.2,5.93762,-6.91967,105.6,6701.0,6701.0,32418.1,1685370.6,18.18412,5206.6,1248.7,913.6,371.9,519.2,4378.5
2014-Q2,-937.2,-797.1,-407.2,-236.8,28079.0,28079.0,23771.5,23771.5,4609.6,5074.4,3626.5,4017.0,6358.6,6261.3,5556.0,5404.1,4711.6,4666.9,4221.7,4154.8,2475.4,2475.4,2095.8,2061.1,5082.1,5120.8,4323.0,4380.2,14635.3,14865.8,12493.2,12684.7,6207.7,6207.7,5400.7,5400.7,3345.5,3537.2,2769.5,2903.9,29143.9,30102.0,25357.5,25655.8,120408.1,6606017.9,29143.9,30102.0,97.4,2.28966,7.44604,92.3,25357.5,25655.8,123618.2,6426729.6,1064.9,2248.5,1586.0,1979.2,-1051.9,-458.4,20527.7,20599.2,16957.3,17036.8,70246.5,3853972.2,17157.3,17561.6,96.3,1.69878,7.03518,92.8,14171.7,14477.4,72919.9,3790999.4,13481.5,739642.7,3370.4,3370.4,96.0,19.6761,2.34514,99.8,2785.6,2785.6,14036.6,729741.9,10605.4,10783.3,9265.8,9333.5,37010.6,2030530.6,9289.1,9252.6,100.0,1.4557,2.14686,95.3,8085.7,8145.4,36999.5,1923552.5,784.4,784.4,688.8,688.8,1316.3,1316.3,1180.1,1180.1,531.9,531.9,491.3,491.3,28836.1,1582050.1,7069.0,7209.0,98.4,1.05847,12.91567,107.2,6224.8,6395.2,29298.3,1523173.8,32024.7,1756986.7,8006.2,8006.2,99.8,-1.02875,0.88863,104.5,6632.0,6632.0,32084.6,1668032.3,18.22704,2858.2,-520.0,-69.8,32.9,-204.6,2448.5
2014-Q3,-1137.3,-1074.8,-551.0,-519.9,28706.1,28706.1,23793.6,23793.6,4043.5,5226.2,2994.9,4027.8,6170.1,6245.0,5365.8,5439.9,4764.7,4743.4,4237.6,4200.7,2463.9,2463.9,2049.1,2096.7,5176.0,5226.8,4328.3,4477.2,16028.6,15849.2,13383.7,13389.3,6951.2,6951.2,5927.7,5927.7,3901.4,3671.3,3127.7,2984.4,30539.8,30890.2,25622.4,26124.2,123561.0,6697141.3,30539.8,30890.2,98.2,1.8258,7.68364,94.0,25622.4,26124.2,125875.2,6544068.7,1833.7,2321.7,1828.9,2027.7,-470.4,-329.8,21428.2,21155.5,17204.1,17341.4,72597.9,3934885.3,17583.3,18149.5,97.8,1.80475,8.01827,94.4,14128.0,14738.6,74235.9,3859417.3,15379.5,833584.5,3844.9,3844.9,99.2,10.42675,10.06282,110.3,3076.1,3076.1,15500.1,805830.3,10719.4,10768.8,9299.2,9448.6,37797.2,2048649.6,9440.2,9449.3,100.3,1.89762,4.62464,97.1,8155.5,8300.0,37701.6,1960054.2,793.2,793.2,691.4,691.4,1279.1,1279.1,1143.6,1143.6,485.9,485.9,452.2,452.2,29334.2,1589948.4,7271.1,7333.6,101.7,-1.53877,-3.18782,105.6,6265.7,6296.8,28847.4,1499735.7,33633.6,1822975.9,8408.4,8408.4,102.0,2.78444,-0.42087,107.4,6816.7,6816.7,32978.0,1714477.6,18.44981,2085.7,15.5,-271.8,122.4,-162.0,2568.0
2014-Q4,-1038.3,-1066.1,-453.1,-413.2,29403.6,29403.6,24570.1,24570.1,6889.2,5292.7,5228.9,4010.6,5786.0,6067.7,5117.2,5418.3,4351.9,4606.3,3898.3,4157.2,2423.3,2423.3,2065.6,2090.5,5146.7,5306.0,4406.6,4522.6,14305.1,14374.2,12158.4,12191.5,5208.5,5208.5,4594.8,4594.8,3950.0,3859.7,3157.1,3074.2,31849.2,31518.7,26459.5,26525.0,126074.7,6747287.9,31849.2,31518.7,98.6,1.53396,6.9807,95.4,26459.5,26525.0,127806.1,6644452.2,2445.5,2458.4,1889.4,2050.0,931.8,372.3,21678.4,21583.7,17565.5,17476.8,71730.2,3838870.3,18542.9,17932.5,97.1,-0.51976,3.49151,93.9,15045.8,14662.0,73850.1,3839357.6,12541.9,671218.0,3135.5,3135.5,98.8,-18.08647,28.95567,90.3,2519.7,2519.7,12696.7,660084.1,10277.3,10493.5,8974.7,9187.2,37226.9,1992314.4,9094.8,9306.7,101.4,-2.59622,0.88923,94.6,7936.4,8084.5,36722.8,1909167.0,724.5,724.5,636.1,636.1,1182.5,1182.5,1038.4,1038.4,458.0,458.0,402.3,402.3,29193.7,1562394.0,7326.2,7298.4,99.7,1.5306,3.34124,107.2,6353.4,6393.2,29289.0,1522690.6,33458.2,1790620.7,8364.5,8364.5,101.6,-0.15041,7.60512,107.3,6806.5,6806.5,32928.4,1711898.9,18.68524,8840.2,1389.8,1485.6,774.6,1035.9,8175.9
2015-Q1,-610.4,-785.2,-143.2,-384.6,28854.1,28854.1,24986.1,24986.1,5393.7,5342.8,4206.7,4001.7,6376.3,6117.0,5827.7,5604.4,4955.4,4767.1,4481.8,4326.6,2428.3,2428.3,2141.8,2104.0,5671.3,5422.4,5019.0,4696.9,14655.8,14535.7,12809.9,12579.6,5266.1,5266.1,4814.0,4814.0,3718.4,3847.1,2976.9,3068.7,33146.7,32168.7,27837.3,26971.7,128674.6,6789380.0,33146.7,32168.7,99.0,1.6843,7.53622,97.1,27837.3,26971.7,129958.7,6756364.8,4292.6,2608.2,2851.2,2098.6,777.4,171.0,21856.8,22152.6,17941.2,17813.0,75318.9,3974124.6,19189.8,18829.7,98.1,4.00006,7.11596,97.7,15781.1,15248.5,76804.1,3992934.3,10667.6,562866.6,2666.9,2666.9,98.0,-14.27447,-7.2001,77.4,2160.1,2160.1,10884.3,565860.5,11122.9,10679.4,9868.3,9438.8,37981.1,2004030.7,9679.8,9495.3,101.3,2.05865,2.76994,96.6,8603.4,8251.0,37478.8,1948470.0,824.9,824.9,731.2,731.2,1443.1,1443.1,1264.9,1264.9,618.2,618.2,533.7,533.7,27181.4,1434199.3,6970.1,6795.4,98.3,-5.58516,-4.61607,101.2,6277.5,6036.1,27653.1,1437645.9,30322.1,1599913.3,7580.5,7580.5,97.6,-5.66717,-4.18233,101.2,6420.7,6420.7,31062.3,1614882.7,18.95233,7847.6,1395.6,1137.0,704.7,965.5,8200.6
2015-Q2,-866.8,-741.5,-424.4,-277.6,30728.7,30728.7,25601.9,25601.9,4993.7,5385.2,3712.7,4012.9,7046.6,6958.9,6086.4,5924.3,5307.5,5270.1,4662.2,4595.8,2532.5,2532.5,2182.5,2123.0,5537.5,5551.1,4752.4,4793.4,16155.8,16449.1,13620.3,13853.2,6906.6,6906.6,5949.8,5949.8,3711.8,3991.4,2918.1,3110.0,32435.4,33057.1,27282.8,27549.4,132228.3,6916405.8,32435.4,33057.1,99.6,2.14177,7.38075,99.1,27282.8,27549.4,132742.1,6901070.6,1706.8,2771.6,1691.1,2142.4,-204.3,224.9,22785.0,22869.3,18097.8,18259.1,78259.0,4093459.5,19149.0,19564.8,100.2,1.73542,7.15455,99.4,15179.3,15513.2,78137.0,4062228.3,14544.2,760759.1,3636.1,3636.1,98.9,35.10926,4.76717,104.6,2918.4,2918.4,14705.7,764530.0,10721.6,10786.4,9384.5,9428.1,38122.1,1994034.7,9610.3,9530.5,100.0,1.76679,3.08507,98.3,8383.0,8396.7,38141.0,1982895.4,649.1,649.1,586.6,586.6,1111.2,1111.2,1001.5,1001.5,462.1,462.1,414.9,414.9,27353.1,1430747.0,6712.9,6838.3,100.0,-1.07196,-6.62688,100.1,5824.6,5971.4,27356.7,1422234.8,30319.1,1585887.4,7579.8,7579.8,100.3,-2.67427,-5.77542,98.5,6249.0,6249.0,30231.6,1571696.4,19.11807,4268.9,257.8,418.1,639.8,412.0,4633.3
2015-Q3,-1081.8,-1039.0,-600.7,-573.5,30919.4,30919.4,25782.2,25782.2,4242.4,5469.4,3078.1,4035.5,6823.2,6909.6,5941.7,6038.0,5340.7,5316.4,4728.5,4694.3,2370.7,2370.7,2057.9,2124.1,5418.7,5643.9,4676.5,4881.3,17483.1,17464.9,14704.6,14762.1,7733.5,7733.5,6699.7,6699.7,4331.0,4087.5,3328.3,3181.1,33558.8,33913.8,27680.9,28058.0,135655.3,7020194.4,33558.8,33913.8,100.3,1.84622,7.40229,101.0,27680.9,28058.0,135192.8,7028479.5,2639.5,2926.4,1910.3,2167.8,301.6,273.5,23560.9,23521.1,18484.6,18604.5,79693.6,4124162.6,19304.2,19923.4,100.5,1.52529,6.8604,100.9,15131.3,15749.8,79328.8,4124189.0,17026.7,881134.2,4256.7,4256.7,100.8,14.90041,9.01155,120.2,3353.3,3353.3,16897.0,878448.1,10778.2,10928.3,9523.5,9721.3,38920.0,2014119.2,9603.2,9730.0,99.3,2.76193,3.95945,101.0,8443.6,8628.7,39194.4,2037661.6,653.2,653.2,595.0,595.0,1174.9,1174.9,1079.9,1079.9,521.8,521.8,484.9,484.9,27655.2,1431162.7,6871.0,6913.8,100.7,0.40784,-4.78087,100.5,5968.6,5995.8,27468.3,1428035.2,31811.1,1646230.7,7952.8,7952.8,100.1,5.12575,-3.62909,103.5,6569.3,6569.3,31781.2,1652257.7,19.32358,4170.9,823.3,389.6,758.4,304.9,4085.6
2015-Q4,-811.9,-840.2,-353.5,-309.4,32046.7,32046.7,26370.0,26370.0,7210.7,5624.8,5115.5,4020.0,6566.4,6890.1,5814.3,6161.6,5060.3,5354.9,4503.6,4800.9,2481.5,2481.5,2164.5,2174.8,5586.1,5786.6,4843.3,5001.2,15788.2,15786.3,13275.7,13285.3,5775.6,5775.6,5062.9,5062.9,4426.5,4224.2,3369.5,3221.2,34766.3,34836.2,28363.9,28628.3,139344.6,7129052.4,34766.3,34836.2,101.0,2.0325,7.92964,103.0,28363.9,28628.3,137940.6,7171333.2,2719.7,3062.5,2004.8,2231.5,62.8,-115.4,24463.1,24240.5,19062.5,18898.0,81384.5,4163737.3,20964.4,20346.1,101.3,1.29887,8.81396,102.2,16334.5,15954.3,80359.2,4177756.9,13994.6,715981.2,3498.6,3498.6,101.8,-18.64732,8.26516,97.8,2728.0,2728.0,13746.1,714641.1,11052.4,11224.9,9770.3,9971.6,40368.9,2065323.7,9919.4,10092.2,99.8,3.21204,10.15862,104.2,8748.5,8905.8,40453.4,2103112.0,618.9,618.9,566.7,566.7,1133.1,1133.1,1021.8,1021.8,514.2,514.2,455.1,455.1,26982.1,1380438.3,6773.8,6745.5,101.0,-2.70005,-8.74854,97.8,5789.8,5833.9,26726.6,1389477.5,30342.9,1552381.0,7585.7,7585.7,102.1,-6.4852,-9.74318,96.8,6143.3,6143.3,29720.1,1545105.5,19.54603,6957.5,577.0,1120.5,339.6,782.9,6375.5
2016-Q1,-402.2,-542.1,-34.0,-252.1,32050.2,32050.2,27164.5,27164.5,5828.6,5795.9,4255.1,4093.0,7315.5,6993.0,6617.3,6335.9,5753.4,5520.5,5144.1,4947.5,2526.1,2526.1,2248.4,2231.4,6402.9,5963.5,5656.0,5252.3,16380.1,16106.9,14043.6,13743.5,5845.7,5845.7,5235.5,5235.5,4131.4,4297.7,3152.2,3255.8,36958.1,35911.7,30367.4,29459.2,143646.7,7309986.9,36958.1,35911.7,101.2,2.90236,9.22251,106.0,30367.4,29459.2,141944.1,7379471.0,4908.0,3213.4,3221.8,2286.3,865.0,405.0,24816.8,24994.9,19497.4,19380.6,85719.1,4362131.6,21846.5,21429.8,102.5,4.02761,8.84278,106.3,17169.1,16596.9,83595.7,4346020.8,11881.3,604625.4,2970.3,2970.3,101.3,-14.65111,7.78949,83.5,2328.3,2328.3,11732.2,609938.2,11678.6,11291.1,10498.9,10056.3,40872.7,2079958.5,10438.0,10218.2,100.1,0.95241,8.96459,105.2,9346.7,8990.6,40838.6,2123142.3,703.6,703.6,647.3,647.3,1240.6,1240.6,1152.3,1152.3,537.0,537.0,505.0,505.0,27155.5,1381907.2,6928.8,6788.9,100.4,1.16172,-2.22771,98.9,6119.8,5901.7,27037.1,1405619.3,29323.9,1492252.8,7331.0,7331.0,98.5,0.17021,-4.15803,97.0,6153.8,6153.8,29770.7,1547735.4,19.65075,7341.9,1401.9,1131.8,910.0,1148.1,8511.2
2016-Q2,-555.0,-425.9,-243.4,-97.7,34002.0,34002.0,27987.3,27987.3,5730.9,6064.2,3896.1,4203.2,7463.5,7420.6,6679.6,6584.9,5760.0,5766.2,5120.4,5112.7,2735.4,2735.4,2345.4,2274.0,6071.2,6053.8,5200.5,5211.4,18072.2,18364.5,15066.2,15299.5,7830.0,7830.0,6751.5,6751.5,4171.0,4480.7,3114.2,3336.6,36397.7,37029.2,29650.9,29983.8,148117.0,7464812.6,36397.7,37029.2,102.5,1.78083,8.83655,107.9,29650.9,29983.8,144471.9,7510887.0,2347.3,3340.4,1783.6,2309.4,269.2,476.7,25099.2,25648.5,19225.7,19517.6,86891.4,4379161.2,21208.7,21722.9,103.7,0.24933,7.25288,106.6,16236.3,16638.3,83804.2,4356856.9,15561.8,784286.6,3890.5,3890.5,103.3,28.39049,2.4293,107.1,2989.3,2989.3,15063.0,783102.7,11584.3,11434.1,10191.8,10188.5,42786.4,2156350.6,10859.1,10696.6,99.1,5.72791,13.20586,111.2,9535.3,9505.6,43177.8,2244753.9,340.8,340.8,305.6,305.6,725.2,725.2,656.6,656.6,384.4,384.4,351.0,351.0,28708.2,1446838.8,7047.9,7177.1,101.5,4.66261,3.43987,103.5,6031.2,6176.8,28297.7,1471157.8,30411.7,1532690.5,7602.9,7602.9,100.2,1.96265,0.40819,98.9,6274.5,6274.5,30355.0,1578112.0,19.84202,4580.8,653.6,804.4,827.7,642.6,4484.2
2016-Q3,-800.9,-753.8,-447.2,-420.7,34264.4,34264.4,27919.9,27919.9,4855.6,6201.1,3267.7,4270.6,7255.8,7361.0,6387.7,6507.6,5758.5,5739.3,5089.7,5062.1,2625.0,2625.0,2228.4,2299.7,5946.2,6258.6,5038.2,5277.5,19528.0,19660.0,16036.1,16168.7,8740.5,8740.5,7450.2,7450.2,4841.2,4660.9,3547.7,3440.9,37541.2,38002.6,30357.6,30670.9,152010.5,7622823.5,37541.2,38002.6,102.9,2.29159,9.31249,110.4,30357.6,30670.9,147782.6,7683005.6,3242.3,3464.2,2153.7,2358.4,563.5,973.0,26541.7,26469.1,20016.4,20142.6,90765.3,4551579.6,21990.5,22691.3,104.7,3.46403,9.30099,110.3,16584.6,17214.7,86707.2,4507779.6,18204.9,912915.1,4551.2,4551.2,105.3,14.80144,2.34107,123.0,3431.8,3431.8,17292.5,899013.2,11236.8,11474.7,9815.4,10061.8,42819.2,2147239.2,10450.6,10704.8,100.4,-1.2679,8.76647,109.8,9139.3,9385.1,42630.4,2216292.7,340.7,340.7,303.8,303.8,786.2,786.2,676.0,676.0,445.5,445.5,372.3,372.3,29023.9,1455451.9,7208.9,7256.0,103.2,-0.56855,2.434,103.0,6115.2,6141.7,28136.8,1462793.6,32039.0,1606648.0,8009.7,8009.7,100.9,4.58816,-0.10527,103.4,6562.4,6562.4,31747.7,1650518.3,19.9415,3236.2,1009.0,468.3,1345.2,756.3,4763.5
2016-Q4,-1045.3,-1080.8,-607.7,-556.6,35381.3,35381.3,28356.1,28356.1,8013.2,6351.9,5492.0,4364.1,7207.1,7547.6,6311.5,6646.3,5549.5,5848.2,4875.5,5152.1,2743.6,2743.6,2324.3,2317.9,6192.4,6411.8,5228.1,5404.3,17417.3,17428.3,14228.3,14268.5,6191.1,6191.1,5323.7,5323.7,5033.8,4825.3,3676.6,3540.5,38750.1,38936.6,30796.2,31089.3,155746.6,7725277.7,38750.1,38936.6,104.0,1.36396,8.59625,111.9,30796.2,31089.3,149798.3,7787798.8,3324.1,3589.5,2107.3,2377.0,383.7,360.7,27945.3,27197.5,21063.4,20619.7,93228.4,4624278.7,24097.5,23307.1,105.0,2.36376,10.45,112.9,18165.6,17621.6,88756.7,4614332.5,15391.4,763436.9,3847.8,3847.8,105.4,-15.56153,6.22298,103.9,2897.8,2897.8,14601.5,759113.0,11466.4,11661.7,9979.8,10156.5,43533.1,2159312.4,10705.7,10883.3,101.0,1.07626,6.51576,111.0,9331.8,9486.1,43089.2,2240145.8,328.4,328.4,291.0,291.0,760.7,760.7,648.0,648.0,432.3,432.3,357.0,357.0,29591.1,1467767.1,7433.3,7397.8,103.5,1.58247,6.9425,104.6,6187.9,6238.9,28582.1,1485941.9,33914.4,1682207.4,8478.6,8478.6,103.2,3.5529,10.61767,107.1,6795.6,6795.6,32875.7,1709159.6,20.16064,7916.9,816.0,1650.9,717.7,1349.5,7644.5
2017-Q1,-317.0,-457.7,-33.5,-256.7,36004.3,36004.3,29019.5,29019.5,6586.9,6569.3,4604.3,4422.2,8235.9,7833.2,7126.3,6766.2,6269.2,5983.4,5461.9,5220.8,2704.7,2704.7,2266.3,2272.8,7181.7,6667.3,5997.0,5570.6,18476.8,18041.5,15022.6,14616.6,6352.7,6352.7,5404.3,5404.3,4942.3,5021.5,3621.4,3641.8,41227.7,39948.2,32277.3,31337.9,159792.7,7777175.3,41227.7,39948.2,105.8,0.79991,6.37747,112.8,32277.3,31337.9,150996.6,7850094.4,5207.6,3727.1,3439.2,2439.0,1845.8,968.0,27545.7,27816.8,20712.9,20738.5,94176.1,4583588.4,23968.6,23544.0,106.7,-0.53197,5.60892,112.3,18015.8,17527.8,88284.5,4589785.7,14308.2,696385.8,3577.0,3577.0,105.3,-6.92434,15.83951,96.7,2697.1,2697.1,13590.5,706549.4,12153.2,11870.2,10629.8,10210.0,44408.2,2161365.2,11371.2,11102.0,102.9,0.13503,5.65334,111.2,9869.3,9498.9,43147.4,2243170.7,370.9,370.9,326.0,326.0,782.0,782.0,760.6,760.6,411.1,411.1,434.6,434.6,30627.7,1490660.5,7797.6,7656.9,105.7,1.40727,7.20208,106.1,6549.9,6326.7,28984.3,1506853.1,32458.6,1579774.6,8114.7,8114.7,101.9,-3.12196,6.98213,103.7,6583.4,6583.4,31849.3,1655800.3,20.54637,8731.2,2256.9,1811.9,1402.6,1544.8,8839.2
2017-Q2,-1540.1,-1399.7,-1369.0,-1222.9,37075.2,37075.2,29381.1,29381.1,6207.3,6741.1,4133.3,4497.2,7776.7,7804.2,6652.1,6680.5,5884.9,5952.8,5119.9,5203.8,2880.4,2880.4,2354.0,2338.8,6918.3,6872.5,5791.2,5773.6,20210.8,20450.6,16241.6,16411.9,8441.8,8441.8,6941.0,6941.0,4850.8,5136.3,3509.4,3697.3,40089.2,40807.9,31463.4,31983.2,163231.5,7937549.8,40089.2,40807.9,105.9,2.059,6.6682,115.1,31463.4,31983.2,154105.6,8011728.1,2961.2,3891.9,1912.6,2496.4,582.0,758.3,28436.7,28528.4,21265.3,21290.2,96512.3,4693158.5,23588.6,24128.1,106.5,2.62767,8.11441,115.3,17632.2,17988.4,90604.4,4710390.3,19392.5,943007.6,4848.1,4848.1,105.9,34.70281,21.53475,130.2,3633.1,3633.1,18306.8,951741.9,12610.5,12435.1,10808.7,10796.9,45007.3,2188596.0,11251.6,11251.8,103.2,1.08261,1.01132,112.4,9637.1,9601.7,43614.5,2267455.6,544.7,544.7,478.4,478.4,1358.9,1358.9,1171.6,1171.6,814.2,814.2,693.2,693.2,30902.2,1502697.1,7585.2,7725.5,105.1,1.40063,3.86095,107.5,6269.3,6415.3,29390.3,1527958.5,36500.9,1774951.4,9125.2,9125.2,98.8,16.02312,21.73479,120.4,7638.3,7638.3,36952.6,1921111.3,20.56447,7918.2,1396.2,1434.8,1451.5,1504.6,9142.3
2017-Q3,-927.9,-874.2,-856.2,-831.6,37738.0,37738.0,29466.7,29466.7,5511.6,7009.8,3489.6,4563.4,8133.8,8261.0,6924.9,7034.3,6385.6,6374.1,5534.2,5513.5,2812.6,2812.6,2266.5,2378.7,6759.5,7095.9,5579.7,5843.2,21280.0,21501.2,16785.7,16992.6,9148.6,9148.6,7408.3,7408.3,5371.9,5256.7,3797.7,3741.1,41572.5,41995.4,31972.0,32510.5,167981.7,8106121.3,41572.5,41995.4,107.2,1.64884,5.99796,117.0,31972.0,32510.5,156646.6,8143828.9,3836.0,4065.9,2356.6,2560.3,1104.8,1002.0,28806.0,29184.4,21073.2,21371.7,98228.4,4740107.3,23763.1,24557.1,108.0,0.42436,4.93813,115.8,17389.5,18064.7,90988.9,4730379.6,20171.6,973399.7,5042.9,5042.9,108.7,1.39193,7.33875,132.0,3683.6,3683.6,18561.6,964989.5,12589.6,12882.1,10752.9,11083.2,47039.0,2269911.6,11410.9,11759.7,103.0,4.67086,7.08717,117.6,9725.4,10050.2,45651.7,2373365.2,591.1,591.1,517.1,517.1,1178.7,1178.7,1027.5,1027.5,587.6,587.6,510.4,510.4,31605.2,1525140.0,7847.6,7901.3,107.4,0.14122,4.60234,107.7,6399.9,6424.4,29431.8,1530116.4,35102.2,1693890.5,8775.5,8775.5,100.0,-5.00429,10.56971,114.3,7256.0,7256.0,35103.4,1824973.3,20.72282,6039.7,1692.4,918.8,1512.4,1026.5,7116.0
2017-Q4,-1528.3,-1583.8,-1286.5,-1232.3,39915.7,39915.7,30328.0,30328.0,9149.4,7216.9,5812.2,4626.1,8120.7,8468.1,6836.4,7138.4,6253.4,6559.2,5375.2,5624.8,3064.0,3064.0,2439.9,2419.8,7091.6,7320.8,5786.4,5973.9,19581.7,19585.7,15239.4,15283.3,6824.9,6824.9,5501.2,5501.2,5665.1,5439.9,3951.9,3808.2,43391.9,43273.6,32849.9,33121.6,173094.5,8338887.6,43391.9,43273.6,108.5,1.87953,6.5371,119.2,32849.9,33121.6,159590.8,8296894.8,4107.9,4248.8,2386.2,2627.5,1042.4,882.0,30655.4,30054.6,22120.3,21792.7,101287.8,4879571.8,26207.8,25321.9,109.4,1.75713,4.31625,117.8,18920.4,18382.2,92587.7,4813498.4,17790.4,857057.1,4447.6,4447.6,110.3,-13.13302,10.42589,114.7,3199.9,3199.9,16123.9,838257.3,13222.4,13411.6,11134.1,11293.8,48798.7,2350895.3,12098.9,12199.7,103.7,3.04178,9.16959,121.2,10196.4,10355.9,47040.3,2445557.8,578.8,578.8,502.2,502.2,1123.5,1123.5,937.6,937.6,544.7,544.7,435.4,435.4,32466.2,1564067.8,8172.0,8116.5,108.7,1.50388,4.52142,109.3,6466.8,6521.0,29874.4,1553127.5,38801.2,1869261.2,9700.3,9700.3,103.4,6.85299,14.09341,122.2,7753.3,7753.3,37509.0,1950038.5,20.75751,11552.7,1587.0,2309.3,1317.5,1913.7,11473.5
2018-Q1,-1402.5,-1541.0,-1251.0,-1475.7,40327.8,40327.8,31166.0,31166.0,7430.1,7330.4,4965.1,4713.6,9253.4,8751.2,7703.4,7263.7,7142.4,6780.0,6064.9,5752.2,3247.2,3247.2,2582.7,2505.7,8019.8,7500.0,6526.9,6093.5,20397.1,19932.3,15914.8,15493.7,6856.7,6856.7,5521.5,5521.5,5520.6,5575.5,3866.4,3878.8,45846.9,44823.5,35160.6,33830.5,179293.9,8610337.6,45846.9,44823.5,110.0,2.14027,7.95374,121.7,35160.6,33830.5,163006.5,8474470.4,,,,,1858.6,1792.1,30864.6,30995.3,22296.9,22301.1,105417.5,5062529.7,26802.0,26354.4,110.9,2.66465,7.66867,120.9,19365.1,18872.0,95054.8,4941761.2,16250.3,780399.8,4062.6,4062.6,110.0,-8.37638,8.70317,105.1,2931.8,2931.8,14773.3,768041.6,14526.1,14219.9,12322.6,11844.4,51779.0,2486615.7,13394.5,12944.8,105.3,4.50938,13.9386,126.7,11271.8,10822.9,49161.5,2555837.3,661.1,661.1,566.7,566.7,1131.6,1131.6,1050.7,1050.7,470.4,470.4,484.1,484.1,33487.3,1608180.2,8510.4,8371.8,109.8,2.12186,5.25795,111.6,6884.1,6659.4,30508.3,1586082.7,39651.2,1904195.1,9912.8,9912.8,100.7,4.92457,23.56982,128.2,8135.1,8135.1,39356.2,2046069.5,20.8231,12010.9,2329.0,2341.6,2276.1,2112.8,12864.7
2018-Q2,-1867.5,-1694.6,-1198.0,-1037.6,41742.3,41742.3,31471.4,31471.4,6867.4,7427.4,4331.5,4668.8,8825.7,8912.1,7226.6,7308.6,6761.7,6884.3,5651.4,5791.6,3266.6,3266.6,2513.5,2518.2,7787.8,7717.8,6258.5,6239.7,22782.6,22941.6,17399.8,17572.2,9467.1,9467.1,7359.4,7359.4,5527.7,5756.7,3781.9,3973.1,45693.7,45934.0,33823.0,34284.4,183736.1,8822968.8,45693.7,45934.0,111.2,1.34181,7.19512,123.4,33823.0,34284.4,165193.7,8588181.8,,,,,1049.4,280.3,31844.3,31895.8,22617.4,22672.3,107811.5,5177085.2,26403.0,26952.9,112.2,1.13174,6.09926,122.3,18744.0,19085.6,96130.6,4997689.1,21765.0,1045150.9,5441.3,5441.3,111.5,32.11535,6.61513,138.8,3873.4,3873.4,19517.8,1014700.9,14667.5,14592.4,12123.2,12137.6,53009.6,2545508.6,13366.1,13252.4,106.8,1.00314,13.84902,127.9,11021.1,10931.5,49654.7,2581476.0,765.1,765.1,637.6,637.6,1301.4,1301.4,1102.1,1102.1,536.3,536.3,464.5,464.5,35506.3,1705005.7,8703.7,8876.6,110.7,5.15162,9.15164,117.4,6842.0,7002.4,32080.0,1667791.7,42284.9,2030510.3,10571.2,10571.2,108.7,-1.16915,5.25928,126.7,8040.0,8040.0,38896.0,2022147.9,20.82475,7928.6,1585.7,1217.1,744.8,793.9,6706.7
2018-Q3,-2145.5,-2075.1,-1392.9,-1368.3,42109.4,42109.4,31275.5,31275.5,5917.9,7511.6,3644.0,4700.7,9012.8,9160.8,7268.9,7389.9,7045.0,7043.1,5831.5,5821.7,3163.3,3163.3,2392.2,2557.2,7573.1,7886.8,5977.9,6246.0,24015.3,24213.9,17970.5,18192.3,10365.2,10365.2,7911.4,7911.4,6077.1,5961.9,4081.2,4034.9,46560.2,47047.8,34036.4,34753.4,188191.3,8962975.2,46560.2,47047.8,112.4,1.36788,6.89883,125.1,34036.4,34753.4,167453.3,8705657.7,,,,,1102.0,426.5,32759.3,32761.8,22863.4,23055.0,111812.7,5325296.7,27056.9,27953.2,113.5,2.51186,8.30472,125.4,18882.6,19565.0,98545.2,5123224.3,22809.6,1086351.3,5702.4,5702.4,113.7,2.77201,8.0663,142.7,3980.8,3980.8,20058.8,1042828.5,14844.4,15334.1,12139.4,12589.0,55654.2,2650637.9,13449.4,13913.5,107.5,4.30405,13.45005,133.4,10976.8,11402.0,51791.9,2692583.9,797.1,797.1,657.9,657.9,1395.0,1395.0,1162.6,1162.6,597.9,597.9,504.6,504.6,37267.4,1774932.7,9246.4,9316.9,113.0,2.8327,12.08529,120.7,7176.3,7200.8,32988.7,1715035.3,45567.6,2170248.0,11391.9,11391.9,109.9,6.58139,18.09671,135.0,8569.1,8569.1,41455.9,2155233.4,20.99652,6215.1,1699.8,756.6,931.1,516.1,5524.7
2018-Q4,-2050.5,-2136.4,-1243.7,-1180.9,43895.4,43895.4,31931.0,31931.0,9579.2,7577.7,5891.6,4711.1,8926.4,9268.3,7158.2,7434.2,6851.1,7150.9,5637.6,5859.1,3474.0,3474.0,2609.9,2600.4,7913.8,8148.0,6206.3,6388.6,21915.7,21984.0,16271.3,16351.0,7694.4,7694.4,5868.1,5868.1,6307.6,6141.6,4196.9,4094.3,48730.0,47841.7,34897.6,35258.1,191366.7,9102048.0,48730.0,47841.7,112.6,1.4523,6.45054,126.9,34897.6,35258.1,169885.3,8832089.7,,,,,1159.4,-92.1,34026.7,33509.7,23646.9,23296.6,112816.8,5365949.6,29258.6,28204.2,113.5,0.89635,7.38855,126.5,20334.0,19740.3,99428.5,5169146.2,19072.4,907147.7,4768.1,4768.1,114.3,-16.77939,3.53005,118.7,3312.8,3312.8,16693.1,867848.2,15594.4,15684.9,12586.5,12675.9,57246.0,2722814.4,14222.4,14311.5,107.9,2.46524,12.81527,136.7,11506.6,11683.1,53068.7,2758962.6,775.2,775.2,636.1,636.1,1372.0,1372.0,1079.9,1079.9,596.8,596.8,443.8,443.8,38982.4,1854135.0,9831.5,9745.6,113.3,4.3095,15.18338,125.9,7448.4,7511.1,34410.4,1788944.7,47528.0,2260592.2,11882.0,11882.0,113.0,1.434,12.1075,137.0,8692.0,8692.0,42050.4,2186139.4,21.02457,10777.1,1756.2,1919.1,351.7,1066.7,8335.1
2019-Q1,-1045.3,-1202.7,-539.3,-787.0,44004.2,44004.2,32660.1,32660.1,7934.7,7782.6,4918.9,4705.4,9631.8,9055.6,7845.9,7366.9,7467.9,7047.3,6169.4,5817.5,3617.3,3617.3,2752.3,2592.1,8753.0,8274.9,6944.9,6513.3,22820.4,22394.6,17143.0,16669.0,7768.4,7768.4,6003.3,6003.3,6299.1,6351.3,4194.8,4152.5,48012.8,48173.2,37172.1,35633.2,192692.7,9158388.9,48012.8,48173.2,112.2,1.06389,5.32875,128.2,37172.1,35633.2,171692.7,8926053.6,,,,,-841.4,884.4,33878.2,34341.2,23726.3,23830.0,115770.8,5502408.6,29334.5,28942.7,114.3,1.89074,6.57904,128.9,20543.9,20113.6,101308.5,5266881.5,18175.1,863835.0,4543.8,4543.8,113.3,-3.93587,8.54761,114.1,3182.4,3182.4,16036.0,833690.8,16021.3,15516.3,13100.7,12547.2,56827.1,2700907.2,14646.2,14206.8,109.9,-2.5207,5.22647,133.3,11900.5,11388.6,51731.0,2689417.4,845.0,845.0,696.1,696.1,1375.1,1375.1,1200.2,1200.2,530.1,530.1,504.1,504.1,38895.6,1848649.5,9881.2,9723.9,114.6,-1.34041,11.27827,124.2,7658.1,7410.4,33949.1,1764965.4,43706.3,2077291.8,10926.6,10926.6,110.2,-5.69027,0.76599,129.2,8197.4,8197.4,39657.6,2061742.1,21.04002,6730.3,-311.3,837.6,1388.5,1039.6,8325.7
2019-Q2,-1867.1,-1691.7,-1747.4,-1592.9,45470.9,45470.9,32878.7,32878.7,7366.5,8072.1,4487.0,4862.3,9020.9,9150.3,7279.2,7385.5,6779.7,6925.2,5655.3,5820.3,3505.2,3505.2,2597.3,2609.8,8523.4,8683.0,6623.0,6623.8,25578.3,25891.4,18515.2,18787.5,10648.9,10648.9,7968.5,7968.5,6406.0,6559.5,3923.7,4195.3,49424.6,49075.9,35489.6,36016.2,196303.5,9256041.8,49424.6,49075.9,113.1,1.07471,5.05114,129.6,35489.6,36016.2,173537.9,9021983.0,,,,,795.5,681.2,34666.9,35197.5,23872.6,24003.0,118995.5,5610839.6,29197.1,29748.9,115.9,1.37848,6.83907,130.7,20093.1,20390.8,102705.0,5339484.4,21879.3,1031644.9,5469.8,5469.8,114.9,18.76156,-2.42403,135.5,3779.5,3779.5,19044.7,990104.2,15829.3,15597.5,12683.1,12729.7,58480.0,2757432.3,15010.4,14620.0,109.0,3.73065,8.06802,138.3,11973.4,11813.4,53660.9,2789750.1,337.1,337.1,270.8,270.8,818.8,818.8,709.7,709.7,481.8,481.8,438.9,438.9,37928.2,1788378.0,9306.6,9482.0,115.2,-3.01684,2.63388,120.5,7032.4,7186.9,32924.9,1711719.3,44695.0,2107444.2,11173.7,11173.7,105.2,7.10417,9.2013,138.4,8779.8,8779.8,42475.0,2208211.8,21.20815,3715.5,1277.3,591.8,1120.1,1354.5,7677.4
2019-Q3,-1331.0,-1269.2,-1329.1,-1320.8,44701.7,44701.7,32565.1,32565.1,6404.7,8267.3,3814.0,4920.4,8704.8,8866.4,7053.9,7177.8,6711.1,6715.0,5628.1,5615.3,3178.2,3178.2,2407.9,2607.3,8196.5,8837.1,6361.9,6593.2,26414.0,26975.8,19289.3,19456.3,11456.9,11456.9,8570.8,8570.8,6760.7,6681.8,4356.6,4292.3,48616.5,49667.6,35462.2,36374.1,198670.4,9340050.7,48616.5,49667.6,113.4,0.9937,4.66337,130.9,35462.2,36374.1,175262.3,9111634.8,,,,,-185.8,909.2,35663.8,35797.0,24232.3,24293.8,122355.8,5752289.5,29497.1,30589.0,116.7,2.04862,6.35627,133.3,20048.6,20808.6,104809.0,5448870.3,24666.8,1159655.6,6166.7,6166.7,117.0,10.69459,5.09798,150.0,4183.7,4183.7,21081.4,1095991.7,14469.5,15160.7,11649.8,12161.5,57589.6,2707448.2,13599.0,14397.4,110.8,-3.10726,0.38927,134.0,10937.9,11446.4,51993.5,2703065.3,333.6,333.6,269.5,269.5,870.5,870.5,711.9,711.9,536.9,536.9,442.4,442.4,37338.9,1755405.9,9272.9,9334.7,115.4,-1.75513,-1.94508,118.4,7052.4,7060.7,32347.1,1681676.4,42415.6,1994074.3,10603.9,10603.9,104.6,-4.53636,-2.18975,132.1,8381.5,8381.5,40548.1,2108039.2,21.27081,-865.2,351.0,-549.9,1351.6,986.7,5579.5
2019-Q4,-1024.6,-1112.0,-1005.9,-945.7,46587.7,46587.7,32974.9,32974.9,10855.2,8520.5,6208.8,4971.0,8539.3,8854.6,6927.0,7182.1,6493.2,6761.8,5446.9,5642.7,3351.0,3351.0,2577.1,2577.4,8600.6,8651.4,6613.7,6785.9,23842.1,23756.3,17262.1,17309.9,8287.7,8287.7,6163.7,6163.7,6953.8,6817.2,4484.7,4360.3,51304.1,50560.5,35997.0,36374.8,202241.9,9357051.9,51304.1,50560.5,115.4,0.00188,3.16705,130.9,35997.0,36374.8,175265.6,9111806.0,,,,,-35.9,-8.2,37552.6,36298.6,25028.8,24319.2,124146.5,5743842.6,32339.6,31036.6,118.1,0.30414,5.73201,133.7,21570.9,20871.9,105127.8,5465442.4,20851.9,964746.3,5213.0,5213.0,119.7,-17.34957,4.37792,123.9,3457.9,3457.9,17423.9,905841.9,14812.1,15019.0,11982.3,11975.4,56410.9,2609944.0,13991.3,14102.7,107.3,1.15215,-0.89722,135.5,11350.2,11578.2,52592.5,2734208.8,322.8,322.8,260.8,260.8,820.8,820.8,632.0,632.0,498.0,498.0,371.2,371.2,38201.5,1767453.1,9637.7,9550.4,117.0,0.92143,-5.12999,119.5,7065.6,7125.8,32645.1,1697171.9,42649.4,1973242.5,10662.3,10662.3,109.2,-3.69863,-7.13901,127.2,8071.5,8071.5,39048.4,2030070.7,21.61385,5280.4,462.0,997.3,363.0,1151.7,6524.7
2020-Q1,-957.7,-1107.6,-997.4,-1220.4,46790.8,46790.8,33776.0,33776.0,8957.2,8723.7,5313.2,5069.2,9384.4,8778.1,7577.3,7092.0,7064.1,6646.1,5882.6,5534.6,3693.2,3693.2,2804.5,2592.3,9464.4,8613.4,7298.6,6894.4,24755.9,23966.9,18081.0,17593.8,8399.9,8399.9,6270.9,6270.9,6891.6,6953.6,4511.5,4428.5,51403.4,51444.6,38210.8,36394.6,205778.4,9386860.9,51403.4,51444.6,117.3,0.05446,2.13661,131.0,38210.8,36394.6,175361.1,9116768.4,,,,,307.2,2379.0,36496.4,37086.7,24306.1,24823.7,123986.5,5655809.7,31337.2,30996.6,119.9,-1.65807,2.04941,131.5,20884.4,20525.8,103384.7,5374821.3,20636.9,941379.7,5159.2,5159.2,119.7,-1.04774,7.516,122.6,3421.6,3421.6,17241.3,896351.0,15557.4,14891.0,12523.1,11971.7,57025.2,2601283.0,14775.7,14256.3,111.4,-2.64347,-1.02203,131.9,11848.6,11272.2,51202.2,2661930.8,351.2,351.2,281.7,281.7,781.7,781.7,674.5,674.5,430.5,430.5,392.8,392.8,36619.0,1670423.6,9304.7,9154.7,118.2,-5.09592,-8.74125,113.4,6985.7,6762.7,30981.5,1610685.4,41049.4,1872522.1,10262.3,10262.3,106.3,-1.09572,-2.61504,125.8,7983.1,7983.1,38620.6,2007826.7,21.92196,8560.2,737.7,1788.9,2771.8,2113.7,11171.8
2020-Q2,771.5,903.2,61.9,178.5,36567.9,36567.9,25838.0,25838.0,7824.1,8753.5,4620.1,5049.8,6347.5,6502.4,5233.5,5384.3,4537.3,4674.7,3874.5,4060.3,1709.0,1709.0,1314.4,1325.7,4253.9,4621.5,3315.8,3351.5,20687.3,21324.2,14670.1,14888.7,10381.2,10381.2,7879.2,7879.2,6052.1,6321.4,3475.0,3658.0,38734.4,38413.7,27036.0,27601.0,153654.9,7081503.3,38734.4,38413.7,115.5,-24.16165,-23.36489,99.3,27036.0,27601.0,132990.9,6914006.5,,,,,495.4,797.2,29442.4,31399.4,19614.1,19869.0,93658.0,4316421.3,22957.4,23414.5,119.8,-24.3672,-23.86666,99.5,15321.7,15524.2,78192.7,4065127.6,25939.8,1195491.2,6485.0,6485.0,119.9,25.44913,13.57032,153.9,4292.4,4292.4,21629.1,1124464.5,8025.2,7698.2,6562.7,6647.6,31161.1,1436125.5,8000.3,7790.3,106.8,-42.99911,-45.61074,75.2,6544.8,6425.2,29185.7,1517324.4,-19.7,-19.7,-19.9,-19.9,24.9,24.9,18.0,18.0,44.6,44.6,37.9,37.9,30485.1,1404968.9,7489.6,7621.3,124.3,-20.84452,-25.51666,89.7,5236.4,5353.0,24523.6,1274945.7,26872.4,1238469.8,6718.1,6718.1,107.3,-35.18104,-41.06306,81.5,5174.5,5174.5,25033.4,1301452.4,21.69806,-716.8,539.9,-159.5,835.1,1200.6,4493.2
2020-Q3,508.3,570.4,-284.3,-272.3,42786.2,42786.2,30649.2,30649.2,6951.8,8966.1,3934.2,5095.9,8867.2,9080.2,7268.4,7411.1,6984.5,7023.3,5919.3,5930.6,2936.9,2936.9,2249.0,2466.3,6761.2,7855.4,5162.8,5303.6,24030.3,25180.1,17197.6,17387.7,10894.5,10894.5,8121.1,8121.1,6374.6,6430.3,3913.7,3963.0,47218.2,48113.6,33109.3,34450.5,192454.5,8910750.9,47218.2,48113.6,115.9,24.8159,-5.28835,124.0,33109.3,34450.5,165993.8,8629779.3,,,,,-110.8,836.1,33256.1,33882.5,21617.1,21787.2,118454.1,5484492.0,28250.2,29613.5,121.6,24.60257,-7.0403,123.9,18391.8,19343.6,97430.2,5065253.6,20023.6,927103.9,5005.9,5005.9,123.2,-24.86032,-22.90826,115.6,3225.3,3225.3,16252.0,844919.1,13564.6,13910.9,10940.4,11516.0,55753.0,2581396.8,12904.8,13938.3,111.9,70.65154,-4.20737,128.3,10447.4,10964.8,49805.9,2589337.4,-30.3,-30.3,-30.5,-30.5,659.8,659.8,493.1,493.1,690.2,690.2,523.6,523.6,37383.8,1730889.3,9283.9,9345.9,123.5,23.47284,-6.39033,110.8,6597.5,6609.5,30280.0,1574211.8,35102.3,1625256.8,8775.6,8775.6,105.4,32.99466,-17.89232,108.5,6881.9,6881.9,33293.1,1730862.2,21.59802,-4057.7,579.3,-984.1,1359.7,1219.6,5518.9
2020-Q4,-782.4,-827.4,-1197.3,-1114.9,49172.0,49172.0,33663.1,33663.1,11808.3,9110.2,6462.8,5158.5,9187.8,9559.3,7354.2,7657.6,7105.5,7432.2,5905.0,6144.5,3705.6,3705.6,2747.5,2753.7,7957.2,7718.2,5946.8,6108.2,24470.3,24001.7,17098.6,17141.1,9467.2,9467.2,6796.5,6796.5,7045.9,6816.3,4355.3,4236.3,54485.4,53989.0,36262.2,36550.8,215956.1,9496673.6,54485.4,53989.0,122.6,6.09667,0.48402,131.5,36262.2,36550.8,176113.9,9155908.6,,,,,589.9,562.2,39712.3,36037.0,25137.4,23767.0,131328.0,5775149.0,34245.8,32832.0,123.9,8.80993,0.84268,134.9,21691.3,21047.7,106013.7,5511498.9,21865.7,961542.7,5466.4,5466.4,125.9,6.84546,-0.34049,123.5,3446.1,3446.1,17364.5,902757.6,14965.7,15398.3,11759.9,11696.9,57142.9,2512861.8,14332.5,14285.7,108.5,5.7488,0.14572,135.7,11281.2,11595.1,52669.2,2738193.1,-30.9,-30.9,-30.4,-30.4,633.1,633.1,478.8,478.8,664.0,664.0,509.2,509.2,38162.5,1678195.8,9585.7,9540.6,127.4,-1.0619,-8.22996,109.6,6456.9,6539.3,29958.4,1557495.3,41472.3,1823742.7,10368.1,10368.1,112.0,11.22349,-5.16954,120.6,7654.2,7654.2,37029.8,1925125.4,22.74019,8929.3,1253.9,2263.2,1071.3,1607.2,7137.9
2021-Q1,-1264.8,-1413.5,-1672.1,-1883.2,52052.0,52052.0,35700.4,35700.4,9510.7,9265.2,5463.2,5176.1,11015.1,10275.7,8459.2,7862.3,8467.1,7964.2,6778.6,6342.0,4804.6,4804.6,3317.5,3082.6,9691.7,8468.7,7051.4,6713.5,26721.6,25403.4,18460.5,18009.2,9714.7,9714.7,6822.2,6822.2,7315.2,7219.9,4586.8,4473.5,57571.1,57492.7,39177.3,36982.4,229971.0,9706176.1,57571.1,57492.7,129.1,1.18076,1.61515,133.1,39177.3,36982.4,178193.4,9264017.6,,,,,-1695.6,190.8,41849.7,42941.6,26644.8,27590.2,137870.3,5818966.2,34874.1,34467.6,126.0,3.2025,5.82686,139.2,22232.6,21721.8,109408.8,5688004.7,27902.5,1177654.9,6975.6,6975.6,125.5,28.03625,28.95138,158.1,4412.2,4412.2,22232.9,1155857.0,18681.8,18229.9,14013.7,13416.4,66505.8,2806949.7,17403.1,16626.4,118.8,6.31776,9.36368,144.3,13039.5,12327.7,55996.7,2911185.6,-36.8,-36.8,-34.9,-34.9,1278.6,1278.6,974.3,974.3,1315.4,1315.4,1009.2,1009.2,42149.9,1778984.6,10686.2,10537.5,130.8,7.57824,4.02566,117.9,7245.9,7034.9,32228.7,1675526.1,47803.9,2017617.1,11951.0,11951.0,110.8,16.51147,11.71242,140.5,8918.1,8918.1,43144.0,2242991.9,23.69326,3346.4,-380.2,873.4,1200.0,438.7,1470.2
2021-Q2,-301.3,-111.4,-959.7,-791.6,46447.6,46447.6,30592.2,30592.2,8588.9,9508.0,4783.2,5225.5,9871.8,10187.8,7346.0,7655.8,7492.1,7775.4,5773.2,6126.0,3453.1,3453.1,2253.4,2297.6,6278.2,6991.0,4453.6,4544.8,24533.8,25927.4,16209.6,16464.2,11526.2,11526.2,8061.4,8061.4,6729.4,7410.3,3694.7,3858.0,51482.9,51171.1,32531.1,33095.8,204684.2,8809486.4,51482.9,51171.1,128.4,-10.50918,19.90797,119.1,32531.1,33095.8,159466.7,8290445.0,,,,,1497.1,588.4,35038.3,38702.8,21593.4,22031.8,116065.1,4995372.4,28405.5,29016.3,130.1,-18.43545,14.12668,113.5,17490.3,17717.3,89238.8,4639395.3,26531.4,1141896.4,6632.9,6632.9,128.3,-7.00552,-4.40932,147.1,4103.1,4103.1,20675.4,1074883.3,15248.9,14561.4,11309.0,11562.9,56443.6,2429296.8,14438.8,14110.9,119.7,-15.78893,61.56998,121.5,10637.7,10381.3,47155.4,2451540.6,491.3,491.3,436.9,436.9,810.0,810.0,671.2,671.2,318.7,318.7,234.3,234.3,45894.0,1975251.5,11283.5,11473.5,133.2,6.91633,40.5088,126.1,7353.4,7521.5,34457.8,1791411.0,46339.5,1994423.9,11584.9,11584.9,115.2,-6.7842,60.65303,131.0,8313.1,8313.1,40217.0,2090822.8,23.23453,6089.6,1815.8,1031.1,822.6,1248.8,8156.4
2021-Q3,-1321.2,-1261.9,-1732.3,-1725.1,50579.0,50579.0,33216.8,33216.8,7476.6,9683.3,4080.0,5269.6,10631.5,10889.3,7748.0,7875.9,8244.6,8291.9,6249.6,6261.3,3802.1,3802.1,2432.4,2672.8,8143.9,9553.5,5654.7,5756.4,28668.7,30012.2,18956.4,19174.7,12511.8,12511.8,8622.9,8622.9,8013.0,7946.9,4678.8,4795.5,56347.0,57065.9,35916.5,37640.3,228263.7,10154241.6,56347.0,57065.9,125.9,13.73106,9.25901,135.4,35916.5,37640.3,181363.2,9428811.3,,,,,-510.4,-29.5,39225.4,39943.3,23801.0,23930.0,141430.6,6291498.4,33397.8,35357.6,129.9,22.03987,11.77944,138.5,20276.5,21622.1,108906.9,5661912.2,23310.6,1036967.0,5827.7,5827.7,131.3,-14.10277,9.27614,126.3,3524.5,3524.5,17759.6,923294.9,18953.2,18698.4,13877.4,14658.8,70993.0,3158102.6,16504.3,17748.2,124.9,20.54013,14.12535,146.4,11976.1,12513.6,56841.2,2955090.2,540.7,540.7,473.0,473.0,2448.8,2448.8,1901.3,1901.3,1908.2,1908.2,1428.3,1428.3,49287.4,2192534.6,12262.5,12321.8,135.2,5.76446,20.35713,133.4,7947.8,7955.0,36444.1,1894676.1,54334.9,2417072.2,13583.7,13583.7,116.0,16.44544,40.66214,152.5,9680.2,9680.2,46830.8,2434667.8,22.47964,-2423.1,1397.8,-1146.4,1398.7,1232.2,8242.3
2021-Q4,-2478.4,-2530.0,-2347.3,-2241.1,56865.6,56865.6,35257.9,35257.9,12950.5,9923.2,6630.4,5300.2,10707.9,11144.3,7455.3,7794.8,7986.5,8359.8,5914.7,6186.8,4309.5,4309.5,2669.5,2651.4,9481.2,9139.3,6308.7,6480.0,28897.7,28156.2,18502.7,18531.0,10751.8,10751.8,7107.4,7107.4,8664.7,8265.1,5086.7,4943.6,63032.8,62594.4,38221.6,38332.7,250377.5,10527609.5,63032.8,62594.4,135.6,1.8396,4.87505,137.9,38221.6,38332.7,184699.6,9602263.5,,,,,1748.0,1052.0,45731.1,41040.2,26780.1,25351.7,151027.9,6350264.3,39678.0,37757.0,134.0,3.4693,6.29306,143.4,23216.1,22372.3,112685.2,5858340.8,24212.2,1018050.2,6053.1,6053.1,134.8,1.12252,3.423,127.7,3564.0,3564.0,17958.9,933659.1,18032.1,18498.3,12736.8,12602.1,65651.5,2760446.8,16446.9,16412.9,121.4,-4.84065,2.69709,139.4,11507.6,11907.8,54089.7,2812044.6,523.8,523.8,447.7,447.7,1585.2,1585.2,1229.1,1229.1,1061.4,1061.4,781.5,781.5,51310.5,2157450.5,12879.3,12827.6,141.6,-0.54234,20.98916,132.6,7805.7,7911.9,36246.4,1884400.5,61430.6,2582970.8,15357.7,15357.7,125.1,4.88503,32.64601,160.0,10153.0,10153.0,49118.5,2553602.0,23.78294,19605.9,2809.5,4377.7,1833.5,2282.0,12837.8
