country,SAU,SAU,SAU,SAU,SAU,SAU,SAU,SAU,SAU,SAU,SAU,SAU,SAU,SAU,SAU,SAU,SAU,SAU,SAU,SAU,SAU,SAU,SAU,SAU,SAU,SAU,SAU,SAU,SAU,SAU,SAU,SAU,SAU,SAU,SAU,SAU,SAU,SAU,SAU,SAU,SAU,SAU,SAU,SAU,SAU,SAU,SAU,SAU,SAU,SAU,SAU,SAU,SAU,SAU,SAU,SAU,SAU,SAU,SAU,SAU,SAU,SAU,SAU,SAU,SAU,SAU,SAU,SAU,SAU,SAU,SAU,SAU,SAU,SAU,SAU,SAU,SAU,SAU,SAU,SAU,SAU,SAU,SAU,SAU,SAU,SAU,SAU,SAU,SAU,SAU,SAU,SAU,SAU,SAU,SAU,SAU,SAU,SAU,SAU,SAU,SAU,SAU,SAU,SAU,SAU
subject,B11,B11,B1G,B1G,B1G,B1GVA,B1GVA,B1GVA,B1GVB_E,B1GVB_E,B1GVB_E,B1GVC,B1GVC,B1GVC,B1GVF,B1GVF,B1GVF,B1GVG_I,B1GVG_I,B1GVG_I,B1GVG_U,B1GVG_U,B1GVG_U,B1GVJ,B1GVJ,B1GVJ,B1GVK,B1GVK,B1GVK,B1GVL,B1GVL,B1GVL,B1GVO_Q,B1GVO_Q,B1GVO_Q,B1GVR_U,B1GVR_U,B1GVR_U,B1G_P119,B1G_P119,B1G_P119,B1_GA,B1_GA,B1_GA,B1_GE,B1_GE,B1_GE,B1_GE,B1_GE,B1_GE,B1_GE,B1_GE,B1_GE,B1_GE,B1_GE,B1_GE,B1_GE,B1_GS1,B5_GS1,B8GS1,D1_D4FRS2,D1_D4NFRS2,D1_D4TOS2,D21_D31,D21_D31,D21_D31,D5_D7TOS2,P119,P119,P119,P3,P3,P31S14_S15,P31S14_S15,P3S1,P3S13,P3S13,P3_P5,P3_P5,P3_P51,P3_P51,P3_P6,P3_P6,P5,P5,P51,P51,P52_P53,P52_P53,P5S1,P6,P6,P61,P62,P7,P7,P71,P72,POPNC,PPPGDP,RB1_GA,RB1_GA,RB1_GA,RB1_GE,RB1_GE
measure,CQR,VNBQR,CQR,VNBQR,VNBQRSA,CQR,VNBQR,VNBQRSA,CQR,VNBQR,VNBQRSA,CQR,VNBQR,VNBQRSA,CQR,VNBQR,VNBQRSA,CQR,VNBQR,VNBQRSA,CQR,VNBQR,VNBQRSA,CQR,VNBQR,VNBQRSA,CQR,VNBQR,VNBQRSA,CQR,VNBQR,VNBQRSA,CQR,VNBQR,VNBQRSA,CQR,VNBQR,VNBQRSA,CQR,VNBQR,VNBQRSA,CQR,VNBQR,VNBQRSA,CARSA,CPCARSA,CQR,DOBSA,GPSA,GYSA,HCPCARSA,HVPVOBARSA,VIXOBSA,VNBQR,VNBQRSA,VOBARSA,VPVOBARSA,CQR,CQR,CQR,CQR,CQR,CQR,CQR,VNBQR,VNBQRSA,CQR,CQR,VNBQR,VNBQRSA,CQR,VNBQR,CQR,VNBQR,CQR,CQR,VNBQR,CQR,VNBQR,CQR,VNBQR,CQR,VNBQR,CQR,VNBQR,CQR,VNBQR,CQR,VNBQR,CQR,CQR,VNBQR,CQR,CQR,CQR,VNBQR,CQR,CQR,PER,CD,CQR,VNBQR,VNBQRSA,CQR,VNBQR
unit,Saudi Riyal,Saudi Riyal,Saudi Riyal,Saudi Riyal,Saudi Riyal,Saudi Riyal,Saudi Riyal,Saudi Riyal,Saudi Riyal,Saudi Riyal,Saudi Riyal,Saudi Riyal,Saudi Riyal,Saudi Riyal,Saudi Riyal,Saudi Riyal,Saudi Riyal,Saudi Riyal,Saudi Riyal,Saudi Riyal,Saudi Riyal,Saudi Riyal,Saudi Riyal,Saudi Riyal,Saudi Riyal,Saudi Riyal,Saudi Riyal,Saudi Riyal,Saudi Riyal,Saudi Riyal,Saudi Riyal,Saudi Riyal,Saudi Riyal,Saudi Riyal,Saudi Riyal,Saudi Riyal,Saudi Riyal,Saudi Riyal,Saudi Riyal,Saudi Riyal,Saudi Riyal,Saudi Riyal,Saudi Riyal,Saudi Riyal,Saudi Riyal,US Dollar,Saudi Riyal,Index,Percentage,Percentage,US Dollar,US Dollar,Index,Saudi Riyal,Saudi Riyal,Saudi Riyal,US Dollar,Saudi Riyal,Saudi Riyal,Saudi Riyal,Saudi Riyal,Saudi Riyal,Saudi Riyal,Saudi Riyal,Saudi Riyal,Saudi Riyal,Saudi Riyal,Saudi Riyal,Saudi Riyal,Saudi Riyal,Saudi Riyal,Saudi Riyal,Saudi Riyal,Saudi Riyal,Saudi Riyal,Saudi Riyal,Saudi Riyal,Saudi Riyal,Saudi Riyal,Saudi Riyal,Saudi Riyal,Saudi Riyal,Saudi Riyal,Saudi Riyal,Saudi Riyal,Saudi Riyal,Saudi Riyal,Saudi Riyal,Saudi Riyal,Saudi Riyal,Saudi Riyal,Saudi Riyal,Saudi Riyal,Saudi Riyal,Saudi Riyal,Saudi Riyal,Saudi Riyal,Saudi Riyal,Persons,Saudi Riyal,Saudi Riyal,Saudi Riyal,Saudi Riyal,Saudi Riyal,Saudi Riyal
powercode,Millions,Millions,Millions,Millions,Millions,Millions,Millions,Millions,Millions,Millions,Millions,Millions,Millions,Millions,Millions,Millions,Millions,Millions,Millions,Millions,Millions,Millions,Millions,Millions,Millions,Millions,Millions,Millions,Millions,Millions,Millions,Millions,Millions,Millions,Millions,Millions,Millions,Millions,Millions,Millions,Millions,Millions,Millions,Millions,Billions,Millions,Millions,Units,Units,Units,Units,Units,Units,Millions,Millions,Billions,Millions,Millions,Millions,Millions,Millions,Millions,Millions,Millions,Millions,Millions,Millions,Millions,Millions,Millions,Millions,Millions,Millions,Millions,Millions,Millions,Millions,Millions,Millions,Millions,Millions,Millions,Millions,Millions,Millions,Millions,Millions,Millions,Millions,Millions,Millions,Millions,Millions,Millions,Millions,Millions,Millions,Millions,Thousands,Units,Millions,Millions,Millions,Millions,Millions
reference_period,,2010,,2010,2010,,2010,2010,,2010,2010,,2010,2010,,2010,2010,,2010,2010,,2010,2010,,2010,2010,,2010,2010,,2010,2010,,2010,2010,,2010,2010,,2010,2010,,2010,2010,,,,2015,,,,2015,2015,2010,2010,2015,2015,,,,,,,,2010,2010,,,2010,2010,,2010,,2010,,,2010,,2010,,2010,,2010,,2010,,2010,,2010,,,2010,,,,2010,,,,,,2010,2010,,2010
time,,,,,,,,,,,,,,,,,,,,,,,,,,,,,,,,,,,,,,,,,,,,,,,,,,,,,,,,,,,,,,,,,,,,,,,,,,,,,,,,,,,,,,,,,,,,,,,,,,,,,,,,,
2005-Q1,83445.0,,,,,9910.2,,,,,,27019.6,,,14624.2,,,20822.8,,,59714.5,,,11351.6,,,14561.4,,,12978.7,,,,,,,,,,,,279776.7,,,,,279776.7,,,,,,,,,,,279776.7,,,,,,,,,,4352.3,,,137376.2,,78881.2,,,58495.0,,196331.7,,195552.7,,349140.7,,58955.5,,58176.5,,779.0,,,152809.0,,143192.0,9617.0,69364.0,,51912.0,17452.0,,,,,,779.0,
2005-Q2,90249.0,,,,,10306.6,,,,,,29150.9,,,15178.8,,,17738.0,,,55278.4,,,10480.1,,,14029.3,,,13031.0,,,,,,,,,,,,300987.1,,,,,300987.1,,,,,,,,,,,300987.1,,,,,,,,,,4193.2,,,148221.8,,82952.8,,,65269.0,,210738.1,,208101.1,,378982.1,,62516.3,,59879.3,,2637.0,,,168244.0,,165076.0,3168.0,77995.0,,57089.0,20906.0,,,,,,2637.0,
2005-Q3,116511.0,,,,,10623.7,,,,,,30503.7,,,14565.8,,,18509.2,,,55522.7,,,10436.5,,,13441.3,,,13135.7,,,,,,,,,,,,322050.7,,,,,322050.7,,,,,,,,,,,322050.7,,,,,,,,,,4017.5,,,148024.8,,83214.8,,,64810.0,,205539.7,,203310.7,,399410.7,,57514.9,,55285.9,,2229.0,,,193871.0,,188409.0,5462.0,77360.0,,55647.0,21713.0,,,,,,2229.0,
2005-Q4,105456.0,,,,,8800.3,,,,,,30792.1,,,14011.2,,,20051.6,,,58521.0,,,11308.1,,,13973.3,,,13188.0,,,,,,,,,,,,327956.9,,,,,327956.9,,,,,,,,,,,327956.9,,,,,,,,,,4176.5,,,153181.4,,79105.4,,,74076.0,,222500.9,,217529.9,,409740.9,,69319.6,,64348.6,,4971.0,,,187240.0,,180467.0,6773.0,81784.0,,58337.0,23447.0,,,,,,4971.0,
2006-Q1,130568.0,,,,,11191.7,,,,,,34056.7,,,16454.3,,,23478.7,,,67754.1,,,12670.0,,,17072.5,,,14532.9,,,,,,,,,,,,351824.3,,,,,351824.3,,,,,,,,,,,351824.3,354023.8,147333.3,7685.5,2199.5,5486.0,,,,14375.6,4393.7,,,159278.6,,89422.6,,159278.6,69856.0,,221256.3,,220409.8,,432577.3,,61977.7,,61131.3,,846.5,,61977.7,211321.0,,195451.0,15870.0,80753.0,,54942.1,25810.9,,,,,,846.4,
2006-Q2,118185.0,,,,,10798.0,,,,,,34497.7,,,16158.6,,,21782.0,,,65036.3,,,12958.0,,,16546.7,,,13749.6,,,,,,,,,,,,362661.3,,,,,362661.3,,,,,,,,,,,362661.3,366891.9,150729.8,10003.6,4230.6,5773.0,,,,16247.0,4481.6,,,165861.2,,92868.2,,165861.2,72993.0,,244476.3,,236420.5,,463967.3,,78615.1,,70559.3,,8055.8,,78615.1,219491.0,,208647.0,10844.0,101306.0,,66939.8,34366.2,,,,,,8055.8,
2006-Q3,103835.0,,,,,10404.2,,,,,,34199.8,,,16336.0,,,22121.3,,,64345.3,,,12349.0,,,16021.0,,,13854.0,,,,,,,,,,,,363121.7,,,,,363121.7,,,,,,,,,,,363121.7,368473.5,146159.1,11874.8,5351.8,6523.0,,,,15959.0,4253.1,,,172258.2,,93977.2,,172258.2,78281.0,,259286.7,,248754.5,,480361.7,,87028.5,,76496.3,,10532.2,,87028.5,221075.0,,207399.0,13676.0,117240.0,,67232.6,50007.4,,,,,,10532.2,
2006-Q4,66896.0,,,,,9225.1,,,,,,32717.2,,,15686.5,,,23821.0,,,66113.0,,,11836.0,,,16549.7,,,13906.2,,,,,,,,,,,,333884.1,,,,,333884.1,,,,,,,,,,,333884.1,336464.0,107806.5,9688.9,2579.9,7109.0,,,,16261.9,4446.4,,,181043.9,,91091.9,,181043.9,89952.0,,266988.1,,261537.5,,459623.1,,85944.2,,80493.6,,5450.6,,85944.2,192635.0,,179841.0,12794.0,125739.0,,72287.2,53451.8,,,,,,5450.6,
2007-Q1,78244.0,,,,,11640.7,,,,,,36521.1,,,18776.3,,,28405.3,,,79121.2,,,15935.0,,,19201.6,,,15579.4,,,,,,,,,,,,347752.7,,,,,347752.7,,,,,,,,,,,347752.7,352483.7,123240.3,11367.0,4731.0,6636.0,,,,13292.0,4442.0,,,183297.4,,106169.4,,183297.4,77128.0,,269508.7,,258669.0,,458506.7,,86211.3,,75371.6,,10839.7,,86211.3,188998.0,,174949.0,14049.0,110754.0,,76559.1,34194.9,,,,,,10839.7,
2007-Q2,80216.0,,,,,11158.8,,,,,,37858.0,,,18646.2,,,26555.6,,,75847.6,,,15171.5,,,19006.7,,,15113.8,,,,,,,,,,,,374121.8,,,,,374121.8,,,,,,,,,,,374121.8,380651.9,138263.5,15304.0,6530.0,8774.0,,,,17324.6,4697.9,,,189933.7,,111506.7,,189933.7,78427.0,,293905.8,,281128.2,,507773.8,,103972.2,,91194.5,,12777.6,,103972.2,213868.0,,202070.0,11798.0,133652.0,,83060.5,50591.5,,,,,,12777.6,
2007-Q3,85044.0,,,,,10757.3,,,,,,38341.3,,,18711.3,,,26925.5,,,74990.1,,,14445.1,,,18451.0,,,15168.6,,,,,,,,,,,,393357.1,,,,,393357.1,,,,,,,,,,,393357.1,400441.2,150945.3,16581.1,7084.1,9497.0,,,,18302.0,4460.3,,,194257.7,,111962.7,,194257.7,82295.0,,308313.1,,296091.3,,546165.1,,114055.4,,101833.5,,12221.8,,114055.4,237852.0,,222935.0,14917.0,152808.0,,86962.0,65846.0,,,,,,12221.8,
2007-Q4,146382.0,,,,,9626.0,,,,,,42238.8,,,18191.1,,,28480.3,,,78260.7,,,15489.1,,,19040.6,,,15250.7,,,,,,,,,,,,443595.8,,,,,443595.8,,,,,,,,,,,443595.8,449221.8,203833.6,13478.0,5626.0,7852.0,,,,14950.6,4679.7,,,188783.9,,104547.9,,188783.9,84236.0,,297213.8,,289071.5,,590815.8,,108429.9,,100287.6,,8142.3,,108429.9,293602.0,,274449.0,19153.0,147220.0,,91507.0,55713.0,,,,,,8142.3,
2008-Q1,148714.0,,,,,12082.4,,,,,,44041.6,,,19662.0,,,34189.1,,,92424.7,,,19579.8,,,21157.6,,,17498.2,,,,,,,,,,,,492351.1,,,,,492351.1,,,,,,,,,,,492351.1,500201.8,227616.7,16778.9,7850.5,8928.4,,,,19886.3,4749.5,,,206467.1,,130250.1,,206467.1,76217.0,,343637.1,,316902.1,,649207.1,,137170.0,,110435.0,,26735.0,,137170.0,305570.0,,299943.0,5627.0,156856.0,,95933.4,60922.6,,,,,,26735.0,
2008-Q2,207290.0,,,,,11588.4,,,,,,46927.2,,,19901.0,,,32175.2,,,89320.0,,,19105.5,,,20849.9,,,17189.4,,,,,,,,,,,,557569.8,,,,,557569.8,,,,,,,,,,,557569.8,567967.4,272411.8,22478.2,10397.4,12080.8,,,,21389.4,4826.2,,,221810.5,,132565.5,,221810.5,89245.0,,350279.8,,333618.8,,725114.8,,128469.4,,111808.4,,16661.0,,128469.4,374835.0,,367106.0,7729.0,167545.0,,105704.9,61840.1,,,,,,16661.0,
2008-Q3,175822.0,,,,,11309.1,,,,,,45656.4,,,20082.0,,,33143.0,,,90806.0,,,19452.0,,,20956.0,,,17255.0,,,,,,,,,,,,535505.9,,,,,535505.9,,,,,,,,,,,535505.9,543143.9,253816.3,21120.4,7637.9,13482.5,,,,23761.7,4590.0,,,215281.9,,131240.9,,215281.9,84041.0,,359683.9,,331991.9,,710470.9,,144402.0,,116710.0,,27692.0,,144402.0,350787.0,,341527.0,9260.0,174965.0,,113892.9,61072.2,,,,,,27692.0,
2008-Q4,16307.0,,,,,10181.4,,,,,,38475.7,,,20036.0,,,33831.0,,,91866.0,,,19637.0,,,21070.0,,,17328.0,,,,,,,,,,,,363811.5,,,,,363811.5,,,,,,,,,,,363811.5,372294.3,91390.6,20240.8,8482.5,11758.3,,,,21256.7,4660.0,,,225485.1,,129890.1,,225485.1,95595.0,,347504.5,,331030.5,,527013.5,,122019.4,,105545.4,,16474.0,,122019.4,179509.0,,166976.0,12533.0,163202.0,,116221.6,46980.4,,,,,,16474.0,
2009-Q1,-5077.4,,,,,12417.0,,,,,,41171.5,,,19710.9,,,36577.6,,,101364.8,,,22464.5,,,22776.5,,,19546.2,,,,,,,,,,,,352014.5,,,,,352014.5,,,,,,,,,,,352014.5,365193.7,70770.3,19000.4,13179.4,5821.0,,,,25338.2,4788.2,,,236031.0,,149036.8,,236031.0,86994.2,,357091.9,,341256.9,,498999.9,,121060.9,,105225.9,,15835.0,,121060.9,141908.0,,135613.0,6295.0,146985.4,,86279.4,60706.0,,,,,,15835.0,
2009-Q2,16241.0,,,,,11661.5,,,,,,43339.1,,,19955.0,,,34090.2,,,95993.5,,,21663.3,,,20708.0,,,19532.0,,,,,,,,,,,,386801.4,,,,,386801.4,,,,,,,,,,,386801.4,397218.1,100341.5,19524.2,10416.5,9107.7,,,,26425.4,4959.3,,,234130.6,,149959.6,,234130.6,84171.0,,370560.4,,335702.4,,551412.4,,136429.8,,101571.8,,34858.0,,136429.8,180852.0,,172321.0,8531.0,164611.0,,90812.0,73799.0,,,,,,34858.0,
2009-Q3,49642.9,,,,,11443.1,,,,,,44308.1,,,20198.4,,,37315.5,,,104121.1,,,22453.1,,,24562.6,,,19789.9,,,,,,,,,,,,422833.4,,,,,422833.4,,,,,,,,,,,422833.4,430022.3,137342.2,19740.1,7189.1,12551.0,,,,25023.1,4726.0,,,227952.9,,145641.7,,227952.9,82311.2,,373190.5,,330474.5,,576193.5,,145237.6,,102521.6,,42716.0,,145237.6,203003.0,,194192.0,8811.0,153360.1,,89367.2,63992.9,,,,,,42716.0,
2009-Q4,89146.0,,,,,10404.1,,,,,,45781.1,,,20514.6,,,39852.2,,,106525.8,,,22288.9,,,24438.4,,,19946.2,,,,,,,,,,,,447467.7,,,,,447467.7,,,,,,,,,,,447467.7,449081.1,129365.3,15805.5,1613.5,14192.0,,,,26985.5,4825.8,,,250713.1,,147174.5,,250713.1,103538.6,,358321.7,,355846.7,,590269.7,,107608.7,,105133.7,,2475.0,,107608.7,231948.0,,219026.0,12922.0,142802.0,,91830.9,50971.1,,,,,,2475.0,
2010-Q1,82438.0,82436.6,482620.5,482620.5,,14120.5,14120.5,,246808.9,246808.9,,54446.9,54446.9,,23149.0,23149.0,,47116.6,47116.6,,198542.2,198542.2,,26313.3,26313.3,,24525.2,24525.2,,22951.8,22951.8,,68155.6,68155.6,,9479.7,9479.7,,477721.7,477721.7,,481074.1,481074.1,,1924.3,,481074.1,,,,,,,481074.1,,,,481074.1,491611.1,169924.1,16412.4,10536.9,5875.5,3352.4,3352.4,,25466.4,4898.8,4898.8,,251047.7,251047.7,156759.2,156759.2,251047.7,94288.5,94288.5,398636.1,398637.5,367486.9,367486.9,623976.1,623976.7,147588.4,147589.8,116439.2,116439.2,31149.2,31150.6,147588.4,225340.0,225339.2,218109.0,7231.0,142902.0,142902.6,91584.0,51318.0,27194.4,,0.0,0.0,,31149.2,31150.6
2010-Q2,62516.0,62514.7,477749.3,477749.3,,13597.5,13597.5,,260286.5,260286.5,,53467.9,53467.9,,22695.1,22695.1,,40136.3,40136.3,,181170.2,181170.2,,25098.8,25098.8,,23581.9,23581.9,,21627.7,21627.7,,61283.5,61283.5,,9441.9,9441.9,,472752.5,472752.5,,476504.5,476504.5,,1906.02,,476504.5,,,,,,,476504.5,,,,476504.5,485679.6,154484.8,18274.1,9175.1,9099.0,3752.0,3752.0,,25526.0,4996.8,4996.8,,260925.0,260925.0,164331.8,164331.8,260925.0,96593.2,96593.2,413988.5,413989.8,374167.8,374167.8,651774.5,651774.1,153063.5,153064.8,113242.7,113242.7,39820.8,39822.0,153063.5,237786.0,237784.3,229396.0,8390.0,175270.0,175269.6,102491.0,72779.0,27408.2,,0.0,0.0,,39820.8,39822.0
2010-Q3,73522.0,73523.2,480862.0,480862.0,,13074.5,13074.5,,263941.7,263941.7,,55156.0,55156.0,,22967.5,22967.5,,41881.4,41881.4,,180878.3,180878.3,,24027.5,24027.5,,22638.6,22638.6,,21804.2,21804.2,,61122.4,61122.4,,9404.1,9404.1,,476120.0,476120.0,,479784.3,479784.3,,1919.14,,479784.3,,,,,,,479784.3,,,,479784.3,484908.7,168793.4,17702.4,5124.4,12578.0,3664.3,3664.3,,24363.3,4742.0,4742.0,,246700.2,246700.2,159314.8,159314.8,246700.2,87385.4,87385.4,406262.3,406261.1,356709.4,356709.4,642742.3,642741.9,159562.1,159560.8,110009.1,110009.1,49552.9,49551.7,159562.1,236480.0,236480.8,226448.0,10032.0,162958.0,162957.6,100106.0,62852.0,27624.3,,0.0,0.0,,49552.9,49551.7
2010-Q4,110129.0,110131.4,544472.0,544472.0,,11505.6,11505.6,,294643.1,294643.1,,55100.2,55100.2,,21968.9,21968.9,,45371.5,45371.5,,216354.5,216354.5,,25765.2,25765.2,,23581.9,23581.9,,21892.5,21892.5,,90301.4,90301.4,,9441.9,9441.9,,539514.4,539514.4,,543414.4,543414.4,,2173.66,,543414.4,,,,,,,543414.4,,,,543414.4,544992.7,183701.0,15754.2,1578.2,14176.0,3900.0,3900.0,,29347.6,4957.6,4957.6,,280917.4,280917.4,159011.5,159011.5,280917.4,121906.0,121906.0,433285.4,433283.0,425147.3,425147.3,715545.4,715545.7,152368.0,152365.6,144229.9,144229.9,8138.1,8135.7,152368.0,282260.0,282262.7,267832.0,14428.0,172131.0,172131.3,106555.0,65576.0,27840.5,,0.0,0.0,,8138.1,8135.7
2011-Q1,156239.0,99830.2,600706.4,531682.0,,14746.3,14716.1,,336951.3,279244.4,,62316.2,59019.9,,27290.4,24924.7,,53470.1,50410.6,,221718.4,212796.8,,29990.8,29986.6,,25568.1,24767.1,,25145.8,23261.2,,77008.5,74194.1,,10535.0,10177.2,,595657.2,526735.3,,598789.2,529790.9,,2395.16,,598789.2,,,,,,,529790.9,,,,598789.2,606803.6,231737.7,15692.4,8014.4,7678.0,3132.0,3055.6,,25593.8,5049.2,4946.7,,293245.8,282601.7,164296.9,159335.9,293245.8,128948.9,123265.8,442550.2,429960.3,447233.9,435665.0,755216.2,676669.9,149304.4,147358.6,153988.1,153063.3,-4683.7,-5704.7,149304.4,312666.0,246709.6,304907.0,7759.0,156427.0,146879.4,108909.1,47517.9,27975.4,,0.0,0.0,,-4683.7,-5704.3
2011-Q2,162792.0,80485.6,630493.4,530336.4,,14205.4,14155.5,,376301.0,293760.7,,62584.7,57938.9,,26765.3,25120.1,,45538.0,43100.1,,213221.7,197300.1,,28567.5,28483.2,,24577.7,23830.2,,23690.1,22228.9,,80425.2,69619.8,,10423.1,10037.9,,625408.8,525281.4,,630448.8,529964.0,,2521.8,,630448.8,,,,,,,529964.0,,,,630448.8,642270.6,248711.5,20890.8,11821.8,9069.0,5040.0,4682.7,,28696.9,5084.6,5055.1,,305663.0,283997.8,170636.0,163818.6,305663.0,135027.0,120179.2,467656.8,449478.4,442865.1,418847.1,820632.8,707069.4,161993.8,165480.7,137202.1,134849.3,24791.6,30631.4,161993.8,352976.0,257590.9,342634.0,10342.0,190184.0,177105.4,125722.7,64461.3,28171.1,,0.0,0.0,,24791.6,30631.4
2011-Q3,159110.0,76679.8,631279.5,544869.8,,13670.2,13652.5,,388751.9,312879.7,,63939.1,60588.9,,27026.3,25321.4,,47472.3,45239.4,,201831.0,193016.2,,27319.5,27238.8,,23598.3,22913.0,,23868.5,22260.9,,69201.1,65416.7,,10371.2,9947.3,,626445.9,540074.2,,631439.9,544830.6,,2525.76,,631439.9,,,,,,,544830.6,,,,631439.9,641333.1,260207.1,20080.3,9893.3,10187.0,4994.0,4756.4,,27650.4,4833.6,4795.6,,294054.5,277187.5,172538.0,163475.1,294054.5,121516.5,113712.3,472329.9,468150.7,411795.0,392274.0,836445.9,734078.7,178275.4,190963.3,117740.5,115086.6,60534.9,75876.7,178275.4,364116.0,265927.9,352534.0,11582.0,205006.0,189248.2,128484.9,76521.1,28369.0,,0.0,0.0,,60534.9,75876.8
2011-Q4,190285.0,135699.6,657458.6,575150.5,,12036.1,12041.7,,393801.8,309123.8,,63163.6,60049.7,,25939.1,24372.9,,51445.8,49506.2,,225681.6,229612.0,,29394.4,29464.9,,24594.7,24058.5,,24010.3,22617.5,,85673.2,93925.1,,10563.1,10039.9,,652349.2,570138.2,,656468.2,574208.5,,2625.87,,656468.2,,,,,,,574208.5,,,,656468.2,663054.1,296166.1,17457.9,6585.9,10872.0,4119.0,4070.3,,28385.7,5109.4,5012.3,,276859.9,273286.6,174290.2,163805.3,276859.9,102569.7,109481.3,466183.2,438508.2,436721.8,429831.0,847266.2,749965.9,189323.3,165221.6,159861.9,156544.4,29461.4,8677.2,189323.3,381083.0,311457.7,367545.0,13538.0,190798.0,175758.2,130332.4,60465.6,28567.2,,0.0,0.0,,29461.4,8677.9
2012-Q1,199800.9,92229.7,712139.7,577494.8,,15494.8,15169.6,,426017.9,313141.9,,71124.5,63433.9,,30220.8,26138.1,,59268.9,53500.4,,240406.2,223045.2,,32337.4,32002.8,,28192.2,25603.1,,32221.7,25457.1,,76847.8,75774.5,,11538.3,10707.3,,706971.7,572514.4,,710785.7,576032.2,,2843.14,,710785.7,,,,,,,576032.2,,,,710785.7,717942.9,305523.0,18092.1,7157.1,10935.0,3814.0,3517.8,,28417.5,5168.0,4980.4,,317259.6,300897.8,190408.7,178616.7,317259.6,126850.9,122281.1,510984.8,483801.9,495799.1,471900.4,906464.0,757987.5,193725.2,182904.0,178539.5,171002.5,15185.7,11901.5,193725.2,395479.2,274185.7,386790.0,8689.2,195678.3,181956.0,136483.3,59194.9,28710.1,,0.0,0.0,,15185.7,11902.2
2012-Q2,166291.0,92490.8,680144.5,565988.5,,14920.9,14649.5,,406731.4,318225.9,,67043.4,60827.0,,29628.3,26183.1,,50303.1,45802.6,,228864.1,206929.9,,30787.1,29933.1,,26711.7,24434.8,,30595.8,24849.6,,78974.0,71218.2,,11492.4,10691.6,,674873.2,560885.2,,680133.2,565657.5,,2720.53,,680133.2,,,,,,,565657.5,,,,680133.2,693307.4,269881.3,24801.2,13174.2,11627.0,5260.0,4772.3,,30891.0,5271.3,5103.3,,328670.5,303103.3,198876.7,185017.0,328670.5,129793.8,118086.3,513842.2,473166.2,465500.1,433989.3,891430.7,759930.8,185171.7,170062.9,136829.6,130885.9,48342.1,39177.0,185171.7,377588.5,286764.5,367846.0,9742.5,211297.4,194273.8,150436.9,60860.5,28894.8,,0.0,0.0,,48342.1,39177.5
2012-Q3,156034.1,77850.0,681262.8,571072.8,,14347.0,13963.5,,391038.5,319065.8,,65417.0,61292.1,,29983.8,26599.8,,52394.5,47910.5,,245893.5,211443.7,,29440.6,28377.4,,26131.2,23832.5,,30724.6,25257.2,,95756.2,75419.4,,11446.4,10646.7,,676260.2,566237.0,,682017.2,571278.7,,2728.07,,682017.2,,,,,,,571278.7,,,,682017.2,693346.5,231159.8,23679.3,11329.3,12350.0,5757.0,5041.7,,26706.0,5002.6,4835.7,,371439.3,328545.1,197240.7,181691.4,371439.3,174198.6,146853.7,525983.1,493428.5,516266.6,466674.9,881638.8,753979.5,154543.8,164883.4,144827.3,138129.8,9716.4,26753.6,154543.8,355655.7,260551.0,346435.0,9220.7,199621.6,182701.0,148036.6,51585.0,29081.5,,0.0,0.0,,9716.4,26753.8
2012-Q4,168674.7,114015.0,685536.4,582565.0,,12625.4,12313.4,,387916.0,303704.7,,66594.7,61716.1,,28680.2,25577.7,,57177.4,52403.2,,256314.9,240969.2,,31713.4,30545.0,,27011.7,24944.9,,30849.0,25594.9,,98071.0,96937.3,,11492.4,10543.8,,680306.5,577513.5,,686969.5,583730.1,,2747.88,,686969.5,,,,,,,583730.1,,,,686969.5,696516.2,284401.1,22105.7,9546.7,12559.0,6663.0,6216.6,,28394.5,5230.0,5051.5,,319214.2,298122.5,198878.5,181015.3,319214.2,120335.7,117107.2,518294.7,469714.5,473923.7,445451.8,887394.8,766542.2,199080.6,171592.0,154709.5,147329.3,44371.0,24262.8,199080.6,369100.1,296827.6,355315.0,13785.1,200425.4,182812.7,148516.2,51909.1,29268.2,,0.0,0.0,,44371.0,24263.3
2013-Q1,140118.3,73402.2,704832.6,579875.3,,16736.7,16031.9,,382649.0,296384.1,,72170.9,65939.8,,34143.3,27921.7,,64915.9,56307.9,,271303.6,239537.6,,34926.8,33279.5,,30108.5,26390.3,,39573.8,29068.9,,89302.8,83014.8,,12475.7,11476.2,,699549.8,574847.1,,702563.8,577645.7,,2810.26,,702563.8,,,,,,,577645.7,,,,702563.8,710481.4,260896.7,19062.6,7917.6,11145.0,3014.0,2798.7,,30371.7,5282.8,5028.3,,353242.3,319314.6,201142.7,181543.1,353242.3,152099.6,137771.5,562445.5,504243.5,531058.9,486667.8,912102.1,764258.2,209203.2,184928.9,177816.6,167353.2,31386.6,17575.7,209203.2,349656.6,260014.7,338895.2,10761.4,209538.3,186612.4,156811.0,52727.3,29427.9,,0.0,0.0,,31386.6,17575.7
2013-Q2,123731.2,75023.6,691717.9,576159.3,,16051.6,15547.4,,381530.8,307398.1,,67190.7,61717.9,,33581.6,28249.4,,56057.9,49245.0,,260553.9,224964.4,,33237.7,31741.7,,28869.3,25629.1,,37752.1,28304.1,,92191.4,78651.5,,12445.6,11393.0,,686285.3,570987.2,,692774.3,576768.5,,2771.1,,692774.3,,,,,,,576768.5,,,,692774.3,707382.7,251205.9,26860.3,14608.3,12252.0,6489.0,5781.3,,35472.7,5432.6,5172.1,,355652.6,313512.1,207905.9,186586.0,355652.6,147746.7,126926.1,569043.1,501744.9,504324.9,452406.2,916375.3,776607.3,213390.5,188232.7,148672.2,138894.0,64718.3,49338.7,213390.5,347332.1,274862.4,336839.6,10492.5,223600.9,199838.8,168230.0,55370.9,29611.1,,0.0,0.0,,64718.3,49338.7
2013-Q3,162096.0,84194.6,701213.3,592609.1,,15450.0,14785.0,,392677.9,329953.7,,68811.5,63501.8,,34102.5,28760.8,,57709.4,51023.6,,258983.0,219109.6,,31792.6,30464.4,,27431.6,24382.8,,37935.4,28602.9,,91720.2,73271.2,,12393.7,11364.7,,696107.5,587754.3,,701752.5,592608.5,,2807.01,,701752.5,,,,,,,592608.5,,,,701752.5,717703.8,266198.4,26483.2,15951.2,10532.0,5645.0,4854.2,,35701.8,5105.8,4854.8,,349908.9,302170.2,211277.4,188286.8,349908.9,138631.5,113883.4,539656.5,508413.9,505707.5,447702.5,915808.1,783085.1,189747.6,206243.7,155798.6,145532.3,33949.0,60711.4,189747.6,376151.7,274671.1,366565.2,9586.5,214055.6,190476.5,155899.0,58156.6,29796.1,,0.0,0.0,,33949.0,60711.4
2013-Q4,165591.0,118850.0,702204.4,611034.9,,12164.7,11572.6,,384659.5,315306.0,,69898.2,64443.7,,32760.9,27685.6,,62903.2,56121.8,,272619.3,256470.8,,34301.0,33134.0,,29935.4,26659.2,,38198.8,29330.9,,94855.6,100119.0,,12425.2,11106.0,,696810.1,605921.1,,702836.1,611668.5,,2811.34,,702836.1,,,,,,,611668.5,,,,702836.1,715214.2,207451.3,21983.1,12378.1,9605.0,6026.0,5747.3,,33313.7,5394.3,5113.8,,408452.9,375135.1,218408.7,193278.8,408452.9,190044.2,181856.3,537245.1,492818.1,588620.6,543664.5,917769.4,803595.1,128792.2,117683.1,180167.7,168529.4,-51375.5,-50846.4,128792.2,380524.4,310776.9,367553.3,12971.0,214933.4,191927.0,149642.0,65291.4,29981.0,,0.0,0.0,,-51375.5,-50846.0
2014-Q1,125822.2,70333.4,747239.0,615816.9,,17087.6,16182.9,,395735.5,318511.2,,78593.4,72400.7,,38779.7,30001.6,,69690.1,58047.6,,295636.1,251121.1,,37625.7,35582.2,,32132.9,27252.3,,44605.6,30595.6,,98011.7,87427.5,,13570.2,12216.1,,741801.9,610723.4,,746219.9,614375.9,,2984.88,,746219.9,,,,,,,614375.9,,,,746219.9,757628.2,219355.7,22354.3,11408.3,10946.0,4418.0,3652.5,,37072.6,5437.1,5093.5,,431129.9,373701.3,219887.3,193997.2,431129.9,211242.6,179704.1,620397.7,544042.5,609811.5,540223.0,985370.0,818874.0,189267.8,170341.3,178681.6,166521.8,10586.2,3819.5,189267.8,364972.3,274831.5,352740.0,12232.3,239150.1,204498.0,152075.0,87075.1,30151.9,,0.0,0.0,,10586.2,3819.5
2014-Q2,138089.9,80426.8,725687.8,597849.6,,16453.8,15735.9,,393913.4,318631.4,,74234.4,67085.2,,37906.2,29717.7,,62740.7,52852.5,,277414.4,233764.6,,35858.1,33792.6,,31068.9,26555.4,,40190.6,29023.2,,94067.1,79451.6,,13489.1,12089.3,,720098.1,592610.9,,726232.1,597840.4,,2904.93,,726232.1,,,,,,,597840.4,,,,726232.1,744400.7,243199.5,28832.6,18168.6,10664.0,6134.0,5229.4,,35271.7,5589.7,5238.7,,397736.4,340441.1,221504.5,194185.6,397736.4,176231.9,146255.5,588142.2,517413.6,574182.2,505249.9,950300.7,789384.8,190405.8,176972.5,176445.8,164808.8,13960.1,12163.7,190405.8,362158.4,271971.3,351122.0,11036.4,224068.5,191544.4,170052.0,54016.5,30337.8,,0.0,0.0,,13960.1,12163.7
2014-Q3,80644.6,38683.6,722823.6,605817.1,,15730.7,14823.9,,377642.3,327511.2,,76171.0,68681.8,,38679.7,30349.5,,66135.7,55893.0,,290770.9,233132.5,,34007.4,31944.2,,29545.2,25229.4,,41965.0,29543.8,,105986.9,78757.0,,13130.7,11765.1,,717629.2,600935.7,,723184.2,605629.2,,2892.74,,723184.2,,,,,,,605629.2,,,,723184.2,741414.9,234811.7,27553.7,18230.7,9323.0,5555.0,4693.5,,36655.6,5194.5,4881.4,,402040.7,333127.6,232110.6,202447.3,402040.7,169930.0,130680.3,642539.6,566945.6,561545.7,481415.9,978728.7,824826.9,240498.9,233818.0,159505.0,148288.3,80993.9,85529.7,240498.9,336189.1,257881.4,327850.0,8339.1,255544.5,219197.7,168939.0,86605.5,30525.4,,0.0,0.0,,80993.9,85529.7
2014-Q4,27287.2,90244.6,638685.4,625735.5,,13891.8,12640.9,,301429.8,319343.6,,77190.0,71818.7,,37599.3,30142.6,,68082.5,58627.6,,285764.5,263608.4,,37221.6,35282.4,,31301.1,27179.8,,42181.8,30219.5,,93560.4,100462.3,,13417.2,11837.0,,633264.2,620604.8,,640677.2,626996.1,,2562.71,,640677.2,,,,,,,626996.1,,,,640677.2,654841.9,140323.5,22924.7,14164.7,8760.0,7413.0,6391.3,,36252.7,5421.1,5130.7,,418106.2,376181.9,236354.8,205042.6,418106.2,181751.4,171139.3,613390.0,536751.6,617727.1,563304.4,879600.6,831611.4,195283.8,160569.6,199620.9,187122.5,-4337.1,-26552.9,195283.8,266210.6,294859.9,252003.0,14207.6,238923.4,204615.3,160810.0,78113.4,30712.9,,0.0,0.0,,-4337.1,-26552.9
2015-Q1,-10364.2,82664.8,643304.5,631484.2,626009.1,17357.1,16264.9,15141.2,236302.5,322491.7,328502.8,79955.0,75242.0,72708.8,41382.8,31535.7,31261.8,72532.6,59617.6,57891.2,348262.2,261191.9,251103.3,40438.4,37808.3,35618.0,31709.4,26415.2,26610.7,47944.0,31656.3,30620.1,141523.0,93250.9,88257.1,14114.8,12443.7,12106.3,637880.5,626438.1,620931.8,642110.4,629918.6,626016.2,2568.44,1563645.4,642110.4,106.4,,,50643.6,49129.3,98.4,629918.6,626016.2,2413.82,1516891.4,642110.4,654217.5,90901.6,19785.9,12107.0,7678.9,4230.0,3480.4,5084.4,47092.4,5424.0,5046.0,5077.3,455929.4,369810.6,252741.4,215611.8,455929.4,203188.0,154198.8,652474.6,547253.7,647148.7,547977.6,859104.8,814752.2,196545.2,177443.2,191219.3,178167.1,5325.9,-723.9,196545.2,206630.2,267498.5,192865.0,13765.2,216994.5,184833.6,163877.4,53117.1,30875.5,1.6426,-0.1,0.0,0.0,5325.9,-723.9
2015-Q2,-8590.1,65620.9,634157.9,629754.7,638782.6,16576.5,15765.1,14831.0,267025.7,342678.8,340961.9,78357.5,73190.8,74808.8,40352.6,30779.7,31407.0,65484.8,54254.3,57906.9,310203.0,240531.2,251582.7,38389.0,35700.4,35944.8,33829.9,27741.5,26844.5,43175.5,29965.0,30536.0,115299.3,80557.8,88169.7,14024.6,12312.1,12180.8,628490.5,624464.3,633632.9,633737.0,628816.5,638461.1,2534.95,1575852.3,633737.0,103.0,1.987950069,,50735.7,49808.2,100.3,628816.5,638461.1,2461.81,1547046.4,633737.0,651530.2,109078.2,25614.8,17793.6,7821.1,5246.0,4352.3,4828.2,39842.6,5667.3,5290.5,5149.7,443101.5,373946.1,246294.1,211360.2,443101.5,196807.4,162585.9,642327.1,563195.7,638014.5,556533.6,875427.8,839651.4,199225.6,189249.6,194913.0,182587.6,4312.6,6662.1,199225.6,233100.8,276455.7,220714.0,12386.8,241690.8,210834.9,169645.1,72045.7,31060.1,1.60862,0.5,0.0,0.0,4312.6,6662.1
2015-Q3,-38166.5,51718.3,605657.7,632183.1,641231.4,16039.6,14914.9,14867.1,237296.8,346851.2,341543.2,77067.6,74402.2,75168.3,41245.4,31534.1,31402.0,69018.1,57563.4,57943.6,311075.9,238882.9,253419.1,36561.6,33757.4,36385.2,30549.7,25583.8,26894.5,45057.2,30571.5,31078.0,116239.6,79415.3,88878.5,13649.7,11991.4,12239.2,600298.7,627200.5,636056.6,606991.2,632682.5,641646.7,2427.96,1544309.0,606991.2,98.1,0.498950217,,49423.6,49758.3,100.8,632682.5,641646.7,2474.09,1554765.4,606991.2,627117.1,123409.8,28401.5,20125.4,8276.1,6693.0,5481.9,5590.1,35618.4,5359.0,4982.6,5174.8,411092.4,341601.7,238867.0,205455.7,411092.4,172225.4,136146.0,645157.7,580964.2,586844.6,508220.2,847747.7,845415.3,234065.3,239362.5,175752.2,166618.5,58313.1,72744.0,234065.3,202590.0,264451.2,184980.0,17610.0,240756.5,212732.9,157305.0,83451.5,31246.4,1.5722,-0.5,0.0,0.0,58313.1,72744.0
2015-Q4,-52742.4,96688.0,566469.1,651220.6,638619.4,14293.8,12799.2,14904.8,207165.6,337832.4,338846.2,75835.0,75606.3,75755.3,39993.9,31334.3,31113.0,70994.7,60309.2,58003.0,305015.9,269254.6,253755.5,39900.6,37252.6,36570.6,32784.2,27605.5,26996.3,45361.3,31297.3,31255.9,102005.1,100724.5,88643.3,13970.0,12065.5,12286.5,560847.5,646009.0,633490.6,570673.2,653818.9,639112.4,2282.69,1480570.4,570673.2,92.6,-0.394976092,,47103.4,49268.5,100.4,653818.9,639112.4,2464.32,1548624.5,570673.2,585447.5,72015.8,22110.3,14774.1,7336.2,9826.0,7809.9,5621.8,45097.7,5621.6,5211.6,5128.8,414822.9,380902.4,250904.4,217047.6,414822.9,163918.4,163854.8,623415.7,557131.0,585370.9,544932.0,798633.6,855827.7,208592.8,176228.6,170548.1,164029.7,38044.7,12198.9,208592.8,175217.9,298696.7,164703.0,10514.9,227960.4,202008.7,164205.8,63754.5,31432.4,1.54177,-0.2,0.0,0.0,38044.7,12198.9
2016-Q1,-41788.5,117218.3,578121.6,648092.9,646243.1,17044.7,15909.1,14958.8,181867.1,337405.9,346564.6,80798.2,79034.1,77153.7,40531.3,30567.7,30656.7,71902.1,58535.1,57347.3,338678.6,264210.2,254063.0,41107.4,38283.0,36741.4,33251.4,27408.2,27201.2,49485.6,32200.8,31187.8,128394.4,95078.1,89231.6,14537.7,12705.0,12353.6,572537.5,642919.2,641057.6,576101.5,645808.5,646108.0,2304.41,1457391.4,576101.5,92.5,1.094580246,3.209459894,46118.7,49542.2,101.5,645808.5,646108.0,2491.29,1565575.4,576101.5,584720.9,75340.0,15957.3,8619.4,7337.9,3564.0,2889.2,5050.3,42326.3,5584.2,5173.6,5185.4,412958.7,336404.6,260461.3,215735.7,412958.7,152497.4,120668.9,617889.9,528590.2,564642.1,479322.6,774289.1,822206.1,204931.2,192185.6,151683.4,142918.0,53247.8,49267.6,204931.2,156399.2,293615.9,140211.0,16188.2,198187.6,176397.6,143100.1,55087.6,31600.9,1.58119,0.0,0.0,0.0,53247.8,49267.6
2016-Q2,-2661.4,119530.3,597272.5,631957.7,645377.6,16747.0,15885.5,15020.5,222954.0,342620.1,345414.5,76136.7,74962.3,76844.2,39335.4,29556.6,30409.8,65207.0,53590.1,57117.0,318236.0,243895.5,254532.8,39856.9,36960.3,37109.2,33677.7,27365.5,27320.1,47518.9,31651.1,31769.9,117536.5,81830.0,88837.5,14439.0,12498.3,12379.1,591616.7,626721.4,640226.6,600753.7,634216.6,645996.4,2403.01,1464786.6,600753.7,96.5,-0.017275766,1.180217468,46083.4,49245.8,101.5,634216.6,645996.4,2490.86,1565304.9,600753.7,618591.7,109392.4,25485.5,17838.0,7647.5,9137.0,7495.2,5769.8,40908.9,5655.8,5236.2,5151.0,411879.6,334827.9,258105.1,213198.2,411879.6,153774.6,121629.7,603415.1,514686.3,572999.4,485223.2,795360.9,806767.4,191535.5,179858.4,161119.8,150395.3,30415.7,29463.0,191535.5,191945.8,292081.2,175966.0,15979.8,194607.2,172550.9,139626.4,54980.8,31785.6,1.64052,0.0,0.0,0.0,30415.7,29463.0
2016-Q3,33462.0,142772.6,605787.3,641266.2,645461.2,16350.6,15126.0,15045.0,236907.6,358715.4,346319.0,77414.7,76576.1,76332.6,40322.7,30319.9,30221.3,68771.3,56834.2,56810.3,312206.4,237105.0,253876.0,37542.8,34368.1,37134.6,31748.8,26261.9,27550.9,46409.6,31121.2,31903.5,113704.4,76349.0,88029.4,14029.4,12170.5,12447.2,600439.5,636341.5,640296.8,605080.5,640072.5,645057.9,2420.32,1464554.7,605080.5,97.3,-0.145267444,0.531632753,45807.6,48887.7,101.4,640072.5,645057.9,2487.25,1563031.1,605080.5,622367.2,144119.0,27315.8,17286.7,10029.1,4641.0,3730.9,4761.1,33012.1,5347.8,4924.7,5164.4,388419.0,312288.4,258598.6,213458.2,388419.0,129820.4,98830.1,571618.5,497299.9,519329.2,434718.0,766917.0,783356.6,183199.5,185011.5,130910.2,122429.7,52289.3,62581.8,183199.5,195298.5,286056.7,175479.0,19819.5,161836.6,143284.1,117293.6,44543.0,31971.9,1.6526,0.0,0.0,0.0,52289.3,62581.8
2016-Q4,21299.8,153400.6,633946.5,666320.4,650555.2,14809.5,13201.4,15097.7,242463.7,349718.3,350161.5,77810.7,77414.3,77656.4,39385.6,30758.5,29915.0,70205.8,59114.5,56799.4,337287.6,272642.2,255381.0,42080.2,38855.3,37481.6,34716.4,28880.6,27844.0,48040.0,32255.0,32366.9,127879.8,101262.1,88420.7,14365.5,12274.6,12468.4,628052.7,660946.7,645347.8,636572.7,667661.4,650596.6,2546.29,1514410.6,636572.7,101.5,0.858623817,1.796894692,47093.1,49022.4,102.2,667661.4,650596.6,2508.6,1576451.6,636572.7,651804.0,102748.0,21130.9,15231.3,5899.6,8520.0,6714.7,5248.8,42450.4,5893.8,5373.7,5207.4,446831.4,382294.3,258291.6,214883.4,446831.4,188539.8,167410.9,615272.8,514260.8,634955.5,560872.8,824854.6,838153.1,168441.4,131966.6,188124.1,178578.5,-19682.6,-46612.0,168441.4,209581.8,323892.3,196872.0,12709.8,188282.0,170491.7,125615.9,62666.1,32157.8,1.68137,0.0,0.0,0.0,-19682.6,-46612.0
2017-Q1,43386.1,124833.3,635839.2,642575.3,641436.4,17182.5,16017.1,15102.1,251952.5,332823.0,340369.4,85138.1,78910.3,76594.6,39281.4,29551.0,29646.2,69553.9,57378.1,56977.4,327422.9,264184.2,256318.8,42151.3,38956.5,37604.6,34286.2,27920.6,28260.2,52455.0,34114.8,33103.2,114098.0,92944.3,87933.2,14878.6,12869.9,12440.1,630168.5,637362.5,636166.9,634716.4,641021.1,641188.3,2538.87,1529098.8,634716.4,102.7,-1.446092813,-0.761428684,47194.2,47952.1,100.8,641021.1,641188.3,2472.33,1553654.7,634716.4,643799.5,153442.9,16225.7,9083.1,7142.6,4548.0,3658.6,5021.4,36387.5,5670.7,5212.9,5269.5,394369.3,333002.2,263384.4,219270.5,394369.3,130985.0,113731.6,591330.3,516187.8,544377.2,475070.5,812574.8,800523.5,196961.0,183185.6,150007.9,142068.3,46953.1,41117.3,196961.0,221244.5,284335.7,207398.8,13845.7,177858.4,159502.4,125720.5,52137.9,32400.2,1.66037,-0.1,0.0,0.0,46953.1,41117.3
2017-Q2,4932.8,99796.5,623971.5,629903.8,644311.8,16785.7,15926.7,15098.7,245299.0,338404.6,341618.7,81515.7,76429.2,78117.4,37300.5,28006.0,29421.6,65062.6,53775.2,57287.6,324586.4,247566.6,258172.8,40314.6,37276.9,37798.6,34960.8,28130.3,28637.3,50172.7,33633.0,33517.9,119355.6,82061.9,88444.0,14720.1,12689.2,12487.4,618230.6,624614.5,639091.7,624765.6,629925.9,643932.7,2499.06,1547328.9,624765.6,100.7,0.428017147,-0.319450004,47448.7,47846.6,101.2,629925.9,643932.7,2482.91,1560304.6,624765.6,634912.6,129184.9,17631.8,10147.0,7484.8,6535.0,5311.4,4841.0,36930.4,5740.9,5289.3,5220.1,410131.8,334463.4,265341.8,220745.0,410131.8,144790.1,113718.5,619832.9,530129.4,560928.7,477572.6,825535.9,809088.7,209701.0,195666.0,150796.9,143109.1,58904.1,52556.9,209701.0,205703.0,278959.2,189753.4,15949.6,200770.2,179162.8,126710.3,74059.9,32610.5,1.61508,0.0,0.0,0.0,58904.1,52556.9
2017-Q3,42375.6,127176.0,642966.8,638120.3,644192.8,16440.5,15193.0,15114.5,257500.9,348406.7,339538.4,83916.9,78606.7,78803.8,39719.5,29843.6,29135.0,69473.6,58177.0,57556.2,329305.9,244676.9,260404.9,39196.8,35576.3,37984.3,33888.8,27707.1,29050.1,48754.1,32795.1,33794.5,123722.3,78175.6,89400.3,14270.4,12245.8,12619.6,637539.4,633142.4,638967.3,644513.4,638731.0,643819.2,2578.05,1578866.0,644513.4,103.9,-0.017629388,-0.192034595,48103.1,47529.2,101.2,638731.0,643819.2,2482.47,1560029.5,644513.4,655650.3,152691.7,18798.3,11137.0,7661.4,6974.0,5588.6,4851.9,33523.4,5427.5,4977.8,5225.5,408915.5,327739.9,266163.9,220970.0,408915.5,142751.6,106770.0,602137.7,511555.0,541593.1,453186.9,821943.8,789654.5,193222.2,183815.1,132677.6,125447.0,60544.6,58368.1,193222.2,219806.1,278099.5,196313.1,23493.0,177430.4,150923.5,123853.5,53576.9,32822.6,1.63285,0.0,0.0,0.0,60544.6,58368.1
2017-Q4,51871.7,142054.7,678868.8,660184.0,640842.4,14881.5,13285.2,15106.7,274530.6,336583.0,334690.9,82330.5,78035.4,78465.8,38290.7,29857.9,29055.8,70879.8,60048.0,57557.1,351166.0,280457.8,261989.0,43510.2,39980.1,38402.4,37756.6,31548.6,29359.0,50394.2,33944.1,34071.4,133901.5,102418.6,89822.9,14723.6,12518.4,12776.3,672881.5,654701.3,635594.9,678202.5,658891.9,639629.6,2712.81,1607297.1,678202.5,110.0,-0.650740219,-1.685675374,48656.0,46917.8,100.5,658891.9,639629.6,2466.32,1549877.8,678202.5,687952.5,106462.9,18260.0,9750.0,8509.9,5321.0,4190.6,4034.8,36600.8,5987.4,5482.7,5247.5,481205.6,415052.6,268754.0,223976.3,481205.6,212451.5,191076.2,626330.8,516837.1,679955.5,602923.0,879552.3,834294.7,145125.2,101784.6,198749.9,187870.4,-53624.7,-86085.9,145125.2,253221.4,317457.6,238516.1,14705.3,201349.8,175402.9,128162.3,73187.5,33033.9,1.68781,0.0,0.0,0.0,-53624.7,-86085.9
2018-Q1,69293.9,115407.4,709407.5,636161.4,636885.4,17207.0,16030.1,15101.2,310436.3,329539.6,338434.5,94135.0,76224.4,74942.7,37049.7,27397.8,27108.4,68342.1,55592.4,55794.2,344714.5,263193.9,256241.3,41259.9,37492.6,36337.9,33233.2,26248.6,27347.6,53709.5,34857.3,33710.3,133490.4,96676.6,90873.1,14679.5,12326.4,12178.2,703965.5,631169.7,631695.3,723053.5,649542.7,655612.9,2892.21,1667758.5,723053.5,114.4,2.498840398,2.249667784,50375.1,47984.3,103.0,649542.7,655612.9,2527.94,1588606.7,723053.5,728893.6,197619.1,14322.4,5840.1,8482.2,19087.9,18373.0,23917.6,39429.9,5442.0,4991.7,5190.1,423949.8,336296.4,278182.4,225770.9,423949.8,145767.4,110525.5,653759.6,534135.3,578814.7,482356.6,915964.5,817901.3,229809.7,197838.9,154864.8,146060.3,74944.9,51778.6,229809.7,262204.9,283766.0,244247.0,17957.9,192911.0,168358.6,126055.6,66855.4,33106.8,1.73419,0.0,0.0,0.0,74944.9,51778.6
2018-Q2,104051.6,133672.6,752890.2,626336.1,643573.4,16846.2,16005.8,15141.1,351256.9,336620.3,343565.0,91979.0,73538.8,75638.8,35120.4,25856.7,26835.8,64048.7,52057.4,55707.0,349666.6,247853.4,258031.6,39945.8,36070.1,37026.2,35617.0,27123.7,27457.5,50982.3,34090.7,34193.9,144309.0,86173.8,91530.9,14763.7,12337.6,12116.1,747057.8,620987.8,638312.1,765639.1,638498.3,654244.5,3062.56,1697792.3,765639.1,121.4,-0.208727501,1.601373308,50968.3,47590.9,102.8,638498.3,654244.5,2522.67,1585290.9,765639.1,775793.2,197943.2,20509.4,10154.0,10355.4,18581.3,17510.5,15932.4,39105.8,5832.3,5348.3,5261.2,466850.7,360077.0,281006.8,228021.0,466850.7,185843.8,132056.0,661587.6,504825.6,636165.3,519665.3,961077.6,810084.8,194736.9,144748.6,169314.7,159588.3,25422.2,-14839.7,194736.9,299490.0,305259.2,281109.0,18381.0,195438.4,171586.5,133019.8,62418.7,33310.8,1.80385,0.0,0.0,0.0,25422.2,-14839.7
2018-Q3,125830.9,146528.7,758080.1,638954.0,649177.0,16446.6,15185.3,15162.8,368660.7,352745.1,348354.8,91688.3,75423.4,75945.6,37155.1,27330.4,26883.3,68381.7,56503.4,55652.5,335817.7,243693.3,258776.1,40721.3,36136.3,37791.0,33990.7,26304.4,27543.9,49472.7,33196.9,34341.2,129275.1,79891.0,91427.4,13976.3,11661.2,12020.2,752514.1,633871.0,643888.4,775364.6,655420.6,663498.1,3101.46,1717501.8,775364.6,121.2,1.414393579,3.056584854,51243.9,47968.2,104.3,655420.6,663498.1,2558.35,1607713.1,775364.6,782701.2,233399.6,18512.4,7336.6,11175.8,22850.5,21549.7,19609.7,37036.9,5566.0,5083.0,5288.6,439458.0,342035.9,280550.2,225605.5,439458.0,158907.7,116430.4,649533.7,508891.9,580804.3,475856.4,961562.0,816161.3,210075.8,166856.0,141346.3,133820.5,68729.5,33035.4,210075.8,312028.2,307269.4,288445.0,23583.2,186197.3,160740.7,128021.4,58175.9,33516.2,1.8058,0.0,0.0,0.0,68729.5,33035.4
2018-Q4,95800.5,163836.7,780274.1,672526.3,651242.1,14993.4,13280.2,15212.2,359052.3,351438.5,348787.4,93928.0,75234.6,74859.9,36532.1,26947.9,26705.3,70610.1,58639.6,55639.2,369696.3,280859.7,260537.3,44092.3,39604.3,38148.4,38954.3,30554.5,27882.2,51561.6,34643.6,34586.1,149880.0,105480.8,92333.9,14598.0,11936.9,11947.6,773895.3,666717.0,645749.8,798112.8,689686.4,666692.6,3192.45,1736039.2,798112.8,124.2,0.481463997,4.231038495,51482.6,47906.6,104.8,689686.4,666692.6,2570.67,1615453.7,798112.8,803697.6,161076.5,19649.3,5584.9,14064.4,24217.4,22969.4,20942.8,38425.7,6378.8,5809.3,5492.4,529252.7,432093.1,283538.1,226687.6,529252.7,245714.6,205405.6,702312.2,525849.7,710597.6,604942.0,1009526.2,871377.9,173059.5,93756.6,181344.9,172848.8,-8285.4,-79092.2,173059.5,307214.0,345528.2,290151.0,17063.0,211413.5,181691.5,126895.9,84517.6,33720.9,1.83893,0.0,0.0,0.0,-8285.4,-79092.2
2019-Q1,75526.6,121417.7,712307.7,645823.4,646014.1,17266.1,16120.3,15293.9,298861.0,334283.3,340796.3,94109.1,77353.4,75988.3,37985.9,27230.3,27058.3,68730.8,56533.2,57168.8,358194.8,268189.4,262865.6,43298.8,39144.4,38568.4,34443.1,26542.8,27639.1,54451.9,36411.7,35264.2,142899.1,97783.2,92402.7,14371.1,11774.0,11822.5,706724.4,640773.5,640699.4,725803.7,659131.1,664707.5,2903.21,1676545.0,725803.7,113.3,-0.297746087,1.387190579,49439.5,47496.2,104.5,659131.1,664707.5,2563.01,1610643.7,725803.7,734543.0,188210.4,19082.9,8739.3,10343.6,19079.3,18357.6,24008.1,35038.4,5583.4,5049.9,5314.7,440371.1,348304.9,286170.6,235748.2,440371.1,154200.6,112556.7,650277.1,537713.4,594541.2,494776.1,920918.3,834506.6,209906.0,189408.6,154170.1,146471.3,55735.9,42937.3,209906.0,270641.2,296793.2,249100.3,21540.9,195114.6,175375.5,132191.8,62922.8,33911.0,1.73167,0.0,0.0,0.0,55735.9,42937.3
2019-Q2,64958.0,101020.3,733400.4,627338.6,645336.9,17126.3,16173.6,15330.4,318555.7,329083.9,335399.4,88545.0,72885.8,75153.2,38118.7,26622.6,27532.4,68364.0,54976.7,59201.2,359599.7,255458.6,267074.7,42668.1,38170.7,39320.3,38059.9,28495.9,28768.7,51410.9,34794.2,34958.4,144188.9,86893.0,92961.2,14908.0,12128.2,11864.9,727264.8,621762.1,639902.9,750499.7,643719.2,660046.8,3002.0,1689766.6,750499.7,118.0,-0.701172475,0.886870148,49533.4,46882.9,103.7,643719.2,660046.8,2545.04,1599350.3,750499.7,763055.9,188616.3,24679.5,12556.2,12123.4,23235.0,21957.1,20143.9,34653.5,6135.6,5576.5,5434.0,466741.9,365148.9,290745.9,237464.8,466741.9,175996.0,127684.2,685541.7,542698.9,648520.4,533570.3,960158.3,833999.4,218799.9,177550.0,181778.5,168421.4,37021.4,9128.6,218799.9,274616.5,291300.5,252631.0,21985.5,209658.6,190280.2,151818.6,57840.0,34113.7,1.77658,0.0,0.0,0.0,37021.4,9128.6
2019-Q3,58877.6,99715.3,737932.6,635050.7,644312.8,16661.8,15440.4,15376.4,321825.3,335679.7,332304.3,88884.6,74630.4,75295.8,40230.0,28063.9,27740.5,74290.3,60944.6,60231.0,359215.4,255866.7,268891.5,42872.6,37973.3,39335.8,36431.9,27884.3,29136.3,50133.9,34124.4,35183.5,141314.4,83438.9,93218.7,14172.2,11501.3,11786.3,731969.4,629703.5,638752.8,755028.5,651564.8,658825.6,3020.11,1697742.6,755028.5,118.9,-0.185022973,-0.70422678,49467.9,46514.8,103.5,651564.8,658825.6,2540.33,1596391.2,755028.5,757230.1,180269.2,13968.2,2201.6,11766.7,23059.1,21861.3,20072.7,34002.6,5963.1,5347.1,5559.9,469387.2,363365.2,292961.0,237562.7,469387.2,176426.2,125802.5,696150.9,551849.5,627381.1,508255.9,958230.0,836923.8,226763.7,188484.4,157993.8,144890.7,68769.8,43593.7,226763.7,262079.1,285074.3,235886.7,26192.4,203201.5,185358.9,145451.5,57750.0,34320.1,1.7789,0.0,0.0,0.0,68769.8,43593.7
2019-Q4,51584.4,109862.2,762341.4,668631.5,643684.1,15149.4,13468.0,15409.1,323673.1,336198.8,331150.1,91927.5,75101.4,74033.1,39339.2,28482.7,28068.3,76903.2,63910.4,59764.0,384179.8,290482.0,269056.6,46483.9,41582.0,39645.9,41732.8,31830.5,29209.4,52383.2,35632.5,35573.9,151850.1,105687.5,93094.5,14826.4,11839.1,11768.9,755658.1,662639.0,638026.7,782229.1,687521.8,660860.8,3128.92,1734460.9,782229.1,122.8,0.308913382,-0.874741281,50233.6,46377.7,103.9,687521.8,660860.8,2548.18,1601322.6,782229.1,788355.0,170834.7,19597.8,6125.9,13471.8,26571.0,24882.8,22834.1,33513.0,6683.4,5992.5,5657.4,508036.7,416050.0,293376.6,235764.6,508036.7,214660.0,180285.4,730644.7,577659.6,678784.3,572628.5,995282.6,884262.3,222608.1,161609.6,170747.6,156578.5,51860.4,5031.1,222608.1,264637.8,306602.7,243446.4,21191.5,213053.5,196740.6,144899.5,68154.0,34527.9,1.80397,0.0,0.0,0.0,51860.4,5031.1
2020-Q1,30299.2,119246.1,676063.5,638158.5,632712.8,17382.5,16084.8,15117.2,252016.9,319283.8,321946.8,86998.6,69467.1,67955.8,40190.0,28488.2,28098.9,71175.7,57924.6,56972.0,366474.0,274301.7,267549.9,44185.7,40589.7,39871.3,37257.2,28870.5,30103.5,53801.8,36072.7,34936.2,146454.9,99045.6,93875.9,13598.8,11798.7,11791.0,669893.7,632712.9,626978.0,694823.6,651864.7,652052.7,2779.29,1675944.5,694823.6,110.5,-1.332821346,-1.90382637,48143.4,45386.7,102.5,651864.7,652052.7,2514.22,1579979.9,694823.6,689042.2,110782.0,1191.0,-5781.4,6972.4,24929.9,19151.8,25074.7,32263.6,6169.7,5445.6,5734.8,463221.3,359409.3,293204.3,238013.7,463221.3,170017.0,121395.6,664524.4,532618.6,620105.1,503031.4,874083.8,804957.6,201303.1,173209.3,156883.8,143622.1,44419.3,29587.3,201303.1,209559.5,272339.0,191685.0,17874.5,179260.2,153092.9,132380.8,46879.5,34811.5,1.65835,0.0,0.0,0.0,44419.3,29587.3
2020-Q2,-45520.4,125699.5,547071.6,584440.4,608796.5,17059.0,14594.8,14892.6,164334.7,307974.7,311382.6,67575.7,63652.7,66246.4,35851.3,25973.2,27943.9,54557.4,43950.9,53624.7,329826.6,235897.7,254577.4,35041.3,31840.8,33506.3,38788.3,29748.6,29962.3,50665.8,34587.7,34538.8,138905.3,85527.4,92759.2,11868.5,10242.3,10186.1,540308.6,578348.1,602920.0,565585.7,597625.1,620437.2,2262.34,1521612.7,565585.7,94.6,-4.848610902,-6.001033257,43460.7,42939.8,97.5,597625.1,620437.2,2392.31,1503372.8,565585.7,570887.2,51850.3,9906.8,5301.5,4605.3,25277.1,19277.0,17517.1,32393.3,6763.0,6092.3,5876.5,419500.5,324721.7,247578.4,197944.3,419500.5,171922.1,126777.4,611106.2,471925.5,561649.6,454226.9,735365.3,744762.5,191605.7,147203.8,142149.1,129505.2,49456.6,17698.6,191605.7,124259.1,272837.0,119665.0,4594.1,169779.5,147137.5,124848.8,44930.8,35011.2,1.48681,0.0,0.0,0.0,49456.6,17698.6
2020-Q3,12008.5,98949.0,647638.8,604919.1,610201.7,17084.3,15550.2,15025.3,240251.9,309155.0,304585.5,76644.6,66155.9,67931.4,42619.8,28798.2,28197.4,67897.7,56524.1,53732.0,347682.9,251415.8,262393.5,39107.6,35445.0,36942.5,36470.0,29374.7,30712.5,50969.8,34829.8,36031.0,141067.9,84735.5,94238.7,12170.0,10506.6,10736.8,641302.9,599287.9,604344.3,672367.2,621946.9,625089.2,2689.47,1637351.4,672367.2,111.6,0.749804648,-5.120676089,46496.5,43012.0,98.2,621946.9,625089.2,2410.25,1514645.2,672367.2,695110.4,98580.0,29551.5,22743.3,6808.2,31064.3,22659.0,20744.9,37366.6,6335.9,5631.2,5857.4,479657.8,353157.5,296995.5,224094.0,479657.8,182662.3,129063.4,660358.7,522997.8,625112.1,480360.3,827740.3,757500.8,180700.9,169840.4,145454.3,127202.8,35246.6,42637.5,180700.9,167381.6,234503.0,160586.0,6795.6,155373.1,135554.0,123032.6,32340.5,35214.5,1.64257,0.0,0.0,0.0,35246.6,42637.5
2020-Q4,10841.1,115020.4,675866.6,641268.8,620036.0,15520.2,13957.5,15176.4,240126.4,310446.5,311367.0,88336.5,73798.0,71062.7,42434.8,29269.3,28333.4,73289.8,61783.3,55945.1,377785.1,287595.4,265159.1,44215.2,39034.0,36663.1,42711.4,33743.7,31010.7,52839.6,36726.2,36793.6,151539.2,105103.9,93688.1,13189.8,11204.3,11058.6,668853.5,634993.5,614072.0,704852.3,661185.6,638075.1,2819.41,1695310.8,704852.3,114.6,2.077436621,-3.447880686,47864.2,43651.8,100.3,661185.6,638075.1,2460.32,1546110.9,704852.3,734442.8,74162.3,40820.6,29590.5,11230.0,35998.8,26192.1,24003.0,38327.2,7013.0,6275.3,5963.9,538940.9,418576.2,302420.2,227097.8,538940.9,236520.7,191478.3,694011.2,546165.2,712035.8,562493.6,883418.8,825453.2,155070.3,127589.0,173094.8,143917.4,-18024.5,-16328.4,155070.3,189407.6,279288.0,180054.0,9353.6,178566.5,164267.6,137228.5,41338.1,35419.2,1.66306,0.0,0.0,0.0,-18024.5,-16328.4
2021-Q1,35411.5,89707.8,674538.4,620081.3,610014.4,18418.7,16605.6,15226.7,254119.1,294374.7,295974.9,97172.8,78891.1,76418.1,41896.6,29252.5,28346.1,74253.5,61761.6,58457.1,360104.0,279848.5,270466.8,41776.3,38275.2,37337.6,35414.7,29705.1,30962.9,55372.8,38456.9,37296.2,142500.6,99342.7,94185.6,10786.2,12307.0,12227.4,668032.7,614292.8,603899.4,715368.1,634909.7,630889.1,2861.47,1702566.7,715368.1,117.6,-1.126194097,-3.24568276,,,99.1,634909.7,630889.1,2432.61,1528698.7,715368.1,759096.1,169461.3,50922.0,43728.0,7194.0,47335.5,20617.0,26989.7,39680.0,6505.7,5788.6,6115.0,482781.7,360751.5,315995.1,240332.9,482781.7,166786.7,120418.7,679956.6,545201.9,660111.8,510516.5,900304.6,790210.8,197174.9,184450.4,177330.1,149765.0,19844.8,34685.4,197174.9,220348.0,245008.9,212430.0,7918.0,184936.5,155301.1,137704.2,47232.3,,1.68068,0.0,0.0,0.0,19844.8,34685.4
2021-Q2,60279.3,99555.2,680913.1,589009.4,614528.0,18157.2,15003.3,15304.7,286101.1,296698.7,299812.5,91446.0,71826.0,74793.0,38221.4,26228.8,28242.3,59761.0,50445.2,60005.6,338433.3,251078.6,271168.6,37319.5,34672.5,37604.2,37120.2,30999.7,31120.0,53292.2,37568.4,37420.4,142377.9,86126.0,93641.7,8562.6,11266.7,11376.7,673783.1,582609.6,608248.7,735469.9,609047.4,632283.1,2941.88,1738394.8,735469.9,120.7,0.220955997,1.90928648,,,99.4,609047.4,632283.1,2437.99,1532076.5,735469.9,765134.3,150541.9,43152.6,29664.4,13488.2,61686.8,26437.8,24034.4,41894.6,7130.0,6399.8,6279.4,503637.1,370226.0,319336.7,239349.6,503637.1,184300.5,130876.3,675190.6,509492.2,685553.7,518261.9,922983.5,760113.2,171553.5,139266.3,181916.6,148035.9,-10363.1,-8769.6,171553.5,247792.8,250621.0,238636.8,9156.1,187513.6,151065.8,140944.0,46569.6,,1.6923,0.0,0.0,0.0,-10363.1,-8769.6
2021-Q3,100790.6,124330.2,773067.9,647587.7,652702.5,18456.0,15884.1,15506.5,342201.6,334910.4,330315.0,102343.9,72035.0,74603.0,45213.0,29004.4,28522.3,75869.0,62642.3,60528.7,367197.3,267788.9,278358.7,42785.0,37090.8,38391.6,41540.7,33316.9,34662.7,51134.8,36433.9,37475.7,143042.8,87023.3,95672.6,12825.0,11281.6,11627.3,765982.9,641326.4,646292.5,820147.9,665228.4,668202.9,3280.59,1885761.1,820147.9,127.3,5.680977147,6.89720951,,,105.0,665228.4,668202.9,2576.49,1619113.4,820147.5,842413.9,215809.3,32146.5,22266.3,9880.1,54165.0,23902.0,21910.5,42477.8,7085.0,6261.3,6410.0,507115.0,373579.7,328288.5,245940.7,507115.0,178826.4,127639.0,723298.9,544152.7,687498.0,517916.4,1009151.9,812000.3,212242.3,167318.6,180383.0,144336.7,31859.3,22981.9,216183.9,286348.9,268248.3,275921.8,9931.3,185558.2,143918.1,144644.0,44360.4,,1.73966,0.0,0.0,0.0,31859.3,22981.9
2021-Q4,129282.0,146472.1,826195.0,685942.5,662136.1,17219.7,14287.2,15822.9,369822.1,342662.6,336198.0,117113.3,81910.6,79267.6,45344.3,29458.7,28979.3,77667.8,64470.1,60625.6,393809.0,299534.1,281135.9,49388.4,42400.0,39309.1,45780.8,35061.6,34005.0,53099.4,37726.6,38146.2,153101.8,107613.8,97102.1,14770.7,12262.1,11947.8,818339.5,679107.3,655695.1,854793.7,705517.2,678749.3,3419.17,,854793.7,130.6,1.578321209,6.374527451,,,106.7,705517.2,678749.3,2617.15,1644668.2,,,,,,,36454.1,26409.9,23054.3,,7855.5,6835.2,6441.1,567382.8,436287.1,333555.3,247587.3,,233827.5,188699.7,,,,,,,158128.9,122758.1,198028.6,157250.9,-39899.8,-34492.9,,332317.5,316259.3,,,203035.5,169787.3,,,,,0.0,0.0,0.0,-39899.8,-34492.9
