country,CHE,CHE,CHE,CHE,CHE,CHE,CHE,CHE,CHE,CHE,CHE,CHE,CHE,CHE,CHE,CHE,CHE,CHE,CHE,CHE,CHE,CHE,CHE,CHE,CHE,CHE,CHE,CHE,CHE,CHE,CHE,CHE,CHE,CHE,CHE,CHE,CHE,CHE,CHE,CHE,CHE,CHE,CHE,CHE,CHE,CHE,CHE,CHE,CHE,CHE,CHE,CHE,CHE,CHE,CHE,CHE,CHE,CHE,CHE,CHE,CHE,CHE,CHE,CHE,CHE,CHE,CHE,CHE,CHE,CHE,CHE,CHE,CHE,CHE,CHE,CHE,CHE,CHE,CHE,CHE,CHE,CHE,CHE,CHE,CHE,CHE,CHE,CHE,CHE,CHE,CHE,CHE,CHE,CHE,CHE,CHE,CHE,CHE,CHE,CHE,CHE,CHE,CHE,CHE,CHE,CHE,CHE,CHE,CHE,CHE,CHE,CHE,CHE,CHE,CHE,CHE,CHE,CHE,CHE,CHE,CHE,CHE,CHE,CHE,CHE,CHE,CHE,CHE,CHE,CHE,CHE,CHE,CHE,CHE,CHE,CHE,CHE,CHE,CHE,CHE,CHE,CHE,CHE,CHE,CHE,CHE,CHE,CHE,CHE,CHE,CHE,CHE,CHE,CHE,CHE,CHE,CHE,CHE,CHE,CHE,CHE,CHE,CHE,CHE,CHE,CHE,CHE,CHE,CHE,CHE,CHE,CHE,CHE,CHE,CHE,CHE,CHE,CHE,CHE,CHE,CHE,CHE,CHE,CHE,CHE,CHE,CHE,CHE,CHE,CHE,CHE,CHE,CHE,CHE,CHE,CHE,CHE,CHE,CHE,CHE,CHE,CHE,CHE,CHE,CHE,CHE,CHE,CHE,CHE,CHE,CHE,CHE,CHE,CHE,CHE,CHE,CHE,CHE,CHE,CHE,CHE,CHE,CHE,CHE,CHE,CHE,CHE,CHE,CHE,CHE,CHE,CHE,CHE,CHE,CHE,CHE,CHE,CHE,CHE,CHE,CHE,CHE,CHE,CHE,CHE,CHE,CHE,CHE,CHE,CHE,CHE,CHE
subject,B11,B11,B11,B11,B1G,B1G,B1G,B1G,B1GVA,B1GVA,B1GVA,B1GVA,B1GVB_E,B1GVB_E,B1GVB_E,B1GVB_E,B1GVC,B1GVC,B1GVC,B1GVC,B1GVF,B1GVF,B1GVF,B1GVF,B1GVG_I,B1GVG_I,B1GVG_I,B1GVG_I,B1GVG_U,B1GVG_U,B1GVG_U,B1GVG_U,B1GVJ,B1GVJ,B1GVJ,B1GVJ,B1GVK,B1GVK,B1GVK,B1GVK,B1GVL,B1GVL,B1GVL,B1GVL,B1GVM_N,B1GVM_N,B1GVM_N,B1GVM_N,B1GVO_Q,B1GVO_Q,B1GVO_Q,B1GVO_Q,B1GVR_U,B1GVR_U,B1GVR_U,B1GVR_U,B1_GA,B1_GA,B1_GA,B1_GA,B1_GE,B1_GE,B1_GE,B1_GE,B1_GE,B1_GE,B1_GE,B1_GE,B1_GE,B1_GE,B1_GE,B1_GE,B1_GE,B1_GE,B1_GE,B1_GI,B1_GI,B2G_B3G,B2G_B3G,D1,D1,D11,D11,D12,D12,D1S1,D1S1,D21S1,D21S1,D21S1,D21S1,D21_D31,D21_D31,D21_D31,D21_D31,D2S1,D2S1,D2_D3,D2_D3,D31S1,D31S1,D31S1,D31S1,D3S1,D3S1,DB1_GA,DB1_GA,EEM,EEMNC,ESE,ESENC,ETO,ETONC,ETOVA,ETOVB_E,ETOVC,ETOVF,ETOVG_I,ETOVJ,ETOVK,ETOVL,ETOVM_N,ETOVO_Q,ETOVR_U,P3,P3,P3,P3,P3,P31S14_S15,P31S14_S15,P31S14_S15,P31S14_S15,P31S14_S15,P31S14_S15,P31S14_S15,P31S14_S15,P31S14_S15,P31S14_S15,P31S14_S15,P31S14_S15,P31S14_S15,P3S13,P3S13,P3S13,P3S13,P3S13,P3S13,P3S13,P3S13,P3S13,P3S13,P3S13,P3S13,P3S13,P3_P5,P3_P5,P3_P5,P3_P5,P5,P5,P5,P5,P5,P51,P51,P51,P51,P51,P51,P51,P51,P51,P51,P51,P51,P51,P51A,P51A,P51A,P51A,P51N1111,P51N1111,P51N1111,P51N1111,P51N1113,P51N1113,P51N1113,P51N1113,P52,P52,P52_P53,P52_P53,P53,P53,P6,P6,P6,P6,P6,P6,P6,P6,P6,P6,P6,P6,P6,P61,P61,P61,P61,P62,P62,P62,P62,P7,P7,P7,P7,P7,P7,P7,P7,P7,P7,P7,P7,P7,P71,P71,P71,P71,P72,P72,P72,P72,POPNC,POPNC,PPPGDP,RB1_GA,RB1_GA,RB1_GA,RB1_GA,RB1_GE,RB1_GE,RB1_GE,RB1_GE,RB1_GE,RB1_GE,RB1_GI,RB1_GI
measure,CQR,CQRSA,LNBQR,LNBQRSA,CQR,CQRSA,LNBQR,LNBQRSA,CQR,CQRSA,LNBQR,LNBQRSA,CQR,CQRSA,LNBQR,LNBQRSA,CQR,CQRSA,LNBQR,LNBQRSA,CQR,CQRSA,LNBQR,LNBQRSA,CQR,CQRSA,LNBQR,LNBQRSA,CQR,CQRSA,LNBQR,LNBQRSA,CQR,CQRSA,LNBQR,LNBQRSA,CQR,CQRSA,LNBQR,LNBQRSA,CQR,CQRSA,LNBQR,LNBQRSA,CQR,CQRSA,LNBQR,LNBQRSA,CQR,CQRSA,LNBQR,LNBQRSA,CQR,CQRSA,LNBQR,LNBQRSA,CQR,CQRSA,LNBQR,LNBQRSA,CARSA,CPCARSA,CQR,CQRSA,DNBSA,DOBSA,GPSA,GYSA,HCPCARSA,HVPVOBARSA,LNBQR,LNBQRSA,VIXOBSA,VOBARSA,VPVOBARSA,CQR,CQRSA,CQR,CQRSA,CQR,CQRSA,CQR,CQRSA,CQR,CQRSA,CQR,CQRSA,CQR,CQRSA,LNBQR,LNBQRSA,CQR,CQRSA,LNBQR,LNBQRSA,CQR,CQRSA,CQR,CQRSA,CQR,CQRSA,LNBQR,LNBQRSA,CQR,CQRSA,LNBQR,LNBQRSA,PER,PER,PER,PER,PER,PER,PER,PER,PER,PER,PER,PER,PER,PER,PER,PER,PER,CQR,CQRSA,DNBSA,LNBQR,LNBQRSA,CARSA,CPCARSA,CQR,CQRSA,DNBSA,DOBSA,GPSA,GYSA,LNBQR,LNBQRSA,VIXOBSA,VOBARSA,VPVOBARSA,CARSA,CPCARSA,CQR,CQRSA,DNBSA,DOBSA,GPSA,GYSA,LNBQR,LNBQRSA,VIXOBSA,VOBARSA,VPVOBARSA,CQR,CQRSA,LNBQR,LNBQRSA,CQR,CQRSA,DNBSA,LNBQR,LNBQRSA,CARSA,CPCARSA,CQR,CQRSA,DNBSA,DOBSA,GPSA,GYSA,LNBQR,LNBQRSA,VIXOBSA,VOBARSA,VPVOBARSA,CQR,CQRSA,LNBQR,LNBQRSA,CQR,CQRSA,LNBQR,LNBQRSA,CQR,CQRSA,LNBQR,LNBQRSA,CQR,CQRSA,CQR,CQRSA,CQR,CQRSA,CARSA,CPCARSA,CQR,CQRSA,DNBSA,DOBSA,GPSA,GYSA,LNBQR,LNBQRSA,VIXOBSA,VOBARSA,VPVOBARSA,CQR,CQRSA,LNBQR,LNBQRSA,CQR,CQRSA,LNBQR,LNBQRSA,CARSA,CPCARSA,CQR,CQRSA,DNBSA,DOBSA,GPSA,GYSA,LNBQR,LNBQRSA,VIXOBSA,VOBARSA,VPVOBARSA,CQR,CQRSA,LNBQR,LNBQRSA,CQR,CQRSA,LNBQR,LNBQRSA,PER,PERSA,CD,CQR,CQRSA,LNBQR,LNBQRSA,CARSA,CQR,CQRSA,LNBQR,LNBQRSA,VOBARSA,CQR,CQRSA
unit,Swiss Franc,Swiss Franc,Swiss Franc,Swiss Franc,Swiss Franc,Swiss Franc,Swiss Franc,Swiss Franc,Swiss Franc,Swiss Franc,Swiss Franc,Swiss Franc,Swiss Franc,Swiss Franc,Swiss Franc,Swiss Franc,Swiss Franc,Swiss Franc,Swiss Franc,Swiss Franc,Swiss Franc,Swiss Franc,Swiss Franc,Swiss Franc,Swiss Franc,Swiss Franc,Swiss Franc,Swiss Franc,Swiss Franc,Swiss Franc,Swiss Franc,Swiss Franc,Swiss Franc,Swiss Franc,Swiss Franc,Swiss Franc,Swiss Franc,Swiss Franc,Swiss Franc,Swiss Franc,Swiss Franc,Swiss Franc,Swiss Franc,Swiss Franc,Swiss Franc,Swiss Franc,Swiss Franc,Swiss Franc,Swiss Franc,Swiss Franc,Swiss Franc,Swiss Franc,Swiss Franc,Swiss Franc,Swiss Franc,Swiss Franc,Swiss Franc,Swiss Franc,Swiss Franc,Swiss Franc,Swiss Franc,US Dollar,Swiss Franc,Swiss Franc,Index,Index,Percentage,Percentage,US Dollar,US Dollar,Swiss Franc,Swiss Franc,Index,Swiss Franc,US Dollar,Swiss Franc,Swiss Franc,Swiss Franc,Swiss Franc,Swiss Franc,Swiss Franc,Swiss Franc,Swiss Franc,Swiss Franc,Swiss Franc,Swiss Franc,Swiss Franc,Swiss Franc,Swiss Franc,Swiss Franc,Swiss Franc,Swiss Franc,Swiss Franc,Swiss Franc,Swiss Franc,Swiss Franc,Swiss Franc,Swiss Franc,Swiss Franc,Swiss Franc,Swiss Franc,Swiss Franc,Swiss Franc,Swiss Franc,Swiss Franc,Swiss Franc,Swiss Franc,Persons,Persons,Persons,Persons,Persons,Persons,Persons,Persons,Persons,Persons,Persons,Persons,Persons,Persons,Persons,Persons,Persons,Swiss Franc,Swiss Franc,Index,Swiss Franc,Swiss Franc,Swiss Franc,US Dollar,Swiss Franc,Swiss Franc,Index,Index,Percentage,Percentage,Swiss Franc,Swiss Franc,Index,Swiss Franc,US Dollar,Swiss Franc,US Dollar,Swiss Franc,Swiss Franc,Index,Index,Percentage,Percentage,Swiss Franc,Swiss Franc,Index,Swiss Franc,US Dollar,Swiss Franc,Swiss Franc,Swiss Franc,Swiss Franc,Swiss Franc,Swiss Franc,Index,Swiss Franc,Swiss Franc,Swiss Franc,US Dollar,Swiss Franc,Swiss Franc,Index,Index,Percentage,Percentage,Swiss Franc,Swiss Franc,Index,Swiss Franc,US Dollar,Swiss Franc,Swiss Franc,Swiss Franc,Swiss Franc,Swiss Franc,Swiss Franc,Swiss Franc,Swiss Franc,Swiss Franc,Swiss Franc,Swiss Franc,Swiss Franc,Swiss Franc,Swiss Franc,Swiss Franc,Swiss Franc,Swiss Franc,Swiss Franc,Swiss Franc,US Dollar,Swiss Franc,Swiss Franc,Index,Index,Percentage,Percentage,Swiss Franc,Swiss Franc,Index,Swiss Franc,US Dollar,Swiss Franc,Swiss Franc,Swiss Franc,Swiss Franc,Swiss Franc,Swiss Franc,Swiss Franc,Swiss Franc,Swiss Franc,US Dollar,Swiss Franc,Swiss Franc,Index,Index,Percentage,Percentage,Swiss Franc,Swiss Franc,Index,Swiss Franc,US Dollar,Swiss Franc,Swiss Franc,Swiss Franc,Swiss Franc,Swiss Franc,Swiss Franc,Swiss Franc,Swiss Franc,Persons,Persons,Swiss Franc,Swiss Franc,Swiss Franc,Swiss Franc,Swiss Franc,Swiss Franc,Swiss Franc,Swiss Franc,Swiss Franc,Swiss Franc,Swiss Franc,Swiss Franc,Swiss Franc
powercode,Millions,Millions,Millions,Millions,Millions,Millions,Millions,Millions,Millions,Millions,Millions,Millions,Millions,Millions,Millions,Millions,Millions,Millions,Millions,Millions,Millions,Millions,Millions,Millions,Millions,Millions,Millions,Millions,Millions,Millions,Millions,Millions,Millions,Millions,Millions,Millions,Millions,Millions,Millions,Millions,Millions,Millions,Millions,Millions,Millions,Millions,Millions,Millions,Millions,Millions,Millions,Millions,Millions,Millions,Millions,Millions,Millions,Millions,Millions,Millions,Millions,Millions,Millions,Millions,Units,Units,Units,Units,Units,Units,Millions,Millions,Units,Millions,Millions,Millions,Millions,Millions,Millions,Millions,Millions,Millions,Millions,Millions,Millions,Millions,Millions,Millions,Millions,Millions,Millions,Millions,Millions,Millions,Millions,Millions,Millions,Millions,Millions,Millions,Millions,Millions,Millions,Millions,Millions,Millions,Millions,Thousands,Thousands,Thousands,Thousands,Thousands,Thousands,Thousands,Thousands,Thousands,Thousands,Thousands,Thousands,Thousands,Thousands,Thousands,Thousands,Thousands,Millions,Millions,Units,Millions,Millions,Millions,Millions,Millions,Millions,Units,Units,Units,Units,Millions,Millions,Units,Millions,Millions,Millions,Millions,Millions,Millions,Units,Units,Units,Units,Millions,Millions,Units,Millions,Millions,Millions,Millions,Millions,Millions,Millions,Millions,Units,Millions,Millions,Millions,Millions,Millions,Millions,Units,Units,Units,Units,Millions,Millions,Units,Millions,Millions,Millions,Millions,Millions,Millions,Millions,Millions,Millions,Millions,Millions,Millions,Millions,Millions,Millions,Millions,Millions,Millions,Millions,Millions,Millions,Millions,Millions,Millions,Units,Units,Units,Units,Millions,Millions,Units,Millions,Millions,Millions,Millions,Millions,Millions,Millions,Millions,Millions,Millions,Millions,Millions,Millions,Millions,Units,Units,Units,Units,Millions,Millions,Units,Millions,Millions,Millions,Millions,Millions,Millions,Millions,Millions,Millions,Millions,Thousands,Thousands,Units,Millions,Millions,Millions,Millions,Millions,Millions,Millions,Millions,Millions,Millions,Millions,Millions
reference_period,,,2015,2015,,,2015,2015,,,2015,2015,,,2015,2015,,,2015,2015,,,2015,2015,,,2015,2015,,,2015,2015,,,2015,2015,,,2015,2015,,,2015,2015,,,2015,2015,,,2015,2015,,,2015,2015,,,2015,2015,,,,,2015,2015,,,,2015,2015,2015,2015,2015,2015,,,,,,,,,,,,,,,2015,2015,,,2015,2015,,,,,,,2015,2015,,,2015,2015,,,,,,,,,,,,,,,,,,,,2015,2015,2015,,,,,2015,2015,,,2015,2015,2015,2015,2015,,,,,2015,2015,,,2015,2015,2015,2015,2015,,,2015,2015,,,2015,2015,2015,,,,,2015,2015,,,2015,2015,2015,2015,2015,,,2015,2015,,,2015,2015,,,2015,2015,,,,,,,,,,,2015,2015,,,2015,2015,2015,2015,2015,,,2015,2015,,,2015,2015,,,,,2015,2015,,,2015,2015,2015,2015,2015,,,2015,2015,,,2015,2015,,,,,,2015,2015,,,,2015,2015,2015,,
time,,,,,,,,,,,,,,,,,,,,,,,,,,,,,,,,,,,,,,,,,,,,,,,,,,,,,,,,,,,,,,,,,,,,,,,,,,,,,,,,,,,,,,,,,,,,,,,,,,,,,,,,,,,,,,,,,,,,,,,,,,,,,,,,,,,,,,,,,,,,,,,,,,,,,,,,,,,,,,,,,,,,,,,,,,,,,,,,,,,,,,,,,,,,,,,,,,,,,,,,,,,,,,,,,,,,,,,,,,,,,,,,,,,,,,,,,,,,,,,,,,,,,,,,,,,,
1960,,,,,,,,,,,,,,,,,,,,,,,,,,,,,,,,,,,,,,,,,,,,,,,,,,,,,,,,,,,,,45095.6,22449.1,,,,,,,,,,,,200248.8,162041.4,,,,,,,,,,,,,,,,,,,,,,,,,,,,,,,,,,,,,,,,,,,,,,,,,,,,,,,26009.0,12947.6,,,,,,,,,,104955.1,84929.7,2896.7,1442.0,,,,,,,,,,17503.3,14163.7,,,,,,,,,,14328.8,7133.0,,,,,,,,,,43935.2,35552.4,,,,,,,,,,,,,,,,,,,14712.0,7323.8,,,,,,,,,,38171.6,30888.5,,,,,,,,,14751.8,7343.6,,,,,,,,,,27158.1,21976.4,,,,,,,,,,,2.00879,,,,,1901.0,,,,,22841.7,,
1961,,,,,,,,,,,,,,,,,,,,,,,,,,,,,,,,,,,,,,,,,,,,,,,,,,,,,,,,,,,,,50731.1,24507.1,,,,,8.108092925,8.108092925,,,,,,216485.2,175179.9,,,,,,,,,,,,,,,,,,,,,,,,,,,,,,,,,,,,,,,,,,,,,,,,,,,,,,,28562.0,13797.7,,,,,6.809452963,6.809452963,,,,112102.0,90713.0,3558.4,1719.0,,,,,17.23498128,17.23498128,,,,20520.0,16604.8,,,,,,,,,,17791.2,8594.6,,,,,15.72113322,15.72113322,,,,50842.4,41141.7,,,,,,,,,,,,,,,,,,,16202.6,7827.2,,,,,8.016191532,8.016191532,,,,41231.5,33364.6,,,,,,,,,17772.9,8585.7,,,,,19.89133358,19.89133358,,,,32560.2,26347.7,,,,,,,,,,,2.07005,,,,,2389.7,,,,,24349.5,,
1962,,,,,,,,,,,,,,,,,,,,,,,,,,,,,,,,,,,,,,,,,,,,,,,,,,,,,,,,,,,,,56257.9,25955.5,,,,,4.78961946,4.78961946,,,,,,226854.0,183570.4,,,,,,,,,,,,,,,,,,,,,,,,,,,,,,,,,,,,,,,,,,,,,,,,,,,,,,,31878.6,14707.7,,,,,6.389159935,6.389159935,,,,119264.4,96508.8,4132.4,1906.6,,,,,8.254703541,8.254703541,,,,22213.9,17975.5,,,,,,,,,,20774.4,9584.6,,,,,10.218545714,10.218545714,,,,56037.7,45345.7,,,,,,,,,,,,,,,,,,,17753.7,8191.0,,,,,6.20516583,6.20516583,,,,43790.0,35434.9,,,,,,,,,19853.6,9159.8,,,,,10.456324463,10.456324463,,,,35964.8,29102.8,,,,,,,,,,,2.16748,,,,,1572.3,,,,,21512.9,,
1963,,,,,,,,,,,,,,,,,,,,,,,,,,,,,,,,,,,,,,,,,,,,,,,,,,,,,,,,,,,,,61863.2,27498.4,,,,,4.879583346,4.879583346,,,,,,237923.6,192527.8,,,,,,,,,,,,,,,,,,,,,,,,,,,,,,,,,,,,,,,,,,,,,,,,,,,,,,,34621.1,15389.2,,,,,4.835565616,4.835565616,,,,125031.5,101175.5,4732.8,2103.7,,,,,8.714628517,8.714628517,,,,24149.7,19542.0,,,,,,,,,,23780.8,10570.6,,,,,7.315115439,7.315115439,,,,60136.9,48662.8,,,,,,,,,,,,,,,,,,,19345.1,8599.0,,,,,5.196703526,5.196703526,,,,46065.7,37276.3,,,,,,,,,21400.8,9512.7,,,,,4.842663239,4.842663239,,,,37706.5,30512.1,,,,,,,,,,,2.2497,,,,,784.1,,,,,20246.3,,
1964,,,,,,,,,,,,,,,,,,,,,,,,,,,,,,,,,,,,,,,,,,,,,,,,,,,,,,,,,,,,,68572.6,29353.8,,,,,5.256180587,5.256180587,,,,,,250429.2,202647.4,,,,,,,,,,,,,,,,,,,,,,,,,,,,,,,,,,,,,,,,,,,,,,,,,,,,,,,37792.8,16177.9,,,,,4.711674276,4.711674276,,,,130922.5,105942.6,5201.7,2226.7,,,,,2.672019591,2.672019591,,,,24795.0,20064.1,,,,,,,,,,26972.7,11546.2,,,,,8.164787606,8.164787606,,,,65047.0,52636.0,,,,,,,,,,,,,,,,,,,21406.5,9163.5,,,,,6.419222055,6.419222055,,,,49022.7,39669.2,,,,,,,,,23734.9,10160.2,,,,,8.663896346,8.663896346,,,,40973.3,33155.6,,,,,,,,,,,2.33607,,,,,933.8,,,,,21615.3,,
1965,,,,,,,,,,,,,,,,,,,,,,,,,,,,,,,,,,,,,,,,,,,,,,,,,,,,,,,,,,,,,73441.8,30823.0,,,,,3.182241618,3.182241618,,,,,,258398.5,209096.2,,,,,,,,,,,,,,,,,,,,,,,,,,,,,,,,,,,,,,,,,,,,,,,,,,,,,,,40663.5,17066.2,,,,,3.469544033,3.469544033,,,,135465.0,109618.3,5596.1,2348.6,,,,,4.554318043,4.554318043,,,,25924.3,20977.9,,,,,,,,,,26995.9,11330.0,,,,,-2.470001599,-2.470001599,,,,63440.3,51335.9,,,,,,,,,,,,,,,,,,,23488.1,9857.8,,,,,7.526869053,7.526869053,,,,52712.6,42655.0,,,,,,,,,24015.0,10078.9,,,,,0.048024049,0.048024049,,,,40993.0,33171.6,,,,,,,,,,,2.38269,,,,,713.2,,,,,21849.4,,
1966,,,,,,,,,,,,,,,,,,,,,,,,,,,,,,,,,,,,,,,,,,,,,,,,,,,,,,,,,,,,,78866.0,32440.7,,,,,2.460497781,2.460497781,,,,,,264756.4,214241.0,,,,,,,,,,,,,,,,,,,,,,,,,,,,,,,,,,,,,,,,,,,,,,,,,,,,,,,43840.8,18033.4,,,,,2.98699481,2.98699481,,,,139511.3,112892.6,5968.6,2455.1,,,,,1.991285808,1.991285808,,,,26440.5,21395.6,,,,,,,,,,27676.0,11384.2,,,,,-0.828389112,-0.828389112,,,,62914.8,50910.7,,,,,,,,,,,,,,,,,,,25798.0,10611.7,,,,,5.19511382,5.19511382,,,,55451.1,44871.0,,,,,,,,,25548.9,10509.2,,,,,3.504571153,3.504571153,,,,42429.6,34334.1,,,,,,,,,,,2.43109,,,,,1131.6,,,,,22868.4,,
1967,,,,,,,,,,,,,,,,,,,,,,,,,,,,,,,,,,,,,,,,,,,,,,,,,,,,,,,,,,,,,84893.7,34376.7,,,,,3.056404188,3.056404188,,,,,,272848.4,220789.0,,,,,,,,,,,,,,,,,,,,,,,,,,,,,,,,,,,,,,,,,,,,,,,,,,,,,,,46990.2,19028.1,,,,,2.632367725,2.632367725,,,,143183.7,115864.3,6428.7,2603.2,,,,,3.028734598,3.028734598,,,,27241.3,22043.7,,,,,,,,,,28325.2,11470.0,,,,,0.143201938,0.143201938,,,,63004.9,50983.6,,,,,,,,,,,,,,,,,,,27523.7,11145.4,,,,,3.431481099,3.431481099,,,,57353.9,46410.8,,,,,,,,,26849.3,10872.3,,,,,4.058432813,4.058432813,,,,44151.6,35727.5,,,,,,,,,,,2.46951,,,,,2475.2,,,,,26216.3,,
1968,,,,,,,,,,,,,,,,,,,,,,,,,,,,,,,,,,,,,,,,,,,,,,,,,,,,,,,,,,,,,90649.8,37418.5,,,,,3.588390121,3.588390121,,,,,,282639.3,228711.8,,,,,,,,,,,,,,,,,,,,,,,,,,,,,,,,,,,,,,,,,,,,,,,,,,,,,,,50067.1,20666.7,,,,,3.874894677,3.874894677,,,,148732.0,120353.9,6928.3,2859.9,,,,,3.85071785,3.85071785,,,,28290.3,22892.5,,,,,,,,,,29670.0,12247.2,,,,,3.074352929,3.074352929,,,,64941.9,52551.0,,,,,,,,,,,,,,,,,,,31116.0,12844.1,,,,,9.997767943,9.997767943,,,,63088.0,51050.8,,,,,,,,,29310.2,12098.7,,,,,8.312917635,8.312917635,,,,47821.9,38697.5,,,,,,,,,,,2.42259,,,,,2178.6,,,,,25409.1,,
1969,,,,,,,,,,,,,,,,,,,,,,,,,,,,,,,,,,,,,,,,,,,,,,,,,,,,,,,,,,,,,98222.1,41033.9,,,,,5.633006773,5.633006773,,,,,,298560.4,241595.2,,,,,,,,,,,,,,,,,,,,,,,,,,,,,,,,,,,,,,,,,,,,,,,,,,,,,,,54258.9,22667.5,,,,,5.460052633,5.460052633,,,,156852.8,126925.3,7607.5,3178.2,,,,,4.905867167,4.905867167,,,,29678.2,24015.6,,,,,,,,,,32452.3,13557.5,,,,,5.942196092,5.942196092,,,,68800.9,55673.7,,,,,,,,,,,,,,,,,,,35762.6,14940.4,,,,,13.3482794,13.3482794,,,,71509.1,57865.2,,,,,,,,,34151.9,14267.5,,,,,12.921798635,12.921798635,,,,54001.4,43697.9,,,,,,,,,,,2.39368,,,,,2292.6,,,,,25720.8,,
1970,,,,,,,,,,,,,,,,,,,,,,,,,,,,,,,,,,,,,,,,,,,,,,,,,,,,,,,,,,,,,109408.5,46165.3,,,,,6.376865793,6.376865793,,,,,,317599.2,257001.4,,,,,,,,,,,,,,,,,,,,,,,,,,,,,,,,,,,,,,,,,,,,,,,,,,,,,,,59448.4,25084.5,,,,,5.374995343,5.374995343,,,,165283.6,133747.6,8444.5,3563.2,,,,,4.785211453,4.785211453,,,,31098.3,25164.8,,,,,,,,,,38573.3,16276.2,,,,,8.926229856,8.926229856,,,,74942.2,60643.2,,,,,,,,,,,,,,,,,,,39898.9,16835.5,,,,,6.832083512,6.832083512,,,,76394.7,61818.6,,,,,,,,,41681.2,17587.5,,,,,13.884844812,13.884844812,,,,61499.4,49765.3,,,,,,,,,,,2.36993,,,,,4724.5,,,,,31379.7,,
1971,,,,,,,,,,,,,,,,,,,,,,,,,,,,,,,,,,,,,,,,,,,,,,,,,,,,,,,,,,,,,124287.5,50482.4,,,,,4.275220828,4.275220828,,,,,,331177.2,267988.7,,,,,,,,,,,,,,,,,,,,,,,,,,,,,,,,,,,,,,,,,,,,,,,,,,,,,,,66605.6,27053.5,,,,,4.759199676,4.759199676,,,,173149.8,140112.9,9978.3,4052.9,,,,,5.811996742,5.811996742,,,,32905.8,26627.4,,,,,,,,,,46564.7,18913.4,,,,,10.012173956,10.012173956,,,,82445.5,66714.9,,,,,,,,,,,,,,,,,,,43054.8,17487.8,,,,,3.961226679,3.961226679,,,,79420.9,64267.4,,,,,,,,,44875.6,18227.3,,,,,6.214360579,6.214360579,,,,65321.2,52857.9,,,,,,,,,,,2.462,,,,,2959.7,,,,,28576.5,,
1972,,,,,,,,,,,,,,,,,,,,,,,,,,,,,,,,,,,,,,,,,,,,,,,,,,,,,,,,,,,,,140837.9,54350.1,,,,,3.457505983,3.457505983,,,,,,342627.7,277254.5,,,,,,,,,,,,,,,,,,,,,,,,,,,,,,,,,,,,,,,,,,,,,,,,,,,,,,,75563.3,29160.3,,,,,5.445182542,5.445182542,,,,182578.1,147742.3,11288.6,4356.3,,,,,3.042532545,3.042532545,,,,33906.9,27437.5,,,,,,,,,,53543.6,20662.8,,,,,5.190020198,5.190020198,,,,86724.5,70177.5,,,,,,,,,,,,,,,,,,,48037.2,18537.8,,,,,6.354313542,6.354313542,,,,84467.5,68351.1,,,,,,,,,49103.8,18949.4,,,,,7.297015911,7.297015911,,,,70087.6,56715.0,,,,,,,,,,,2.59131,,,,,1509.0,,,,,25038.3,,
1973,,,,,,,,,,,,,,,,,,,,,,,,,,,,,,,,,,,,,,,,,,,,,,,,,,,,,,,,,,,,,156947.7,59076.9,,,,,3.161003983,3.161003983,,,,,,353458.2,286018.5,,,,,,,,,,,,,,,,,,,,,,,,,,,,,,,,,,,,,,,,,,,,,,,,,,,,,,,84665.9,31869.2,,,,,2.811137002,2.811137002,,,,187710.6,151895.5,12984.5,4887.5,,,,,3.135617354,3.135617354,,,,34970.1,28297.8,,,,,,,,,,59061.8,22231.5,,,,,3.191858808,3.191858808,,,,89492.6,72417.4,,,,,,,,,,,,,,,,,,,54020.0,20333.7,,,,,7.641523379,7.641523379,,,,90922.1,73574.2,,,,,,,,,55572.7,20918.2,,,,,6.494434934,6.494434934,,,,74639.4,60398.3,,,,,,,,,,,2.65667,,,,,1788.2,,,,,25002.2,,
1974,,,,,,,,,,,,,,,,,,,,,,,,,,,,,,,,,,,,,,,,,,,,,,,,,,,,,,,,,,,,,170270.0,65329.9,,,,,1.176620364,1.176620364,,,,,,357617.0,289383.8,,,,,,,,,,,,,,,,,,,,,,,,,,,,,,,,,,,,,,,,,,,,,,,,,,,,,,,92681.6,35560.4,,,,,-0.411157925,-0.411157925,,,,186938.9,151271.0,14570.9,5590.6,,,,,2.153517721,2.153517721,,,,35723.2,28907.2,,,,,,,,,,60105.1,23061.4,,,,,-4.56606198,-4.56606198,,,,85406.3,69110.8,,,,,,,,,,,,,,,,,,,61647.9,23653.3,,,,,0.683757995,0.683757995,,,,91543.8,74077.3,,,,,,,,,64889.2,24897.0,,,,,-0.987621626,-0.987621626,,,,73902.3,59801.8,,,,,,,,,,,2.60631,,,,,6153.8,,,,,31907.2,,
1975,,,,,,,,,,,,,,,,,,,,,,,,,,,,,,,,,,,,,,,,,,,,,,,,,,,,,,,,,,,,,169129.7,66182.4,,,,,-6.711689925,-6.711689925,,,,,,333614.9,269961.3,,,,,,,,,,,,,,,,,,,,,,,,,,,,,,,,,,,,,,,,,,,,,,,,,,,,,,,95914.6,37532.4,,,,,-2.715689687,-2.715689687,,,,181862.2,147162.9,15705.9,6145.9,,,,,0.744040095,0.744040095,,,,35989.0,29122.3,,,,,,,,,,52021.0,20356.4,,,,,-13.237565534,-13.237565534,,,,74100.6,59962.2,,,,,,,,,,,,,,,,,,,59129.9,23138.2,,,,,-6.391685279,-6.391685279,,,,85692.6,69342.5,,,,,,,,,53391.9,20892.9,,,,,-15.349609667,-15.349609667,,,,62558.6,50622.4,,,,,,,,,,,2.55551,,,,,-249.7,,,,,18529.1,,
1976,,,,,,,,,,,,,,,,,,,,,,,,,,,,,,,,,,,,,,,,,,,,,,,,,,,,,,,,,,,,,171307.9,68844.5,,,,,-0.839640826,-0.839640826,,,,,,330813.7,267694.6,,,,,,,,,,,,,,,,,,,,,,,,,,,,,,,,,,,,,,,,,,,,,,,,,,,,,,,99108.6,39829.3,,,,,1.196376737,1.196376737,,,,184037.9,148923.6,16595.5,6669.3,,,,,3.00346576,3.00346576,,,,37069.9,29997.0,,,,,,,,,,45181.3,18157.3,,,,,-10.24902786,-10.24902786,,,,66506.0,53816.7,,,,,,,,,,,,,,,,,,,64058.5,25743.6,,,,,9.260639538,9.260639538,,,,93628.3,75764.0,,,,,,,,,57366.6,23054.3,,,,,13.042001548,13.042001548,,,,70717.5,57224.6,,,,,,,,,,,2.48833,,,,,3730.8,,,,,20289.1,,
1977,,,,,,,,,,,,,,,,,,,,,,,,,,,,,,,,,,,,,,,,,,,,,,,,,,,,,,,,,,,,,175929.6,74901.6,,,,,2.359254298,2.359254298,,,,,,338618.5,274010.2,,,,,,,,,,,,,,,,,,,,,,,,,,,,,,,,,,,,,,,,,,,,,,,,,,,,,,,103283.6,43972.7,,,,,3.001025298,3.001025298,,,,189561.0,153392.8,16783.9,7145.7,,,,,0.43019968,0.43019968,,,,37229.4,30126.0,,,,,,,,,,46734.7,19897.2,,,,,1.402649685,1.402649685,,,,67438.8,54571.5,,,,,,,,,,,,,,,,,,,71773.7,30557.5,,,,,9.637723824,9.637723824,,,,102651.9,83066.0,,,,,,,,,66269.7,28214.2,,,,,9.260179466,9.260179466,,,,77266.0,62523.7,,,,,,,,,,,2.34881,,,,,3623.4,,,,,19003.4,,
1978,,,,,,,,,,,,,,,,,,,,,,,,,,,,,,,,,,,,,,,,,,,,,,,,,,,,,,,,,,,,,183031.3,80498.0,,,,,0.593598488,0.593598488,,,,,,340628.5,275636.7,,,,,,,,,,,,,,,,,,,,,,,,,,,,,,,,,,,,,,,,,,,,,,,,,,,,,,,106221.2,46716.6,,,,,2.148419035,2.148419035,,,,193633.5,156688.3,17327.3,7620.6,,,,,2.02286208,2.02286208,,,,37982.5,30735.4,,,,,,,,,,50220.3,22087.1,,,,,5.56307136,5.56307136,,,,71190.5,57607.4,,,,,,,,,,,,,,,,,,,71478.3,31436.5,,,,,3.580338332,3.580338332,,,,106327.2,86040.0,,,,,,,,,66056.3,29051.9,,,,,10.939247629,10.939247629,,,,85718.4,69363.3,,,,,,,,,,,2.27374,,,,,3840.5,,,,,17213.1,,
1979,,,,,,,,,,,,,,,,,,,,,,,,,,,,,,,,,,,,,,,,,,,,,,,,,,,,,,,,,,,,,191321.6,89348.6,,,,,2.435641218,2.435641218,,,,,,348925.0,282350.2,,,,,,,,,,,,,,,,,,,,,,,,,,,,,,,,,,,,,,,,,,,,,,,,,,,,,,,112285.9,52438.4,,,,,1.123646748,1.123646748,,,,195809.3,158448.9,18230.1,8513.6,,,,,1.58617858,1.58617858,,,,38585.0,31223.0,,,,,,,,,,53458.6,24965.6,,,,,5.056260248,5.056260248,,,,74790.1,60520.2,,,,,,,,,,,,,,,,,,,75225.1,35130.7,,,,,2.433356284,2.433356284,,,,108914.5,88133.7,,,,,,,,,75799.7,35399.0,,,,,6.846451272,6.846451272,,,,91587.0,74112.2,,,,,,,,,,,2.14129,,,,,7921.7,,,,,22413.2,,
1980,-4237.2,-4237.2,14909.2,14909.2,,,,,,,,,,,,,,,,,,,,,,,,,,,,,,,,,,,,,,,,,,,,,,,,,,,,,205542.9,205542.9,364213.7,364213.7,205542.9,101902.8,205542.9,205542.9,56.4,56.4,4.381663293,4.381663293,,,364213.7,364213.7,53.9,364213.7,294721.9,205542.9,205542.9,,,,,,,,,,,,,,,,,,,,,,,,,,,,,,,,,,,,,,,,,,,,,,,,139710.7,139710.7,58.0,240771.5,240771.5,120446.4,59714.2,120446.4,120446.4,59.9,59.9,2.685244791,2.685244791,201067.2,201067.2,56.9,201067.2,162703.7,19264.3,9550.7,19264.3,19264.3,49.3,49.3,1.175197681,1.175197681,39038.4,39038.4,50.7,39038.4,31589.9,209780.1,209780.1,345929.6,345929.6,70069.4,70069.4,66.5,105365.3,105365.3,62591.2,31031.1,62591.2,62591.2,76.3,76.3,9.701792985,9.701792985,82046.1,82046.1,48.1,82046.1,66391.7,62591.2,62591.2,82046.1,82046.1,24176.5,24176.5,37481.5,37481.5,33446.8,33446.8,41648.3,41648.3,6063.0,6063.0,7478.1,7478.1,1415.2,1415.2,95163.5,47179.6,95163.5,95163.5,89.4,89.4,-2.273199136,-2.273199136,106438.7,106438.7,25.2,106438.7,86130.2,72026.3,72026.3,68972.6,68972.6,23137.2,23137.2,39133.5,39133.5,99400.7,49280.2,99400.7,99400.7,108.6,108.6,-0.062841326,-0.062841326,91529.5,91529.5,26.7,91529.5,74065.7,82978.5,82978.5,72067.5,72067.5,16422.2,16422.2,19952.6,19952.6,,,2.01705,,,,,7478.1,0.0,0.0,3833.6,3833.6,27152.8,,
1981,1539.5,1539.5,24251.8,24251.8,,,,,,,,,,,,,,,,,,,,,,,,,,,,,,,,,,,,,,,,,,,,,,,,,,,,,220656.6,220656.6,370046.0,370046.0,220656.6,113331.2,220656.6,220656.6,59.6,59.6,1.60133587,1.60133587,,,370046.0,370046.0,54.8,370046.0,299441.3,220656.6,220656.6,,,,,,,,,,,,,,,,,,,,,,,,,,,,,,,,,,,,,,,,,,,,,,,,149882.7,149882.7,61.5,243526.7,243526.7,128854.3,66180.7,128854.3,128854.3,63.5,63.5,0.963010228,0.963010228,203003.5,203003.5,57.5,203003.5,164270.5,21028.4,10800.4,21028.4,21028.4,52.7,52.7,2.278020571,2.278020571,39927.7,39927.7,51.9,39927.7,32309.5,219117.1,219117.1,339732.0,339732.0,69234.4,69234.4,71.1,97309.6,97309.6,67861.6,34854.3,67861.6,67861.6,81.6,81.6,1.344983318,1.344983318,83149.6,83149.6,48.7,83149.6,67284.7,67861.6,67861.6,83149.6,83149.6,27041.5,27041.5,39042.7,39042.7,35443.0,35443.0,41368.8,41368.8,3527.7,3527.7,1372.8,1372.8,-2154.9,-2154.9,106401.0,54648.5,106401.0,106401.0,86.8,86.8,15.156123204,15.156123204,122570.7,122570.7,29.1,122570.7,99184.2,80396.7,80396.7,81047.3,81047.3,26004.3,26004.3,42201.3,42201.3,104861.5,53857.8,104861.5,104861.5,106.7,106.7,7.417732524,7.417732524,98318.9,98318.9,28.7,98318.9,79559.7,86624.9,86624.9,77652.1,77652.1,18236.6,18236.6,21098.5,21098.5,,,1.94701,,,,,1372.8,0.0,0.0,5553.4,5553.4,19713.4,,
1982,1613.0,1613.0,19646.4,19646.4,,,,,,,,,,,,,,,,,,,,,,,,,,,,,,,,,,,,,,,,,,,,,,,,,,,,,233769.0,233769.0,365200.5,365200.5,233769.0,118757.4,233769.0,233769.0,64.0,64.0,-1.309417441,-1.309417441,,,365200.5,365200.5,54.0,365200.5,295520.4,233769.0,233769.0,,,,,,,,,,,,,,,,,,,,,,,,,,,,,,,,,,,,,,,,,,,,,,,,159513.4,159513.4,65.3,244271.3,244271.3,136672.5,69431.3,136672.5,136672.5,67.2,67.2,0.252114201,0.252114201,203515.3,203515.3,57.6,203515.3,164684.7,22840.8,11603.4,22840.8,22840.8,56.8,56.8,0.634446731,0.634446731,40181.0,40181.0,52.2,40181.0,32514.5,232156.0,232156.0,342110.9,342110.9,72642.6,72642.6,73.5,98822.0,98822.0,68231.4,34662.4,68231.4,68231.4,85.6,85.6,-4.133549823,-4.133549823,79712.5,79712.5,46.7,79712.5,64503.4,68231.4,68231.4,79712.5,79712.5,27406.2,27406.2,37754.4,37754.4,35421.2,35421.2,39398.6,39398.6,2404.4,2404.4,4411.2,4411.2,2006.7,2006.7,103586.2,52623.0,103586.2,103586.2,86.2,86.2,-2.006575381,-2.006575381,120111.2,120111.2,28.5,120111.2,97194.0,74651.9,74651.9,78615.9,78615.9,28934.3,28934.3,42650.5,42650.5,101973.1,51803.6,101973.1,101973.1,101.5,101.5,2.182570599,2.182570599,100464.8,100464.8,29.3,100464.8,81296.1,82683.2,82683.2,78700.3,78700.3,19290.0,19290.0,22393.5,22393.5,,,1.96846,,,,,4411.2,0.0,0.0,3035.7,3035.7,22145.2,,
1983,-2153.6,-2153.6,15273.8,15273.8,,,,,,,,,,,,,,,,,,,,,,,,,,,,,,,,,,,,,,,,,,,,,,,,,,,,,240831.3,240831.3,367534.5,367534.5,240831.3,124197.5,240831.3,240831.3,65.5,65.5,0.639079458,0.639079458,,,367534.5,367534.5,54.4,367534.5,297409.0,240831.3,240831.3,,,,,,,,,,,,,,,,,,,,,,,,,,,,,,,,,,,,,,,,,,,,,,,,167094.1,167094.1,67.4,247817.0,247817.0,142894.0,73690.9,142894.0,142894.0,69.3,69.3,1.25844732,1.25844732,206076.5,206076.5,58.4,206076.5,166757.2,24200.2,12480.1,24200.2,24200.2,58.7,58.7,2.606951922,2.606951922,41228.5,41228.5,53.6,41228.5,33362.1,242984.9,242984.9,350100.5,350100.5,75890.8,75890.8,73.6,103047.8,103047.8,71927.7,37093.3,71927.7,71927.7,87.2,87.2,3.507474707,3.507474707,82508.4,82508.4,48.4,82508.4,66765.9,71927.7,71927.7,82508.4,82508.4,28932.0,28932.0,39751.6,39751.6,37299.4,37299.4,40243.1,40243.1,-1466.0,-1466.0,3963.1,3963.1,5429.1,5429.1,103588.9,53421.1,103588.9,103588.9,88.7,88.7,-2.785552153,-2.785552153,116765.4,116765.4,27.7,116765.4,94486.6,73097.9,73097.9,74131.1,74131.1,30491.0,30491.0,44674.7,44674.7,105742.5,54531.8,105742.5,105742.5,104.2,104.2,1.022096409,1.022096409,101491.6,101491.6,29.6,101491.6,82127.0,85823.2,85823.2,79129.1,79129.1,19919.3,19919.3,23080.5,23080.5,,,1.9391,,,,,3963.1,0.0,0.0,1907.8,1907.8,22447.2,,
1984,7562.4,7562.4,27656.0,27656.0,,,,,,,,,,,,,,,,,,,,,,,,,,,,,,,,,,,,,,,,,,,,,,,,,,,,,257403.4,257403.4,378591.6,378591.6,257403.4,132549.5,257403.4,257403.4,68.0,68.0,3.008456411,3.008456411,,,378591.6,378591.6,56.0,378591.6,306356.4,257403.4,257403.4,,,,,,,,,,,,,,,,,,,,,,,,,,,,,,,,,,,,,,,,,,,,,,,,175060.0,175060.0,69.5,251812.1,251812.1,149707.4,77091.6,149707.4,149707.4,71.5,71.5,1.619634748,1.619634748,209414.2,209414.2,59.3,209414.2,169458.0,25352.5,13055.2,25352.5,25352.5,60.5,60.5,1.567687399,1.567687399,41874.9,41874.9,54.4,41874.9,33885.2,249841.1,249841.1,346047.3,346047.3,74781.1,74781.1,78.2,95570.4,95570.4,76248.5,39264.0,76248.5,76248.5,88.6,88.6,4.271712504,4.271712504,86033.0,86033.0,50.4,86033.0,69617.9,76248.5,76248.5,86033.0,86033.0,30571.4,30571.4,41924.9,41924.9,39637.5,39637.5,41593.1,41593.1,2097.7,2097.7,-1467.4,-1467.4,-3565.1,-3565.1,121550.4,62592.2,121550.4,121550.4,89.9,89.9,15.732796976,15.732796976,135135.9,135135.9,32.1,135135.9,109352.0,88035.1,88035.1,88250.7,88250.7,33515.4,33515.4,48153.9,48153.9,113988.0,58697.9,113988.0,113988.0,106.1,106.1,5.900249439,5.900249439,107479.9,107479.9,31.4,107479.9,86972.7,92271.4,92271.4,84074.0,84074.0,21716.7,21716.7,24095.4,24095.4,,,1.94194,,,,,-1467.4,0.0,0.0,4076.1,4076.1,13613.6,,
1985,7358.2,7358.2,31950.3,31950.3,,,,,,,,,,,,,,,,,,,,,,,,,,,,,,,,,,,,,,,,,,,,,,,,,,,,,272919.0,272919.0,392499.5,392499.5,272919.0,141764.6,272919.0,272919.0,69.5,69.5,3.673595918,3.673595918,,,392499.5,392499.5,58.1,392499.5,317610.7,272919.0,272919.0,,,,,,,,,,,,,,,,,,,,,,,,,,,,,,,,,,,,,,,,,,,,,,,,184151.4,184151.4,71.3,258278.3,258278.3,156979.1,81541.0,156979.1,156979.1,73.4,73.4,2.13572177,2.13572177,213886.7,213886.7,60.6,213886.7,173077.2,27172.2,14114.3,27172.2,27172.2,61.7,61.7,5.11960296,5.11960296,44018.7,44018.7,57.2,44018.7,35619.9,265560.9,265560.9,355250.0,355250.0,81409.5,81409.5,82.8,98316.8,98316.8,81846.0,42514.0,81846.0,81846.0,91.9,91.9,3.569332607,3.569332607,89103.8,89103.8,52.2,89103.8,72102.8,81846.0,81846.0,89103.8,89103.8,31543.2,31543.2,42376.6,42376.6,43805.8,43805.8,43868.3,43868.3,1747.5,1747.5,-436.5,-436.5,-2184.0,-2184.0,130188.5,67624.9,130188.5,130188.5,89.2,89.2,8.005076907,8.005076907,145953.6,145953.6,34.6,145953.6,118105.7,93039.8,93039.8,94982.9,94982.9,37148.7,37148.7,52485.1,52485.1,122830.4,63802.8,122830.4,122830.4,107.7,107.7,6.069453189,6.069453189,114003.3,114003.3,33.3,114003.3,92251.5,98660.6,98660.6,89095.8,89095.8,24169.8,24169.8,25656.5,25656.5,,,1.92516,,,,,-436.5,0.0,0.0,4327.1,4327.1,13540.1,,
1986,2719.3,2719.3,21102.1,21102.1,,,,,,,,,,,,,,,,,,,,,,,,,,,,,,,,,,,,,,,,,,,,,,,,,,,,,286427.5,286427.5,399794.6,399794.6,286427.5,147307.5,286427.5,286427.5,71.6,71.6,1.85863279,1.85863279,,,399794.6,399794.6,59.2,399794.6,323514.0,286427.5,286427.5,,,,,,,,,,,,,,,,,,,,,,,,,,,,,,,,,,,,,,,,,,,,,,,,192338.9,192338.9,72.4,265669.7,265669.7,163422.9,84047.2,163422.9,163422.9,74.3,74.3,2.801509074,2.801509074,219878.7,219878.7,62.3,219878.7,177925.9,28916.0,14871.3,28916.0,28916.0,63.6,63.6,3.210138988,3.210138988,45431.8,45431.8,59.0,45431.8,36763.4,283708.2,283708.2,378220.0,378220.0,91369.2,91369.2,81.1,112689.0,112689.0,88059.4,45288.3,88059.4,88059.4,92.4,92.4,6.90019942,6.90019942,95252.1,95252.1,55.8,95252.1,77078.0,88059.4,88059.4,95252.1,95252.1,32969.9,32969.9,43024.7,43024.7,48088.6,48088.6,48573.0,48573.0,-997.8,-997.8,3309.8,3309.8,4307.6,4307.6,125681.5,64637.1,125681.5,125681.5,84.8,84.8,1.514965278,1.514965278,148164.8,148164.8,35.1,148164.8,119895.0,89159.2,89159.2,97829.4,97829.4,36522.4,36522.4,51332.2,51332.2,122962.2,63238.5,122962.2,122962.2,96.8,96.8,11.455253348,11.455253348,127062.7,127062.7,37.1,127062.7,102819.2,99467.9,99467.9,101423.1,101423.1,23494.3,23494.3,26102.2,26102.2,,,1.94442,,,,,3309.8,0.0,0.0,693.0,693.0,18129.9,,
1987,4302.3,4302.3,19443.4,19443.4,,,,,,,,,,,,,,,,,,,,,,,,,,,,,,,,,,,,,,,,,,,,,,,,,,,,,297351.1,297351.1,406133.3,406133.3,297351.1,153343.4,297351.1,297351.1,73.2,73.2,1.585478167,1.585478167,,,406133.3,406133.3,60.1,406133.3,328643.2,297351.1,297351.1,,,,,,,,,,,,,,,,,,,,,,,,,,,,,,,,,,,,,,,,,,,,,,,,199459.7,199459.7,73.0,273348.4,273348.4,169591.4,87458.0,169591.4,169591.4,74.9,74.9,2.99350494,2.99350494,226460.8,226460.8,64.1,226460.8,183252.2,29868.3,15403.0,29868.3,29868.3,64.3,64.3,2.307138032,2.307138032,46479.9,46479.9,60.4,46479.9,37611.6,293048.8,293048.8,385868.7,385868.7,93589.1,93589.1,82.9,112908.9,112908.9,92359.5,47629.6,92359.5,92359.5,93.2,93.2,4.092132584,4.092132584,99149.9,99149.9,58.1,99149.9,80232.2,92359.5,92359.5,99149.9,99149.9,34914.3,34914.3,44563.1,44563.1,50106.2,50106.2,50730.8,50730.8,182.6,182.6,1229.6,1229.6,1047.0,1047.0,122371.1,63106.6,122371.1,122371.1,84.5,84.5,-2.31037271,-2.31037271,144741.6,144741.6,34.3,144741.6,117125.0,84313.6,84313.6,93290.3,93290.3,38057.5,38057.5,53065.4,53065.4,118068.8,60887.9,118068.8,118068.8,94.2,94.2,-1.388645687,-1.388645687,125298.2,125298.2,36.6,125298.2,101391.4,93595.1,93595.1,98356.6,98356.6,24473.7,24473.7,27546.3,27546.3,,,1.93912,,,,,1229.6,0.0,0.0,840.3,840.3,14599.2,,
1988,4512.5,4512.5,23404.8,23404.8,,,,,,,,,,,,,,,,,,,,,,,,,,,,,,,,,,,,,,,,,,,,,,,,,,,,,315665.8,315665.8,419444.7,419444.7,315665.8,163955.8,315665.8,315665.8,75.3,75.3,3.277596252,3.277596252,,,419444.7,419444.7,62.1,419444.7,339414.8,315665.8,315665.8,,,,,,,,,,,,,,,,,,,,,,,,,,,,,,,,,,,,,,,,,,,,,,,,208552.3,208552.3,74.4,280178.4,280178.4,176251.9,91544.7,176251.9,176251.9,76.2,76.2,2.134456525,2.134456525,231294.5,231294.5,65.5,231294.5,187163.6,32300.4,16776.7,32300.4,32300.4,66.5,66.5,4.566589498,4.566589498,48602.5,48602.5,63.1,48602.5,39329.1,311153.3,311153.3,395195.1,395195.1,102601.0,102601.0,88.9,115441.4,115441.4,103556.3,53786.8,103556.3,103556.3,96.4,96.4,8.302124331,8.302124331,107381.5,107381.5,63.0,107381.5,86893.1,103556.3,103556.3,107381.5,107381.5,39007.2,39007.2,47847.9,47847.9,56318.7,56318.7,55268.0,55268.0,400.3,400.3,-955.3,-955.3,-1355.6,-1355.6,133646.1,69415.3,133646.1,133646.1,85.8,85.8,7.631431592,7.631431592,155787.5,155787.5,36.9,155787.5,126063.3,93924.8,93924.8,103320.2,103320.2,39721.3,39721.3,53447.2,53447.2,129133.6,67071.6,129133.6,129133.6,97.5,97.5,5.65404014,5.65404014,132382.6,132382.6,38.6,132382.6,107124.1,101990.1,101990.1,103512.7,103512.7,27143.5,27143.5,29537.6,29537.6,,,1.92531,,,,,-955.3,0.0,0.0,701.5,701.5,8761.4,,
1989,4790.8,4790.8,22946.9,22946.9,,,,,,,,,,,,,,,,,,,,,,,,,,,,,,,,,,,,,,,,,,,,,,,,,,,,,340726.6,340726.6,437610.0,437610.0,340726.6,177762.4,340726.6,340726.6,77.9,77.9,4.330794053,4.330794053,,,437610.0,437610.0,64.8,437610.0,354114.2,340726.6,340726.6,,,,,,,,,,,,,,,,,,,,,,,,,,,,,,,,,,,,,,,,,,,,,,,,222685.2,222685.2,76.8,289967.6,289967.6,186384.6,97239.8,186384.6,186384.6,78.6,78.6,2.527752546,2.527752546,237141.1,237141.1,67.2,237141.1,191894.6,36300.6,18938.6,36300.6,36300.6,68.7,68.7,8.765912946,8.765912946,52862.9,52862.9,68.7,52862.9,42776.7,335935.9,335935.9,414481.3,414481.3,113250.7,113250.7,91.1,124327.9,124327.9,113592.8,59263.1,113592.8,113592.8,101.1,101.1,4.680421845,4.680421845,112407.4,112407.4,65.9,112407.4,90960.1,113592.8,113592.8,112407.4,112407.4,43761.4,43761.4,51327.5,51327.5,60814.2,60814.2,56873.6,56873.6,2495.0,2495.0,-342.1,-342.1,-2837.2,-2837.2,152657.0,79643.5,152657.0,152657.0,92.6,92.6,5.82599932,5.82599932,164863.7,164863.7,39.1,164863.7,133407.7,109420.2,109420.2,109606.3,109606.3,43236.8,43236.8,56234.9,56234.9,147866.2,77144.1,147866.2,147866.2,104.2,104.2,7.201957681,7.201957681,141916.8,141916.8,41.4,141916.8,114839.1,117988.8,117988.8,112623.5,112623.5,29877.5,29877.5,29889.5,29889.5,,,1.91675,,,,,-342.1,0.0,0.0,331.2,331.2,12251.7,,
1990,1561.0,1561.0,17906.0,17906.0,359580.8,359580.8,442518.9,442518.9,7788.2,7788.2,4472.8,4472.8,82775.2,82775.2,88059.2,88059.2,73357.2,73357.2,74721.0,74721.0,30180.2,30180.2,38164.4,38164.4,,,,,,,,,,,,,26922.2,26922.2,27478.1,27478.1,,,,,,,,,55187.2,55187.2,79200.5,79200.5,8863.9,8863.9,16233.6,16233.6,369509.2,369509.2,453690.5,453690.5,369509.2,191193.2,369509.2,369509.2,81.4,81.4,3.674625633,3.674625633,,,453690.5,453690.5,67.1,453690.5,367126.5,369509.2,369509.2,159072.9,159072.9,202949.0,202949.0,171136.7,171136.7,31812.2,31809.2,202949.0,202949.0,17983.8,17983.8,22539.4,22539.4,9928.4,9928.4,11428.4,11428.4,18556.2,18556.2,7487.4,7487.4,8055.4,8055.4,11342.5,11342.5,11068.8,11068.8,11428.4,11455.7,,,,,,,,,,,,,,,,,,239250.3,239250.3,80.8,295991.2,295991.2,199336.4,103141.6,199336.4,199336.4,82.8,82.8,1.57711207,1.57711207,240881.0,240881.0,68.2,240881.0,194921.0,39914.0,20652.5,39914.0,39914.0,72.2,72.2,4.645778755,4.645778755,55318.8,55318.8,71.9,55318.8,44764.0,367948.2,367948.2,436885.4,436885.4,128697.9,128697.9,92.5,139184.1,139184.1,121153.7,62687.9,121153.7,121153.7,103.0,103.0,4.640285269,4.640285269,117623.4,117623.4,69.0,117623.4,95180.9,121153.7,121153.7,117623.4,117623.4,46719.0,46719.0,51983.1,51983.1,64817.7,64817.7,60873.9,60873.9,6404.4,6404.4,7544.2,7544.2,1139.9,1139.9,152867.2,79097.3,152867.2,152867.2,90.9,90.9,2.017808122,2.017808122,168190.3,168190.3,39.9,168190.3,136099.6,110178.0,110178.0,114479.2,114479.2,42689.2,42689.2,53914.2,53914.2,151306.2,78289.6,151306.2,151306.2,100.7,100.7,5.896099341,5.896099341,150284.3,150284.3,43.8,150284.3,121610.1,120710.0,120710.0,120496.1,120496.1,30596.2,30596.2,30360.4,30360.4,,,1.93265,0.0,0.0,-256.8,-256.8,7544.2,0.0,0.0,400.6,400.6,21961.3,0.0,0.0
1991,6170.5,6170.5,20015.7,20015.7,376920.4,376920.4,439511.4,439511.4,7635.9,7635.9,4440.2,4440.2,86521.8,86521.8,88963.2,88963.2,76137.7,76137.7,75065.0,75065.0,30404.4,30404.4,36941.1,36941.1,,,,,,,,,,,,,28667.1,28667.1,28575.4,28575.4,,,,,,,,,59819.6,59819.6,79976.3,79976.3,9247.9,9247.9,15032.0,15032.0,385929.3,385929.3,449535.5,449535.5,385929.3,195848.7,385929.3,385929.3,85.9,85.9,-0.915816572,-0.915816572,28801.3,53494.8,449535.5,449535.5,66.5,449535.5,363764.3,385929.3,385929.3,161946.6,161946.6,217898.7,217898.7,183775.2,183775.2,34123.5,34016.5,217898.7,217898.7,18173.7,18173.7,22075.8,22075.8,9008.9,9008.9,10346.2,10346.2,18813.5,18813.5,6084.0,6084.0,9164.8,9164.8,12145.6,12145.6,12729.6,12729.6,10346.2,10370.0,,3283.4,,484.5,,3767.9,,,,,,,,,,,,257613.5,257613.5,85.3,302147.5,302147.5,213670.8,108432.2,213670.8,213670.8,87.1,87.1,1.82047564,1.82047564,245266.2,245266.2,69.5,245266.2,198469.5,43942.7,22299.8,43942.7,43942.7,76.8,76.8,3.375386161,3.375386161,57186.1,57186.1,74.3,57186.1,46275.0,379758.8,379758.8,430029.8,430029.8,122145.2,122145.2,95.8,127558.3,127558.3,121262.6,61537.5,121262.6,121262.6,105.1,105.1,-1.862507406,-1.862507406,115432.7,115432.7,67.7,115432.7,93408.2,121262.6,121262.6,115432.7,115432.7,45815.3,45815.3,50237.8,50237.8,65811.3,65811.3,60388.8,60388.8,539.7,539.7,882.6,882.6,342.9,342.9,153619.6,77957.8,153619.6,153619.6,92.8,92.8,-1.613591377,-1.613591377,165476.4,165476.4,39.2,165476.4,133903.5,108224.3,108224.3,110966.1,110966.1,45395.3,45395.3,55069.1,55069.1,147449.1,74826.5,147449.1,147449.1,101.4,101.4,-3.209664665,-3.209664665,145460.7,145460.7,42.4,145460.7,117706.9,115378.8,115378.8,115822.1,115822.1,32070.3,32070.3,30187.5,30187.5,6800.0,6800.0,1.97055,0.0,0.0,-322.0,-322.0,882.6,0.0,0.0,-490.7,-490.7,11634.9,0.0,0.0
1992,10859.9,10859.9,24671.2,24671.2,385420.1,385420.1,439701.9,439701.9,7128.1,7128.1,4569.7,4569.7,87672.0,87672.0,89470.6,89470.6,76491.6,76491.6,75147.9,75147.9,28700.3,28700.3,35843.7,35843.7,,,,,,,,,,,,,30233.0,30233.0,29991.6,29991.6,,,,,,,,,63174.9,63174.9,80035.1,80035.1,9135.0,9135.0,14046.4,14046.4,393956.5,393956.5,449338.9,449338.9,393956.5,200224.3,393956.5,393956.5,87.7,87.7,-0.043732993,-0.043732993,29123.5,52888.0,449338.9,449338.9,66.5,449338.9,363605.2,393956.5,393956.5,163615.0,163615.0,224877.8,224877.8,189566.5,189566.5,35311.3,35364.6,224877.8,224877.8,18035.4,18035.4,21526.8,21526.8,8536.5,8536.5,9964.7,9964.7,18721.9,18721.9,5463.8,5463.8,9498.9,9498.9,11986.8,11986.8,13258.1,13258.1,9964.7,9950.1,,3278.3,,480.3,,3758.6,,,,,,,,,,,,269176.8,269176.8,88.7,303497.8,303497.8,222864.7,113268.7,222864.7,222864.7,90.4,90.4,0.468995698,0.468995698,246416.5,246416.5,69.8,246416.5,199400.3,46312.1,23537.7,46312.1,46312.1,80.7,80.7,0.33947135,0.33947135,57380.2,57380.2,74.5,57380.2,46432.1,383096.6,383096.6,425114.5,425114.5,113919.8,113919.8,93.5,121822.9,121822.9,111100.4,56465.6,111100.4,111100.4,104.7,104.7,-8.033970057,-8.033970057,106158.8,106158.8,62.2,106158.8,85903.8,111100.4,111100.4,106158.8,106158.8,44224.7,44224.7,49808.1,49808.1,58072.0,58072.0,52552.6,52552.6,2442.6,2442.6,2819.4,2819.4,376.8,376.8,160331.6,81486.9,160331.6,160331.6,93.3,93.3,3.875674602,3.875674602,171889.7,171889.7,40.8,171889.7,139093.2,114008.3,114008.3,116340.5,116340.5,46323.3,46323.3,55933.1,55933.1,149471.7,75967.5,149471.7,149471.7,101.5,101.5,1.208452319,1.208452319,147218.5,147218.5,42.9,147218.5,119129.3,115096.0,115096.0,115101.9,115101.9,34375.7,34375.7,32540.1,32540.1,6875.0,6875.0,1.96758,0.0,0.0,-327.7,-327.7,2819.4,0.0,0.0,-951.8,-951.8,14712.2,0.0,0.0
1993,16500.7,16500.7,25531.9,25531.9,393260.3,393260.3,438722.5,438722.5,6665.2,6665.2,4383.1,4383.1,89415.9,89415.9,89932.9,89932.9,77365.9,77365.9,75137.6,75137.6,27580.8,27580.8,34897.9,34897.9,,,,,,,,,,,,,36771.7,36771.7,32613.2,32613.2,,,,,,,,,64681.2,64681.2,80668.3,80668.3,9053.0,9053.0,13517.4,13517.4,402596.4,402596.4,448772.9,448772.9,402596.4,204712.1,402596.4,402596.4,89.7,89.7,-0.125983546,-0.125983546,29505.9,52341.8,448772.9,448772.9,66.4,448772.9,363147.1,402596.4,402596.4,169252.8,169252.8,227597.0,227597.0,189835.6,189835.6,37761.5,37680.4,227597.0,227597.0,18798.7,18798.7,21550.8,21550.8,9336.1,9336.1,10387.5,10387.5,19487.3,19487.3,5746.6,5746.6,9462.6,9462.6,11555.1,11555.1,13740.8,13740.8,10387.5,10352.9,,3236.7,,509.5,,3746.2,,,,,,,,,,,,275115.1,275115.1,90.8,302824.4,302824.4,227736.2,115799.2,227736.2,227736.2,92.8,92.8,-0.371526937,-0.371526937,245501.0,245501.0,69.5,245501.0,198659.5,47379.0,24091.2,47379.0,47379.0,82.2,82.2,0.498211562,0.498211562,57666.1,57666.1,74.9,57666.1,46663.4,386095.7,386095.7,423492.0,423492.0,110980.6,110980.6,91.8,120898.1,120898.1,106350.6,54077.1,106350.6,106350.6,103.8,103.8,-3.472857053,-3.472857053,102472.1,102472.1,60.1,102472.1,82920.5,106350.6,106350.6,102472.1,102472.1,42458.8,42458.8,49311.3,49311.3,55465.9,55465.9,49747.7,49747.7,3481.0,3481.0,4630.0,4630.0,1149.0,1149.0,164028.3,83405.0,164028.3,164028.3,96.0,96.0,-0.647586156,-0.647586156,170776.6,170776.6,40.5,170776.6,138192.5,113177.0,113177.0,113894.8,113894.8,50851.3,50851.3,57573.3,57573.3,147527.6,75014.8,147527.6,147527.6,101.6,101.6,-1.340747914,-1.340747914,145244.7,145244.7,42.4,145244.7,117532.1,111444.0,111444.0,111154.2,111154.2,36083.6,36083.6,34379.9,34379.9,6938.0,6938.0,1.96665,0.0,0.0,-337.1,-337.1,4630.0,0.0,0.0,-824.2,-824.2,17601.8,0.0,0.0
1994,17109.7,17109.7,21402.6,21402.6,402774.0,402774.0,443456.4,443456.4,6267.4,6267.4,4109.4,4109.4,94433.9,94433.9,93578.9,93578.9,80742.5,80742.5,77524.2,77524.2,28849.1,28849.1,35222.7,35222.7,,,,,,,,,,,,,34791.7,34791.7,33047.9,33047.9,,,,,,,,,66717.0,66717.0,82087.9,82087.9,9163.3,9163.3,12349.2,12349.2,412537.3,412537.3,454471.2,454471.2,412537.3,211738.4,412537.3,412537.3,90.8,90.8,1.269757697,1.269757697,30274.3,52582.0,454471.2,454471.2,67.3,454471.2,367758.2,412537.3,412537.3,177689.2,177689.2,228944.4,228944.4,191341.1,191341.1,37603.3,37695.1,228944.4,228944.4,19050.2,19050.2,22140.5,22140.5,9763.3,9763.3,11353.9,11353.9,19735.0,19735.0,5903.6,5903.6,9286.9,9286.9,11122.5,11122.5,13831.4,13831.4,11353.9,11346.3,,3212.2,,506.3,,3718.5,,,,,,,,,,,,278803.8,278803.8,90.8,307164.4,307164.4,230184.4,118144.2,230184.4,230184.4,92.6,92.6,1.21944072,1.21944072,248494.7,248494.7,70.4,248494.7,201082.0,48619.4,24954.3,48619.4,48619.4,82.3,82.3,2.460604369,2.460604369,59085.0,59085.0,76.8,59085.0,47811.6,395427.6,395427.6,433845.0,433845.0,116623.8,116623.8,91.9,126885.0,126885.0,109990.5,56453.6,109990.5,109990.5,103.3,103.3,3.956053655,3.956053655,106526.0,106526.0,62.4,106526.0,86200.8,109990.5,109990.5,106526.0,106526.0,45436.9,45436.9,52790.1,52790.1,55856.2,55856.2,50548.8,50548.8,7563.7,7563.7,6633.4,6633.4,-930.4,-930.4,165113.5,84746.0,165113.5,165113.5,95.3,95.3,1.406204839,1.406204839,173178.0,173178.0,41.1,173178.0,140135.7,114847.5,114847.5,116479.6,116479.6,50266.0,50266.0,57276.6,57276.6,148003.9,75964.3,148003.9,148003.9,97.5,97.5,4.496341678,4.496341678,151775.4,151775.4,44.3,151775.4,122816.7,110635.2,110635.2,115361.4,115361.4,37368.7,37368.7,36681.0,36681.0,6994.0,6994.0,1.94833,0.0,0.0,-339.2,-339.2,6633.4,0.0,0.0,-1396.2,-1396.2,18962.8,0.0,0.0
1995,16606.5,16606.5,17449.4,17449.4,405161.4,405161.4,445450.1,445450.1,5836.0,5836.0,4217.8,4217.8,94133.8,94133.8,94125.2,94125.2,79396.8,79396.8,77152.0,77152.0,27533.3,27533.3,34024.3,34024.3,,,,,,,,,,,,,34601.7,34601.7,32819.5,32819.5,27933.2,27933.2,,,32219.2,32219.2,,,68220.4,68220.4,83194.8,83194.8,9439.8,9439.8,12600.1,12600.1,417579.2,417579.2,456656.6,456656.6,417579.2,217217.9,417579.2,417579.2,91.4,91.4,0.480866444,0.480866444,30615.6,52082.7,456656.6,456656.6,67.6,456656.6,369526.7,417579.2,417579.2,174738.4,174738.4,234360.0,234360.0,195122.6,195122.6,39237.4,39096.6,234360.0,234360.0,21859.9,21859.9,22335.3,22335.3,12417.8,12417.8,11557.3,11557.3,22637.9,22637.9,8480.7,8480.7,9442.1,9442.1,11113.9,11113.9,14157.2,14157.2,11557.3,11577.7,3412.3,3240.3,503.3,507.3,3915.6,3747.6,161.6,741.4,702.6,318.3,1075.1,85.7,186.0,27.2,377.8,718.7,223.8,284053.1,284053.1,91.7,309901.6,309901.6,235043.1,122265.6,235043.1,235043.1,93.8,93.8,0.882615009,0.882615009,250688.0,250688.0,71.0,250688.0,202856.8,49010.0,25494.2,49010.0,49010.0,82.2,82.2,0.93127329,0.93127329,59635.2,59635.2,77.5,59635.2,48256.9,400972.7,400972.7,440368.9,440368.9,116919.5,116919.5,89.5,130651.4,130651.4,111060.4,57771.8,111060.4,111060.4,99.5,99.5,4.781019829,4.781019829,111619.0,111619.0,65.4,111619.0,90322.1,111060.4,111060.4,111619.0,111619.0,43881.9,43881.9,50887.2,50887.2,58374.4,58374.4,56375.6,56375.6,7321.0,7321.0,5859.1,5859.1,-1461.9,-1461.9,167022.4,86882.3,167022.4,167022.4,93.8,93.8,2.857270806,2.857270806,178126.2,178126.2,42.2,178126.2,144139.8,116719.9,116719.9,122581.0,122581.0,50302.5,50302.5,55797.5,55797.5,150415.9,78243.9,150415.9,150415.9,93.6,93.6,5.864828824,5.864828824,160676.8,160676.8,46.9,160676.8,130019.7,113176.9,113176.9,122859.0,122859.0,37239.0,37239.0,38143.3,38143.3,7095.0,7095.0,1.9224,0.0,0.0,-350.8,-350.8,5859.1,0.0,0.0,-1767.5,-1767.5,17264.9,0.0,0.0
1996,14756.9,14756.9,16512.7,16512.7,408625.6,408625.6,447190.7,447190.7,5127.3,5127.3,4195.0,4195.0,92981.9,92981.9,93697.5,93697.5,79135.5,79135.5,77727.1,77727.1,25211.8,25211.8,31922.6,31922.6,,,,,,,,,,,,,39396.8,39396.8,35568.2,35568.2,28782.8,28782.8,,,33149.7,33149.7,,,68930.7,68930.7,83180.7,83180.7,9233.0,9233.0,12097.0,12097.0,420822.5,420822.5,458912.1,458912.1,420822.5,223004.4,420822.5,420822.5,91.7,91.7,0.49390992,0.49390992,31272.5,52075.7,458912.1,458912.1,67.9,458912.1,371351.8,420822.5,420822.5,178252.3,178252.3,234925.9,234925.9,195527.8,195527.8,39398.1,39449.7,234925.9,234925.9,21900.0,21900.0,22982.4,22982.4,12196.8,12196.8,12003.3,12003.3,22716.1,22716.1,7644.2,7644.2,9703.2,9703.2,11295.2,11295.2,15071.9,15071.9,12003.3,12014.1,3384.2,3247.0,520.5,533.6,3904.7,3780.6,171.5,723.0,684.9,301.9,1068.0,89.3,185.4,27.5,382.7,730.9,224.5,290166.6,290166.6,92.4,313982.7,313982.7,240403.1,127395.7,240403.1,240403.1,94.5,94.5,1.494538681,1.494538681,254434.6,254434.6,72.1,254434.6,205888.6,49763.5,26370.9,49763.5,49763.5,83.1,83.1,0.465082611,0.465082611,59912.6,59912.6,77.8,59912.6,48481.3,406065.5,406065.5,443588.2,443588.2,115898.9,115898.9,89.3,129746.8,129746.8,107183.2,56799.1,107183.2,107183.2,97.2,97.2,-1.244580911,-1.244580911,110229.8,110229.8,64.6,110229.8,89198.0,107183.2,107183.2,110229.8,110229.8,39939.7,39939.7,47622.4,47622.4,59064.4,59064.4,57996.9,57996.9,7657.7,7657.7,8715.6,8715.6,1057.9,1057.9,172499.0,91411.6,172499.0,172499.0,94.0,94.0,3.010460795,3.010460795,183488.6,183488.6,43.5,183488.6,148479.1,119966.3,119966.3,126031.5,126031.5,52532.7,52532.7,57730.5,57730.5,157742.1,83591.5,157742.1,157742.1,94.5,94.5,3.920415813,3.920415813,166976.0,166976.0,48.7,166976.0,135117.0,117968.3,117968.3,127655.5,127655.5,39773.8,39773.8,39657.6,39657.6,7131.0,7131.0,1.88706,0.0,0.0,-282.0,-282.0,8715.6,0.0,0.0,-1694.6,-1694.6,17822.4,0.0,0.0
1997,20512.7,20512.7,26571.0,26571.0,415206.5,415206.5,456066.2,456066.2,5327.2,5327.2,4202.8,4202.8,94508.1,94508.1,96242.5,96242.5,80717.7,80717.7,80195.2,80195.2,22608.7,22608.7,29556.0,29556.0,84804.7,84804.7,89021.9,89021.9,292762.5,292762.5,326932.5,326932.5,17440.2,17440.2,15599.2,15599.2,46541.1,46541.1,39902.8,39902.8,27312.4,27312.4,42551.3,42551.3,38723.2,38723.2,49733.6,49733.6,68958.5,68958.5,83413.9,83413.9,8982.5,8982.5,11796.3,11796.3,428309.6,428309.6,469325.5,469325.5,428309.6,232310.9,428309.6,428309.6,91.3,91.3,2.269168171,2.269168171,32491.0,53115.9,469325.5,469325.5,69.5,469325.5,379778.4,428309.6,428309.6,182338.6,182338.6,237730.0,237730.0,198643.7,198643.7,39086.3,39124.6,237730.0,237730.0,22684.8,22684.8,24339.0,24339.0,13103.2,13103.2,13419.6,13419.6,23523.6,23523.6,8241.0,8241.0,9581.7,9581.7,11124.8,11124.8,15282.6,15282.6,13419.6,13440.1,3356.0,3217.0,543.0,548.6,3899.0,3765.6,171.5,705.5,667.9,287.3,1054.8,95.5,187.1,28.1,393.4,750.9,225.1,296636.5,296636.5,92.9,319449.5,319449.5,247109.5,134029.7,247109.5,247109.5,95.2,95.2,2.04458313,2.04458313,259636.8,259636.8,73.5,259636.8,210098.2,49527.0,26863.0,49527.0,49527.0,82.4,82.4,0.275021289,0.275021289,60077.4,60077.4,78.0,60077.4,48614.6,407797.0,407797.0,443775.9,443775.9,111160.5,111160.5,89.4,124283.5,124283.5,109146.6,59200.1,109146.6,109146.6,95.3,95.3,3.939898122,3.939898122,114572.7,114572.7,67.2,114572.7,92712.3,109146.6,109146.6,114572.7,114572.7,38141.1,38141.1,46888.6,46888.6,62017.6,62017.6,61794.4,61794.4,2393.7,2393.7,2013.9,2013.9,-379.9,-379.9,198990.3,107930.4,198990.3,198990.3,94.5,94.5,14.807416399,14.807416399,210658.6,210658.6,50.0,210658.6,170465.0,140466.4,140466.4,146889.5,146889.5,58524.0,58524.0,63981.7,63981.7,178477.7,96804.5,178477.7,178477.7,97.0,97.0,10.24795724,10.24795724,184087.6,184087.6,53.7,184087.6,148963.7,136403.5,136403.5,143924.0,143924.0,42074.2,42074.2,40785.7,40785.7,7150.0,7150.0,1.84369,0.0,0.0,-160.3,-160.3,2013.9,0.0,0.0,-1243.0,-1243.0,8467.7,0.0,0.0
1998,18076.2,18076.2,22532.2,22532.2,426289.2,426289.2,469876.7,469876.7,5156.0,5156.0,4255.0,4255.0,94987.2,94987.2,97749.9,97749.9,81539.3,81539.3,81969.8,81969.8,22672.1,22672.1,29786.9,29786.9,86891.8,86891.8,91409.9,91409.9,303473.9,303473.9,339048.9,339048.9,18833.4,18833.4,17369.9,17369.9,50092.9,50092.9,42274.8,42274.8,28132.1,28132.1,44289.4,44289.4,39245.4,39245.4,50273.6,50273.6,70901.0,70901.0,85788.5,85788.5,9377.4,9377.4,12229.3,12229.3,440568.6,440568.6,483711.9,483711.9,440568.6,241065.5,440568.6,440568.6,91.1,91.1,3.065331473,3.065331473,33616.7,54583.7,483711.9,483711.9,71.6,483711.9,391419.9,440568.6,440568.6,189437.9,189437.9,241918.2,241918.2,202605.0,202605.0,39313.2,39261.0,241918.2,241918.2,24868.6,24868.6,25965.3,25965.3,14279.5,14279.5,13988.9,13988.9,25763.8,25763.8,9212.5,9212.5,10589.2,10589.2,12239.2,12239.2,16551.3,16551.3,13988.9,13976.4,3396.8,3270.5,553.9,562.5,3950.7,3833.0,172.9,700.4,662.8,280.4,1068.1,103.7,189.1,29.7,407.8,766.1,232.3,302564.4,302564.4,92.8,326188.4,326188.4,252880.7,138368.4,252880.7,252880.7,95.2,95.2,2.341614699,2.341614699,265716.4,265716.4,75.3,265716.4,215017.8,49683.7,27185.4,49683.7,49683.7,81.9,81.9,0.951697455,0.951697455,60649.1,60649.1,78.8,60649.1,49077.3,422492.4,422492.4,462471.4,462471.4,119928.0,119928.0,87.9,136494.9,136494.9,116988.8,64012.6,116988.8,116988.8,94.6,94.6,7.940592567,7.940592567,123670.5,123670.5,72.5,123670.5,100074.2,116988.8,116988.8,123670.5,123670.5,38388.9,38388.9,47355.4,47355.4,68031.8,68031.8,68299.8,68299.8,1129.1,1129.1,2939.2,2939.2,1810.1,1810.1,202315.6,110700.8,202315.6,202315.6,93.6,93.6,2.570553669,2.570553669,216073.6,216073.6,51.2,216073.6,174846.9,138951.4,138951.4,148195.4,148195.4,63364.2,63364.2,68208.6,68208.6,184239.4,100810.1,184239.4,184239.4,95.2,95.2,5.135526721,5.135526721,193541.4,193541.4,56.5,193541.4,156613.8,137320.5,137320.5,149547.9,149547.9,46918.9,46918.9,44504.0,44504.0,7171.0,7171.0,1.82759,0.0,0.0,-153.7,-153.7,2939.2,0.0,0.0,-1680.7,-1680.7,11143.7,0.0,0.0
1999,18853.0,18853.0,22598.8,22598.8,430430.6,430430.6,475828.7,475828.7,4887.9,4887.9,4357.6,4357.6,95691.4,95691.4,99266.1,99266.1,82003.7,82003.7,83121.0,83121.0,22492.0,22492.0,28957.1,28957.1,87319.1,87319.1,90980.9,90980.9,307359.3,307359.3,344002.6,344002.6,19525.2,19525.2,18418.8,18418.8,50380.3,50380.3,44199.5,44199.5,29109.3,29109.3,45569.2,45569.2,40108.6,40108.6,50424.8,50424.8,71857.1,71857.1,86896.0,86896.0,9059.8,9059.8,11678.4,11678.4,448437.5,448437.5,492155.3,492155.3,448437.5,248740.0,448437.5,448437.5,91.1,91.1,1.745534313,1.745534313,34499.3,55236.1,492155.3,492155.3,72.8,492155.3,398252.2,448437.5,448437.5,188719.3,188719.3,246718.1,246718.1,206375.0,206375.0,40343.1,40283.4,246718.1,246718.1,26957.5,26957.5,26667.9,26667.9,18006.9,18006.9,16232.7,16232.7,27902.4,27902.4,13000.1,13000.1,8950.6,8950.6,10369.7,10369.7,14902.3,14902.3,16232.7,16196.3,3430.7,3294.5,552.2,567.5,3982.9,3862.0,176.1,690.6,652.4,274.3,1070.8,113.0,188.5,31.6,426.3,775.2,236.5,309379.1,309379.1,92.8,333209.9,333209.9,258738.5,143517.5,258738.5,258738.5,95.3,95.3,2.142851254,2.142851254,271410.4,271410.4,76.9,271410.4,219625.4,50640.6,28089.4,50640.6,50640.6,81.7,81.7,2.202062919,2.202062919,61984.6,61984.6,80.5,61984.6,50158.0,429584.5,429584.5,470941.8,470941.8,120205.4,120205.4,87.2,137889.4,137889.4,120637.2,66915.2,120637.2,120637.2,95.0,95.0,2.679826593,2.679826593,126984.6,126984.6,74.4,126984.6,102756.0,120637.2,120637.2,126984.6,126984.6,37836.6,37836.6,45622.4,45622.4,71409.7,71409.7,72046.7,72046.7,-1240.1,-1240.1,-431.8,-431.8,808.2,808.2,209246.9,116065.4,209246.9,209246.9,93.7,93.7,3.299307734,3.299307734,223202.6,223202.6,52.9,223202.6,180615.6,140588.9,140588.9,150959.2,150959.2,68658.1,68658.1,72604.4,72604.4,190394.0,105608.0,190394.0,190394.0,94.9,94.9,3.649019849,3.649019849,200603.8,200603.8,58.5,200603.8,162328.7,139560.9,139560.9,152340.6,152340.6,50833.1,50833.1,48448.6,48448.6,7210.0,7210.0,1.80284,0.0,0.0,93.8,93.8,-431.8,0.0,0.0,-1727.9,-1727.9,9176.9,0.0,0.0
2000,25811.9,25811.9,33569.6,33569.6,451845.4,451845.4,493366.4,493366.4,4969.5,4969.5,4437.2,4437.2,97426.6,97426.6,100875.0,100875.0,83803.4,83803.4,84801.9,84801.9,23283.1,23283.1,28769.6,28769.6,91870.7,91870.7,94568.0,94568.0,326166.3,326166.3,360085.6,360085.6,20703.6,20703.6,21026.1,21026.1,57505.1,57505.1,48884.5,48884.5,30028.3,30028.3,45756.5,45756.5,40743.8,40743.8,50182.4,50182.4,74902.3,74902.3,88997.0,88997.0,10412.5,10412.5,13172.2,13172.2,472595.7,472595.7,511725.4,511725.4,472595.7,264184.3,472595.7,472595.7,92.4,92.4,3.976409201,3.976409201,36444.2,57123.5,511725.4,511725.4,75.7,511725.4,414088.4,472595.7,472595.7,200283.9,200283.9,256653.2,256653.2,215721.7,215721.7,40931.5,40958.7,256653.2,256653.2,29532.8,29532.8,28161.4,28161.4,20750.3,20750.3,18006.2,18006.2,30589.7,30589.7,15658.7,15658.7,8782.5,8782.5,9839.6,9839.6,14931.0,14931.0,18006.2,18021.7,3493.4,3340.9,528.4,537.8,4021.8,3878.8,167.3,688.7,651.3,275.7,1068.0,123.0,188.9,31.6,449.8,792.5,236.3,319698.2,319698.2,93.9,340295.7,340295.7,267212.9,149373.8,267212.9,267212.9,96.3,96.3,2.252523399,2.252523399,277523.9,277523.9,78.6,277523.9,224572.5,52485.3,29339.6,52485.3,52485.3,83.4,83.4,1.48274628,1.48274628,62903.7,62903.7,81.7,62903.7,50901.7,446783.9,446783.9,479420.9,479420.9,127085.6,127085.6,91.3,139214.9,139214.9,128042.8,71576.8,128042.8,128042.8,96.5,96.5,4.543955246,4.543955246,132754.8,132754.8,77.8,132754.8,107425.2,128042.8,128042.8,132754.8,132754.8,40566.8,40566.8,46868.4,46868.4,75692.7,75692.7,76404.7,76404.7,3100.3,3100.3,-957.2,-957.2,-4057.5,-4057.5,242434.3,135522.4,242434.3,242434.3,96.9,96.9,12.146529124,12.146529124,250313.9,250313.9,59.4,250313.9,202554.1,160782.7,160782.7,166611.1,166611.1,81651.6,81651.6,84067.0,84067.0,216622.4,121093.4,216622.4,216622.4,99.9,99.9,8.045948148,8.045948148,216744.3,216744.3,63.2,216744.3,175389.6,158119.0,158119.0,161490.8,161490.8,58503.4,58503.4,55059.6,55059.6,7249.0,7249.0,1.78889,0.0,0.0,352.8,352.8,-957.2,0.0,0.0,-1486.8,-1486.8,4973.3,0.0,0.0
2001,24110.8,24110.8,31530.4,31530.4,464877.0,464877.0,502107.8,502107.8,4453.9,4453.9,4103.9,4103.9,103601.4,103601.4,106016.7,106016.7,89476.7,89476.7,89612.4,89612.4,23974.3,23974.3,28599.8,28599.8,95143.9,95143.9,96759.1,96759.1,332847.3,332847.3,364005.4,364005.4,21872.5,21872.5,22209.0,22209.0,51605.1,51605.1,45562.0,45562.0,31705.1,31705.1,46470.6,46470.6,43756.1,43756.1,52652.1,52652.1,78996.8,78996.8,92010.9,92010.9,9767.7,9767.7,12103.5,12103.5,484723.5,484723.5,519789.2,519789.2,484723.5,273987.6,484723.5,484723.5,93.3,93.3,1.575817333,1.575817333,37635.7,57776.6,519789.2,519789.2,76.9,519789.2,420613.6,484723.5,484723.5,199017.3,199017.3,271230.4,271230.4,227935.8,227935.8,43294.6,43279.6,271230.4,271230.4,29367.1,29367.1,28227.5,28227.5,19846.5,19846.5,17521.5,17521.5,30436.8,30436.8,14475.8,14475.8,9520.6,9520.6,10543.1,10543.1,15961.0,15961.0,17521.5,17541.6,3560.8,3399.1,527.9,539.1,4088.7,3938.2,157.2,699.5,662.6,279.0,1072.3,129.1,200.0,33.3,479.7,805.5,233.1,328432.3,328432.3,94.6,347111.7,347111.7,274583.0,155206.7,274583.0,274583.0,96.6,96.6,2.370389932,2.370389932,284102.3,284102.3,80.5,284102.3,229895.7,53849.3,30438.1,53849.3,53849.3,85.5,85.5,0.132349395,0.132349395,62987.0,62987.0,81.8,62987.0,50969.1,460612.7,460612.7,489608.1,489608.1,132180.4,132180.4,92.7,142600.0,142600.0,127770.2,72221.5,127770.2,127770.2,98.0,98.0,-1.78754213,-1.78754213,130381.7,130381.7,76.4,130381.7,105504.9,127770.2,127770.2,130381.7,130381.7,40518.8,40518.8,45280.6,45280.6,75290.5,75290.5,75437.5,75437.5,3617.2,3617.2,4410.3,4410.3,793.1,793.1,242616.4,137137.8,242616.4,242616.4,96.8,96.8,0.108281899,0.108281899,250585.0,250585.0,59.4,250585.0,202773.5,163146.8,163146.8,169084.3,169084.3,79469.6,79469.6,81880.0,81880.0,218505.7,123509.3,218505.7,218505.7,99.7,99.7,1.065893387,1.065893387,219054.6,219054.6,63.9,219054.6,177259.0,161056.7,161056.7,164453.5,164453.5,57449.0,57449.0,54502.5,54502.5,7280.0,7280.0,1.76914,0.0,0.0,159.9,159.9,4410.3,0.0,0.0,-1430.5,-1430.5,10787.8,0.0,0.0
2002,29510.8,29510.8,31814.3,31814.3,465273.4,465273.4,503279.6,503279.6,4501.0,4501.0,4216.9,4216.9,103410.7,103410.7,106379.9,106379.9,91212.4,91212.4,91639.2,91639.2,24807.2,24807.2,29876.3,29876.3,96747.5,96747.5,98459.3,98459.3,332554.5,332554.5,363499.2,363499.2,22508.4,22508.4,22666.0,22666.0,47979.6,47979.6,43757.1,43757.1,30459.5,30459.5,44398.1,44398.1,42354.7,42354.7,50538.2,50538.2,81840.7,81840.7,94181.2,94181.2,10664.2,10664.2,13053.8,13053.8,483440.0,483440.0,519760.6,519760.6,483440.0,282753.1,483440.0,483440.0,93.0,93.0,-0.005506606,-0.005506606,38553.7,57348.0,519760.6,519760.6,76.9,519760.6,420590.5,483440.0,483440.0,191721.2,191721.2,278987.3,278987.3,234523.4,234523.4,44463.9,44395.6,278987.3,278987.3,28353.0,28353.0,27720.4,27720.4,18166.6,18166.6,16540.1,16540.1,29444.7,29444.7,12731.4,12731.4,10186.5,10186.5,11189.8,11189.8,16713.3,16713.3,16540.1,16560.3,3610.9,3443.1,507.0,521.8,4117.9,3964.9,158.1,687.5,650.7,277.3,1066.2,126.8,207.4,34.6,497.7,826.9,235.5,329839.8,329839.8,94.4,349240.1,349240.1,274324.8,160446.3,274324.8,274324.8,96.2,96.2,0.38796527,0.38796527,285204.6,285204.6,80.8,285204.6,230787.6,55515.1,32469.5,55515.1,55515.1,86.6,86.6,1.761502446,1.761502446,64096.5,64096.5,83.3,64096.5,51866.9,453929.2,453929.2,489141.8,489141.8,124089.3,124089.3,88.7,139954.2,139954.2,127888.3,74799.0,127888.3,127888.3,97.4,97.4,0.695754807,0.695754807,131288.9,131288.9,77.0,131288.9,106239.0,127888.3,127888.3,131288.9,131288.9,40921.8,40921.8,46260.7,46260.7,74410.0,74410.0,74783.6,74783.6,-2380.3,-2380.3,-3799.0,-3799.0,-1418.7,-1418.7,233896.3,136800.7,233896.3,233896.3,95.0,95.0,-1.755732429,-1.755732429,246185.4,246185.4,58.4,246185.4,199213.3,158813.7,158813.7,168187.7,168187.7,75082.7,75082.7,78382.5,78382.5,204385.5,119540.5,204385.5,204385.5,95.3,95.3,-2.138023834,-2.138023834,214371.1,214371.1,62.5,214371.1,173469.2,148582.7,148582.7,160053.1,160053.1,55802.8,55802.8,54158.9,54158.9,7334.0,7334.0,1.70976,0.0,0.0,-59.1,-59.1,-3799.0,0.0,0.0,-1308.9,-1308.9,7356.5,0.0,0.0
2003,29184.2,29184.2,28042.7,28042.7,470807.6,470807.6,502942.8,502942.8,4081.2,4081.2,3594.8,3594.8,102609.1,102609.1,105324.1,105324.1,91285.1,91285.1,91336.1,91336.1,24961.1,24961.1,30422.4,30422.4,98046.2,98046.2,99500.3,99500.3,339156.2,339156.2,364510.9,364510.9,21731.2,21731.2,21592.2,21592.2,53631.6,53631.6,45775.5,45775.5,31138.8,31138.8,45040.0,45040.0,39692.5,39692.5,47067.5,47067.5,84120.6,84120.6,95631.6,95631.6,10795.2,10795.2,13009.5,13009.5,488937.3,488937.3,519517.1,519517.1,488937.3,285053.3,488937.3,488937.3,94.1,94.1,-0.046846203,-0.046846203,38583.3,56902.2,519517.1,519517.1,76.9,519517.1,420393.4,488937.3,488937.3,196222.1,196222.1,279988.6,279988.6,236176.4,236176.4,43812.2,43835.1,279988.6,279988.6,28745.0,28745.0,28119.3,28119.3,18129.8,18129.8,16617.5,16617.5,29889.2,29889.2,12726.7,12726.7,10615.2,10615.2,11544.7,11544.7,17162.5,17162.5,16617.5,16641.2,3621.7,3460.6,481.5,502.4,4103.2,3963.0,155.6,671.0,633.3,278.8,1054.4,123.1,203.1,35.0,497.3,853.7,231.2,335895.0,335895.0,95.5,351662.1,351662.1,278793.7,162538.4,278793.7,278793.7,97.3,97.3,0.470782362,0.470782362,286547.2,286547.2,81.2,286547.2,231874.1,57101.3,33290.4,57101.3,57101.3,87.5,87.5,1.794158095,1.794158095,65246.5,65246.5,84.8,65246.5,52797.5,459753.1,459753.1,492762.1,492762.1,123858.1,123858.1,87.7,141163.4,141163.4,126188.5,73568.6,126188.5,126188.5,97.0,97.0,-0.864283613,-0.864283613,130154.2,130154.2,76.3,130154.2,105320.8,126188.5,126188.5,130154.2,130154.2,41061.9,41061.9,47093.9,47093.9,72447.7,72447.7,72839.9,72839.9,-921.0,-921.0,-2330.4,-2330.4,-1409.4,-1409.4,232481.8,135538.3,232481.8,232481.8,95.6,95.6,-1.186650055,-1.186650055,243264.0,243264.0,57.7,243264.0,196849.3,158433.5,158433.5,168740.6,168740.6,74048.3,74048.3,74940.0,74940.0,203297.6,118523.7,203297.6,203297.6,94.5,94.5,0.396614797,0.396614797,215221.3,215221.3,62.8,215221.3,174157.2,147800.5,147800.5,162657.2,162657.2,55497.0,55497.0,52599.4,52599.4,7388.0,7388.0,1.71525,0.0,0.0,-43.1,-43.1,-2330.4,0.0,0.0,-1482.7,-1482.7,9526.6,0.0,0.0
2004,41343.1,41343.1,42591.3,42591.3,485140.7,485140.7,516619.0,516619.0,4696.2,4696.2,4224.7,4224.7,104585.1,104585.1,106167.8,106167.8,93819.1,93819.1,92813.5,92813.5,24857.9,24857.9,29965.3,29965.3,102816.5,102816.5,103227.6,103227.6,351001.5,351001.5,377021.6,377021.6,22391.8,22391.8,22056.3,22056.3,53893.8,53893.8,48577.9,48577.9,31665.8,31665.8,44161.1,44161.1,41423.0,41423.0,48746.7,48746.7,86148.4,86148.4,97620.0,97620.0,12662.2,12662.2,15009.6,15009.6,504278.2,504278.2,534175.5,534175.5,504278.2,298070.9,504278.2,504278.2,94.4,94.4,2.821528102,2.821528102,40074.1,58114.4,534175.5,534175.5,79.1,534175.5,432255.0,504278.2,504278.2,208015.8,208015.8,282527.3,282527.3,237583.2,237583.2,44944.1,44995.2,282527.3,282527.3,29852.7,29852.7,29145.2,29145.2,19137.5,19137.5,17527.8,17527.8,31037.9,31037.9,13735.1,13735.1,10715.2,10715.2,11605.1,11605.1,17302.7,17302.7,17527.8,17485.3,3648.5,3479.8,466.1,479.4,4114.6,3959.2,147.9,665.3,627.0,280.5,1053.7,121.7,201.1,36.0,505.8,865.0,237.5,343283.6,343283.6,95.9,357908.0,357908.0,285564.9,168792.9,285564.9,285564.9,97.8,97.8,1.862829763,1.862829763,291885.1,291885.1,82.7,291885.1,236193.6,57718.8,34116.7,57718.8,57718.8,87.3,87.3,1.352672277,1.352672277,66129.1,66129.1,85.9,66129.1,53511.7,462935.1,462935.1,492533.6,492533.6,119651.4,119651.4,89.2,134121.0,134121.0,133355.4,78824.3,133355.4,133355.4,97.4,97.4,5.186282117,5.186282117,136904.3,136904.3,80.3,136904.3,110783.0,133355.4,133355.4,136904.3,136904.3,43287.1,43287.1,48928.1,48928.1,76514.0,76514.0,77033.6,77033.6,-3722.5,-3722.5,-13703.9,-13703.9,-9981.4,-9981.4,257532.4,152223.3,257532.4,257532.4,96.4,96.4,9.873818912,9.873818912,267283.5,267283.5,63.4,267283.5,216285.9,179057.6,179057.6,187653.4,187653.4,78474.8,78474.8,80199.8,80199.8,216189.3,127786.1,216189.3,216189.3,96.2,96.2,4.400510089,4.400510089,224692.2,224692.2,65.6,224692.2,181821.0,153296.4,153296.4,166885.2,166885.2,62892.9,62892.9,57437.2,57437.2,7438.0,7438.0,1.69181,0.0,0.0,28.7,28.7,-13703.9,0.0,0.0,-551.1,-551.1,-3334.3,0.0,0.0
2005,34837.4,34837.4,37987.2,37987.2,504280.8,504280.8,531526.1,531526.1,4263.8,4263.8,4073.0,4073.0,110086.6,110086.6,111410.8,111410.8,99015.9,99015.9,97271.7,97271.7,25956.2,25956.2,30734.5,30734.5,108347.0,108347.0,105589.5,105589.5,363974.3,363974.3,386006.0,386006.0,23070.9,23070.9,23013.6,23013.6,56652.4,56652.4,51719.9,51719.9,33181.5,33181.5,45070.5,45070.5,43084.4,43084.4,49961.6,49961.6,87752.8,87752.8,98514.6,98514.6,11885.4,11885.4,13919.4,13919.4,523662.6,523662.6,549573.8,549573.8,523662.6,310493.7,523662.6,523662.6,95.3,95.3,2.882638436,2.882638436,41498.8,59438.0,549573.8,549573.8,81.3,549573.8,444715.3,523662.6,523662.6,218617.0,218617.0,291136.2,291136.2,245038.0,245038.0,46098.2,46239.2,291136.2,291136.2,30370.2,30370.2,29713.7,29713.7,19381.7,19381.7,18020.2,18020.2,31609.8,31609.8,13909.3,13909.3,10988.4,10988.4,11653.4,11653.4,17700.5,17700.5,18020.2,18004.0,3689.8,3501.4,454.9,473.1,4144.7,3974.5,147.5,668.7,631.1,283.9,1048.8,122.8,199.3,36.1,513.0,883.4,241.0,350749.1,350749.1,96.9,362067.0,362067.0,292279.6,173300.5,292279.6,292279.6,98.8,98.8,1.317872126,1.317872126,295731.8,295731.8,83.8,295731.8,239306.3,58469.5,34668.2,58469.5,58469.5,88.1,88.1,0.391011424,0.391011424,66387.6,66387.6,86.2,66387.6,53720.9,488825.2,488825.2,512687.3,512687.3,138076.1,138076.1,91.5,150883.0,150883.0,138371.2,82044.1,138371.2,138371.2,97.6,97.6,3.55607873,3.55607873,141772.7,141772.7,83.1,141772.7,114722.5,138371.2,138371.2,141772.7,141772.7,45805.2,45805.2,50635.7,50635.7,78302.7,78302.7,79371.1,79371.1,-1661.4,-1661.4,-295.2,-295.2,1366.2,1366.2,280456.3,166290.1,280456.3,280456.3,98.5,98.5,6.526030682,6.526030682,284726.5,284726.5,67.5,284726.5,230400.8,192917.1,192917.1,196359.3,196359.3,87539.2,87539.2,88886.2,88886.2,245618.9,145634.1,245618.9,245618.9,99.5,99.5,9.812134605,9.812134605,246739.3,246739.3,72.0,246739.3,199661.5,177984.5,177984.5,185047.8,185047.8,67634.4,67634.4,61573.4,61573.4,7482.0,7482.0,1.68655,0.0,0.0,27.5,27.5,-295.2,0.0,0.0,-1415.8,-1415.8,7694.4,0.0,0.0
2006,45080.7,45080.7,48873.6,48873.6,535591.7,535591.7,552430.7,552430.7,4171.2,4171.2,3900.4,3900.4,119119.7,119119.7,118442.9,118442.9,107122.5,107122.5,103615.8,103615.8,26353.8,26353.8,30101.9,30101.9,116467.1,116467.1,110510.2,110510.2,385947.0,385947.0,400428.6,400428.6,23488.7,23488.7,23865.7,23865.7,63686.5,63686.5,55908.3,55908.3,34058.8,34058.8,44771.0,44771.0,45650.8,45650.8,51786.4,51786.4,89784.8,89784.8,99618.1,99618.1,12810.3,12810.3,14823.5,14823.5,556438.8,556438.8,571639.2,571639.2,556438.8,348024.9,556438.8,556438.8,97.3,97.3,4.015007608,4.015007608,46249.2,61471.2,571639.2,571639.2,84.6,571639.2,462570.7,556438.8,556438.8,238600.7,238600.7,302428.5,302428.5,254867.9,254867.9,47560.6,47645.3,302428.5,302428.5,31848.0,31848.0,30780.4,30780.4,20847.1,20847.1,19128.5,19128.5,33080.9,33080.9,15409.6,15409.6,11000.9,11000.9,11545.5,11545.5,17671.3,17671.3,19128.5,19141.5,3763.7,3569.4,471.3,482.0,4234.9,4051.4,148.4,686.7,648.9,292.2,1054.5,126.3,203.1,38.3,538.1,900.1,247.2,360369.9,360369.9,98.2,366852.6,366852.6,301033.6,188281.6,301033.6,301033.6,100.3,100.3,1.521152614,1.521152614,300230.3,300230.3,85.0,300230.3,242946.5,59336.3,37111.9,59336.3,59336.3,89.1,89.1,0.324924828,0.324924828,66603.3,66603.3,86.5,66603.3,53895.4,511358.1,511358.1,523574.3,523574.3,150988.2,150988.2,96.1,157160.0,157160.0,146291.8,91498.3,146291.8,146291.8,98.4,98.4,4.818551676,4.818551676,148604.1,148604.1,87.1,148604.1,120250.5,146291.8,146291.8,148604.1,148604.1,46548.8,46548.8,49914.0,49914.0,84669.5,84669.5,85916.0,85916.0,32.9,32.9,4696.4,4696.4,4663.5,4663.5,313577.4,196127.1,313577.4,313577.4,103.5,103.5,6.45130784,6.45130784,303095.1,303095.1,71.9,303095.1,245264.6,218728.1,218728.1,210111.2,210111.2,94849.3,94849.3,93538.9,93538.9,268496.6,167931.3,268496.6,268496.6,105.6,105.6,3.03243316,3.03243316,254221.5,254221.5,74.2,254221.5,205716.1,197894.4,197894.4,191433.3,191433.3,70602.3,70602.3,62762.7,62762.7,7525.0,7525.0,1.59885,0.0,0.0,80.0,80.0,4696.4,0.0,0.0,-1228.0,-1228.0,7327.9,0.0,0.0
2007,64803.5,64803.5,68339.8,68339.8,570114.1,570114.1,574089.6,574089.6,4554.6,4554.6,4150.8,4150.8,127818.1,127818.1,124307.5,124307.5,115310.3,115310.3,109032.1,109032.1,26769.7,26769.7,29391.7,29391.7,124544.2,124544.2,116119.1,116119.1,410971.6,410971.6,416463.2,416463.2,23793.0,23793.0,24187.9,24187.9,72463.1,72463.1,60594.7,60594.7,35528.0,35528.0,45064.6,45064.6,49080.7,49080.7,54207.5,54207.5,92706.0,92706.0,101412.2,101412.2,12856.7,12856.7,14723.3,14723.3,592442.3,592442.3,594480.3,594480.3,592442.3,386678.3,592442.3,592442.3,99.7,99.7,3.995722247,3.995722247,50952.5,63388.3,594480.3,594480.3,88.0,594480.3,481053.7,592442.3,592442.3,255747.2,255747.2,318909.5,318909.5,268547.3,268547.3,50362.1,50402.5,318909.5,318909.5,33117.8,33117.8,31759.9,31759.9,22328.2,22328.2,20261.8,20261.8,34432.1,34432.1,17785.6,17785.6,10789.6,10789.6,11313.0,11313.0,16646.5,16646.5,20261.8,20273.7,3851.8,3612.1,492.4,509.9,4344.3,4122.0,154.0,707.3,668.3,300.6,1067.4,128.5,213.4,41.1,566.1,913.9,251.9,373532.5,373532.5,99.8,374364.0,374364.0,312295.7,203830.8,312295.7,312295.7,101.9,101.9,2.129002381,2.129002381,306622.2,306622.2,86.8,306622.2,248118.8,61236.8,39968.4,61236.8,61236.8,90.5,90.5,1.634171193,1.634171193,67691.8,67691.8,87.9,67691.8,54776.2,527638.7,527638.7,526045.4,526045.4,154106.2,154106.2,101.4,151991.9,151991.9,156798.8,102340.2,156798.8,156798.8,100.3,100.3,5.229134482,5.229134482,156374.8,156374.8,91.7,156374.8,126538.6,156798.8,156798.8,156374.8,156374.8,47313.3,47313.3,48785.2,48785.2,93157.1,93157.1,93574.5,93574.5,-509.0,-509.0,-2692.6,-2692.6,-2183.6,-2183.6,362850.0,236826.8,362850.0,362850.0,107.6,107.6,11.30587157,11.30587157,337362.6,337362.6,80.0,337362.6,272993.9,252111.4,252111.4,232663.2,232663.2,110738.6,110738.6,105349.3,105349.3,298046.4,194530.5,298046.4,298046.4,110.8,110.8,5.822196459,5.822196459,269022.8,269022.8,78.5,269022.8,217693.3,219838.1,219838.1,202601.2,202601.2,78208.3,78208.3,66396.4,66396.4,7589.0,7589.0,1.53213,0.0,0.0,129.0,129.0,-2692.6,0.0,0.0,-165.4,-165.4,-4548.3,0.0,0.0
2008,65450.2,65450.2,70073.1,70073.1,594974.1,594974.1,590423.2,590423.2,4814.1,4814.1,4147.2,4147.2,133590.4,133590.4,128053.4,128053.4,120683.4,120683.4,112511.5,112511.5,27635.7,27635.7,29707.2,29707.2,133604.3,133604.3,120075.1,120075.1,428933.9,428933.9,428710.1,428710.1,24708.7,24708.7,25358.5,25358.5,66517.6,66517.6,58391.4,58391.4,37717.8,37717.8,46703.9,46703.9,52980.6,52980.6,56695.9,56695.9,98249.7,98249.7,105371.8,105371.8,15155.3,15155.3,17197.4,17197.4,617696.5,617696.5,610861.3,610861.3,617696.5,413714.8,617696.5,617696.5,101.1,101.1,2.75551139,2.75551139,53869.1,64363.2,610861.3,610861.3,90.4,610861.3,494309.2,617696.5,617696.5,264219.9,264219.9,334710.2,334710.2,282835.1,282835.1,51875.1,51750.1,334710.2,334710.2,34046.3,34046.3,32205.7,32205.7,22722.3,22722.3,20356.5,20356.5,35601.9,35601.9,18766.4,18766.4,11324.0,11324.0,11691.0,11691.0,16835.5,16835.5,20356.5,20352.1,3956.8,3730.3,491.5,498.5,4448.3,4228.8,155.9,719.2,680.3,303.1,1083.6,130.4,218.7,44.8,595.7,931.2,265.8,387538.7,387538.7,101.8,380598.5,380598.5,322791.3,216196.0,322791.3,322791.3,103.7,103.7,1.512638541,1.512638541,311260.3,311260.3,88.2,311260.3,251872.0,64747.4,43365.9,64747.4,64747.4,93.4,93.4,2.444265447,2.444265447,69346.3,69346.3,90.1,69346.3,56115.1,552246.2,552246.2,540865.4,540865.4,164707.6,164707.6,102.6,160517.4,160517.4,160922.3,107781.0,160922.3,160922.3,102.3,102.3,0.579311531,0.579311531,157280.7,157280.7,92.2,157280.7,127271.6,160922.3,160922.3,157280.7,157280.7,49109.3,49109.3,48806.6,48806.6,95352.3,95352.3,94592.8,94592.8,-3156.9,-3156.9,3785.3,3785.3,6942.1,6942.1,388322.9,260087.2,388322.9,388322.9,110.4,110.4,4.218649725,4.218649725,351594.7,351594.7,83.4,351594.7,284510.6,277887.0,277887.0,245936.9,245936.9,110436.0,110436.0,106228.4,106228.4,322872.7,216250.6,322872.7,322872.7,114.7,114.7,4.646044168,4.646044168,281521.7,281521.7,82.1,281521.7,227807.4,243660.8,243660.8,214919.7,214919.7,79211.9,79211.9,66804.7,66804.7,7680.0,7680.0,1.49305,0.0,0.0,81.7,81.7,3785.3,0.0,0.0,-335.8,-335.8,2900.9,0.0,0.0
2009,45666.0,45666.0,48248.3,48248.3,586152.9,586152.9,578227.8,578227.8,4357.0,4357.0,4345.7,4345.7,123544.6,123544.6,113835.3,113835.3,110298.9,110298.9,98724.0,98724.0,28027.2,28027.2,30175.9,30175.9,130744.2,130744.2,123441.2,123441.2,430224.1,430224.1,430586.1,430586.1,25029.6,25029.6,25924.5,25924.5,63596.8,63596.8,55742.6,55742.6,38310.0,38310.0,45219.1,45219.1,55316.6,55316.6,57205.8,57205.8,103079.7,103079.7,108186.6,108186.6,14147.3,14147.3,15717.3,15717.3,607377.3,607377.3,598157.6,598157.6,607377.3,413164.5,607377.3,607377.3,101.5,101.5,-2.079633245,-2.079633245,53140.1,62254.6,598157.6,598157.6,88.5,598157.6,484029.4,607377.3,607377.3,247960.0,247960.0,342394.3,342394.3,290090.2,290090.2,52304.1,52270.1,342394.3,342394.3,33251.9,33251.9,32289.9,32289.9,21224.4,21224.4,19858.0,19858.0,34847.7,34847.7,17023.0,17023.0,12027.5,12027.5,12357.4,12357.4,17824.8,17824.8,19858.0,19845.6,3998.4,3786.9,470.7,481.2,4469.1,4268.0,149.0,707.2,667.6,304.0,1073.7,130.7,223.8,47.4,605.5,953.6,274.3,394247.9,394247.9,101.7,387713.4,387713.4,325831.7,221644.9,325831.7,325831.7,103.1,103.1,1.5561206,1.5561206,316103.9,316103.9,89.5,316103.9,255791.4,68416.2,46539.6,68416.2,68416.2,95.4,95.4,3.4311255,3.4311255,71725.7,71725.7,93.2,71725.7,58040.4,561711.3,561711.3,551526.0,551526.0,167463.4,167463.4,102.1,164065.2,164065.2,149060.2,101397.2,149060.2,149060.2,101.9,101.9,-6.96534863,-6.96534863,146325.6,146325.6,85.8,146325.6,118406.7,149060.2,149060.2,146325.6,146325.6,50081.8,50081.8,50274.2,50274.2,83215.7,83215.7,82350.6,82350.6,-4808.8,-4808.8,18403.2,18403.2,23212.0,23212.0,349982.5,238073.3,349982.5,349982.5,109.0,109.0,-8.713528648,-8.713528648,320958.4,320958.4,76.1,320958.4,259719.7,241919.1,241919.1,219265.2,219265.2,108063.4,108063.4,102669.4,102669.4,304316.5,207009.3,304316.5,304316.5,111.6,111.6,-3.129964566,-3.129964566,272710.1,272710.1,79.6,272710.1,220677.1,222047.5,222047.5,202141.5,202141.5,82269.0,82269.0,70499.6,70499.6,7775.0,7775.0,1.47006,0.0,0.0,71.9,71.9,18403.2,0.0,0.0,-1985.4,-1985.4,15754.2,0.0,0.0
2010,68681.9,68681.9,66611.4,66611.4,606823.8,606823.8,596605.1,596605.1,4140.4,4140.4,4198.3,4198.3,127368.1,127368.1,120826.2,120826.2,114378.5,114378.5,105871.5,105871.5,29471.4,29471.4,32242.0,32242.0,140626.2,140626.2,127426.8,127426.8,445843.8,445843.8,439864.8,439864.8,26036.3,26036.3,26925.9,26925.9,63263.3,63263.3,56628.1,56628.1,39024.3,39024.3,45086.7,45086.7,57144.7,57144.7,58974.0,58974.0,105281.0,105281.0,109547.6,109547.6,14468.1,14468.1,15915.3,15915.3,629325.2,629325.2,617706.0,617706.0,629325.2,429262.3,629325.2,629325.2,101.9,101.9,3.268101663,3.268101663,54768.0,63773.7,617706.0,617706.0,91.4,617706.0,499847.9,629325.2,629325.2,265411.2,265411.2,345311.6,345311.6,292176.8,292176.8,53134.8,53218.2,345311.6,345311.6,34574.7,34574.7,33449.3,33449.3,22501.5,22501.5,20999.9,20999.9,36575.3,36575.3,18602.4,18602.4,12073.2,12073.2,12330.0,12330.0,17972.9,17972.9,20999.9,20957.5,4000.4,3725.7,481.3,481.9,4481.7,4207.6,155.5,695.6,650.0,311.1,1071.1,131.0,223.0,47.4,610.0,973.6,263.5,402532.8,402532.8,102.1,394281.1,394281.1,332955.2,227108.5,332955.2,332955.2,103.4,103.4,1.87449152,1.87449152,322029.3,322029.3,91.2,322029.3,260586.2,69577.7,47458.9,69577.7,69577.7,96.2,96.2,0.834131035,0.834131035,72324.0,72324.0,94.0,72324.0,58524.6,560643.4,560643.4,551906.2,551906.2,158110.5,158110.5,100.1,157901.7,157901.7,153867.9,104953.2,153867.9,153867.9,101.7,101.7,3.398403757,3.398403757,151298.3,151298.3,88.7,151298.3,122430.7,153867.9,153867.9,151298.3,151298.3,52033.3,52033.3,52033.3,52033.3,86396.6,86396.6,86396.6,86396.6,-1712.9,-1712.9,4242.6,4242.6,5955.5,5955.5,405276.2,276438.6,405276.2,405276.2,112.2,112.2,12.58691429,12.58691429,361357.2,361357.2,85.7,361357.2,292410.4,297705.7,297705.7,257694.1,257694.1,107570.5,107570.5,104239.7,104239.7,336594.3,229590.8,336594.3,336594.3,114.2,114.2,8.080230039,8.080230039,294745.8,294745.8,86.0,294745.8,238508.4,252349.5,252349.5,219530.9,219530.9,84244.9,84244.9,75202.2,75202.2,7837.8,7837.8,1.46606,0.0,0.0,101.0,101.0,4242.6,0.0,0.0,-1160.3,-1160.3,5443.1,0.0,0.0
2011,55811.6,55811.6,54387.7,54387.7,618868.7,618868.7,608871.6,608871.6,4302.0,4302.0,4627.1,4627.1,131298.9,131298.9,130410.7,130410.7,118623.5,118623.5,115444.6,115444.6,30793.8,30793.8,32489.7,32489.7,138457.4,138457.4,124442.2,124442.2,452474.0,452474.0,441565.6,441565.6,26301.7,26301.7,26581.0,26581.0,64439.7,64439.7,57375.8,57375.8,40813.2,40813.2,45722.6,45722.6,58969.8,58969.8,60881.5,60881.5,109289.0,109289.0,112181.7,112181.7,14203.2,14203.2,15459.5,15459.5,641200.3,641200.3,629568.8,629568.8,641200.3,458820.1,641200.3,641200.3,101.8,101.8,1.920446028,1.920446028,58034.4,64438.1,629568.8,629568.8,93.2,629568.8,509447.3,641200.3,641200.3,264668.8,264668.8,358318.3,358318.3,303385.8,303385.8,54932.5,54999.2,358318.3,358318.3,35267.6,35267.6,33747.2,33747.2,22331.6,22331.6,20635.3,20635.3,37200.4,37200.4,18213.2,18213.2,12936.0,12936.0,13043.6,13043.6,18987.2,18987.2,20635.3,20622.8,4116.0,3815.1,481.6,482.9,4597.6,4298.1,160.5,711.8,664.5,319.1,1080.4,136.7,228.1,48.1,633.7,1016.0,262.9,407643.5,407643.5,101.9,399868.4,399868.4,336172.4,240553.0,336172.4,336172.4,102.9,102.9,1.400791721,1.400791721,326540.2,326540.2,92.5,326540.2,264236.5,71471.0,51142.1,71471.0,71471.0,97.4,97.4,1.495110928,1.495110928,73405.3,73405.3,95.4,73405.3,59399.6,585388.7,585388.7,577834.0,577834.0,177745.3,177745.3,99.6,178508.4,178508.4,157942.5,113018.0,157942.5,157942.5,102.0,102.0,2.358038526,2.358038526,154866.0,154866.0,90.8,154866.0,125317.6,157942.5,157942.5,154866.0,154866.0,54537.0,54537.0,53349.9,53349.9,90059.5,90059.5,90970.9,90970.9,2660.8,2660.8,19802.7,19802.7,17141.9,17141.9,422546.4,302359.2,422546.4,422546.4,112.5,112.5,3.967825258,3.967825258,375695.2,375695.2,89.1,375695.2,304012.7,316527.9,316527.9,273504.1,273504.1,106018.5,106018.5,102123.2,102123.2,366734.9,262422.4,366734.9,366734.9,114.1,114.1,9.011748978,9.011748978,321307.5,321307.5,93.7,321307.5,260002.1,280125.2,280125.2,239509.4,239509.4,86609.7,86609.7,81779.2,81779.2,7906.0,7906.0,1.3975,0.0,0.0,61.9,61.9,19802.7,0.0,0.0,-3272.9,-3272.9,20369.5,0.0,0.0
2012,69718.2,69718.2,65661.5,65661.5,627905.3,627905.3,617160.2,617160.2,4084.5,4084.5,4457.1,4457.1,130237.4,130237.4,128141.7,128141.7,117188.6,117188.6,112610.6,112610.6,31194.8,31194.8,32878.1,32878.1,139234.1,139234.1,127669.9,127669.9,462388.6,462388.6,451811.6,451811.6,26916.2,26916.2,27145.9,27145.9,65497.6,65497.6,59086.0,59086.0,40878.2,40878.2,44256.3,44256.3,61196.5,61196.5,62996.0,62996.0,112492.1,112492.1,114166.9,114166.9,16173.9,16173.9,17369.6,17369.6,648980.5,648980.5,637231.8,637231.8,648980.5,479280.8,648980.5,648980.5,101.8,101.8,1.217193628,1.217193628,59968.2,64518.5,637231.8,637231.8,94.3,637231.8,515648.2,648980.5,648980.5,264554.4,264554.4,367571.1,367571.1,311084.3,311084.3,56486.9,56485.2,367571.1,367571.1,35110.9,35110.9,34133.4,34133.4,21075.2,21075.2,20062.3,20062.3,37181.3,37181.3,16855.0,16855.0,14035.7,14035.7,14075.8,14075.8,20326.3,20326.3,20062.3,20065.1,4197.8,3869.9,481.6,481.5,4679.5,4351.4,162.1,713.4,666.0,324.6,1076.6,141.3,229.1,51.8,655.1,1056.5,268.9,412881.7,412881.7,101.4,407110.8,407110.8,340217.3,251255.0,340217.3,340217.3,102.0,102.0,2.186066799,2.186066799,333678.6,333678.6,94.5,333678.6,270012.8,72664.4,53663.6,72664.4,72664.4,98.9,98.9,0.04794686,0.04794686,73440.5,73440.5,95.4,73440.5,59428.1,579262.4,579262.4,572896.8,572896.8,166380.6,166380.6,100.2,166070.3,166070.3,163861.3,121013.8,163861.3,163861.3,101.4,101.4,4.321664165,4.321664165,161558.8,161558.8,94.7,161558.8,130733.4,163861.3,163861.3,161558.8,161558.8,56346.9,56346.9,54894.8,54894.8,90858.3,90858.3,92863.1,92863.1,-771.0,-771.0,2519.3,2519.3,3290.3,3290.3,437454.7,323066.2,437454.7,437454.7,115.3,115.3,0.978318717,0.978318717,379370.7,379370.7,90.0,379370.7,306986.9,321301.5,321301.5,268712.3,268712.3,116153.2,116153.2,111446.9,111446.9,367736.6,271578.4,367736.6,367736.6,117.2,117.2,-2.364793868,-2.364793868,313709.2,313709.2,91.5,313709.2,253853.6,273644.8,273644.8,225802.9,225802.9,94091.7,94091.7,88727.1,88727.1,7992.3,7992.3,1.35407,0.0,0.0,9.3,9.3,2519.3,0.0,0.0,-1619.0,-1619.0,2892.5,0.0,0.0
2013,78428.5,78428.5,78730.3,78730.3,639387.6,639387.6,628627.9,628627.9,4337.0,4337.0,4163.9,4163.9,132801.6,132801.6,130954.9,130954.9,119709.5,119709.5,115132.2,115132.2,32093.0,32093.0,33552.8,33552.8,139216.2,139216.2,128756.2,128756.2,470156.0,470156.0,460055.2,460055.2,27464.8,27464.8,27796.3,27796.3,67500.7,67500.7,63359.0,63359.0,42011.8,42011.8,44169.9,44169.9,63867.2,63867.2,64477.3,64477.3,115746.3,115746.3,116721.9,116721.9,14349.1,14349.1,15214.8,15214.8,660648.8,660648.8,648840.1,648840.1,660648.8,503360.4,660648.8,660648.8,101.8,101.8,1.821667762,1.821667762,62256.6,64938.2,648840.1,648840.1,96.0,648840.1,525041.6,660648.8,660648.8,267356.1,267356.1,376188.4,376188.4,317975.7,317975.7,58212.7,58111.6,376188.4,376188.4,35401.1,35401.1,34287.4,34287.4,21261.1,21261.1,20209.7,20209.7,37563.8,37563.8,17104.2,17104.2,14139.9,14139.9,14079.3,14079.3,20459.6,20459.6,20209.7,20221.7,4244.6,3900.7,491.5,492.2,4736.0,4393.0,164.3,703.4,656.1,328.2,1079.2,147.8,227.7,53.2,668.7,1090.2,273.4,421436.6,421436.6,101.3,416105.8,416105.8,346804.4,264236.6,346804.4,346804.4,101.6,101.6,2.262830807,2.262830807,341229.2,341229.2,96.6,341229.2,276122.8,74632.3,56863.7,74632.3,74632.3,99.7,99.7,1.959714833,1.959714833,74879.7,74879.7,97.3,74879.7,60592.7,582220.2,582220.2,570427.8,570427.8,160783.6,160783.6,104.1,154473.0,154473.0,165932.3,126426.8,165932.3,165932.3,101.8,101.8,0.856789916,0.856789916,162943.0,162943.0,95.5,162943.0,131853.5,165932.3,165932.3,162943.0,162943.0,57397.2,57397.2,55575.0,55575.0,91380.5,91380.5,94724.8,94724.8,9115.2,9115.2,-5148.7,-5148.7,-14263.9,-14263.9,471581.3,359306.4,471581.3,471581.3,109.2,109.2,13.802986884,13.802986884,431735.2,431735.2,102.4,431735.2,349360.3,353816.3,353816.3,317763.2,317763.2,117764.9,117764.9,113108.1,113108.1,393152.7,299550.3,393152.7,393152.7,111.4,111.4,12.526128134,12.526128134,353004.9,353004.9,103.0,353004.9,285651.7,295711.3,295711.3,263103.8,263103.8,97441.5,97441.5,89537.4,89537.4,8085.3,8085.3,1.31248,0.0,0.0,2.4,2.4,-5148.7,0.0,0.0,-472.2,-472.2,-8942.2,0.0,0.0
2014,76221.2,76221.2,77698.0,77698.0,651395.8,651395.8,644203.4,644203.4,4718.4,4718.4,4620.6,4620.6,132757.9,132757.9,131614.4,131614.4,120568.2,120568.2,117251.8,117251.8,32907.3,32907.3,34100.1,34100.1,142021.5,142021.5,133531.2,133531.2,481012.2,481012.2,473924.7,473924.7,28206.3,28206.3,28549.5,28549.5,65556.3,65556.3,64430.3,64430.3,43291.1,43291.1,44363.1,44363.1,67221.3,67221.3,67306.9,67306.9,118680.9,118680.9,119547.5,119547.5,16034.7,16034.7,16632.4,16632.4,672818.2,672818.2,664716.2,664716.2,672818.2,524917.0,672818.2,672818.2,101.2,101.2,2.446845133,2.446845133,64131.6,65716.4,664716.2,664716.2,98.4,664716.2,537888.6,672818.2,672818.2,273502.1,273502.1,382062.8,382062.8,323219.6,323219.6,58843.2,58926.1,382062.8,382062.8,35491.3,35491.3,34589.2,34589.2,21422.4,21422.4,20516.8,20516.8,37740.8,37740.8,17253.3,17253.3,14068.9,14068.9,14067.9,14067.9,20487.5,20487.5,20516.8,20534.1,4334.3,3978.0,491.0,491.0,4825.2,4469.0,169.9,711.5,662.5,333.5,1091.9,154.3,229.6,54.5,680.8,1117.0,282.1,425763.1,425763.1,101.1,421077.3,421077.3,349355.4,272558.9,349355.4,349355.4,101.4,101.4,0.977728271,0.977728271,344565.5,344565.5,97.6,344565.5,278822.5,76407.7,59611.5,76407.7,76407.7,99.8,99.8,2.2032305,2.2032305,76529.5,76529.5,99.4,76529.5,61927.7,596597.0,596597.0,586828.4,586828.4,170833.9,170833.9,103.1,165718.0,165718.0,170105.1,132712.0,170105.1,170105.1,101.8,101.8,2.554901082,2.554901082,167106.0,167106.0,98.0,167106.0,135222.3,170105.1,170105.1,167106.0,167106.0,57993.9,57993.9,56051.1,56051.1,93063.5,93063.5,96602.1,96602.1,7516.8,7516.8,728.9,728.9,-6787.9,-6787.9,429323.3,334948.0,429323.3,429323.3,106.0,106.0,-6.214702607,-6.214702607,404904.1,404904.1,96.0,404904.1,327648.6,306591.6,306591.6,286306.2,286306.2,122731.6,122731.6,118600.6,118600.6,353102.1,275482.0,353102.1,353102.1,107.9,107.9,-7.308324488,-7.308324488,327206.1,327206.1,95.5,327206.1,264775.3,249851.4,249851.4,232293.3,232293.3,103250.7,103250.7,94955.2,94955.2,8185.0,8185.0,1.28176,0.0,0.0,-4.0,-4.0,728.9,0.0,0.0,205.2,205.2,-1182.8,0.0,0.0
2015,78867.0,78867.0,78867.0,78867.0,654755.5,654755.5,654755.5,654755.5,4184.7,4184.7,4184.7,4184.7,131703.1,131703.1,131703.1,131703.1,118080.7,118080.7,118080.7,118080.7,33688.0,33688.0,33688.0,33688.0,141657.5,141657.5,141657.5,141657.5,485179.7,485179.7,485179.7,485179.7,29063.1,29063.1,29063.1,29063.1,66113.2,66113.2,66113.2,66113.2,44259.5,44259.5,44259.5,44259.5,68568.6,68568.6,68568.6,68568.6,120941.1,120941.1,120941.1,120941.1,14576.6,14576.6,14576.6,14576.6,675735.6,675735.6,675735.6,675735.6,675735.6,546805.5,675735.6,675735.6,100.0,100.0,1.657768745,1.657768745,65965.4,65965.4,675735.6,675735.6,100.0,675735.6,546805.5,675735.6,675735.6,269551.2,269551.2,389241.3,389241.3,328821.9,328821.9,60419.4,60419.4,389241.3,389241.3,35548.3,35548.3,35548.3,35548.3,20980.2,20980.2,20980.2,20980.2,37971.4,37971.4,16943.1,16943.1,14568.1,14568.1,14568.1,14568.1,21028.3,21028.3,20980.2,20969.3,4429.8,4070.3,469.3,468.1,4899.2,4538.4,165.9,714.0,663.3,337.6,1096.8,155.7,232.1,55.0,696.1,1153.1,293.0,430036.4,430036.4,100.0,430036.4,430036.4,353060.7,285696.8,353060.7,353060.7,100.0,100.0,2.465476513,2.465476513,353060.7,353060.7,100.0,353060.7,285696.8,76975.7,62288.8,76975.7,76975.7,100.0,100.0,0.583072158,0.583072158,76975.7,76975.7,100.0,76975.7,62288.8,596868.6,596868.6,596868.6,596868.6,166832.2,166832.2,100.0,166832.2,166832.2,170579.0,138032.6,170579.0,170579.0,100.0,100.0,2.078280055,2.078280055,170579.0,170579.0,100.0,170579.0,138032.6,170579.0,170579.0,170579.0,170579.0,,,,,,,,,-2095.6,-2095.6,-3746.7,-3746.7,-1651.2,-1651.2,421637.2,341189.0,421637.2,421637.2,100.0,100.0,4.132599993,4.132599993,421637.2,421637.2,100.0,421637.2,341189.0,298218.5,298218.5,298218.5,298218.5,123418.7,123418.7,123418.7,123418.7,342770.2,277369.7,342770.2,342770.2,100.0,100.0,4.756652078,4.756652078,342770.2,342770.2,100.0,342770.2,277369.7,239248.8,239248.8,239248.8,239248.8,103521.4,103521.4,103521.4,103521.4,8289.3,8289.3,1.23579,0.0,0.0,0.0,0.0,-3746.7,0.0,0.0,0.0,0.0,-3746.7,0.0,0.0
2016,79642.9,79642.9,88115.7,88115.7,665145.4,665145.4,668201.3,668201.3,4460.3,4460.3,4224.0,4224.0,133865.9,133865.9,135063.1,135063.1,121812.3,121812.3,123296.5,123296.5,33757.7,33757.7,34056.4,34056.4,141769.3,141769.3,144201.8,144201.8,493061.5,493061.5,494857.8,494857.8,29452.4,29452.4,30019.8,30019.8,66345.7,66345.7,67146.5,67146.5,45448.3,45448.3,44965.2,44965.2,68361.7,68361.7,67759.9,67759.9,124144.1,124144.1,123458.2,123458.2,17540.1,17540.1,17306.4,17306.4,685441.0,685441.0,689555.7,689555.7,685441.0,570267.3,685441.0,685441.0,99.4,99.4,2.045186506,2.045186506,68060.2,66594.8,689555.7,689555.7,102.0,689555.7,557988.7,685441.0,685441.0,275092.5,275092.5,393812.5,393812.5,332730.4,332730.4,61082.1,61083.6,393812.5,393812.5,35217.0,35217.0,36338.8,36338.8,20295.6,20295.6,21354.4,21354.4,37872.6,37872.6,16536.0,16536.0,14921.4,14921.4,14984.4,14984.4,21336.7,21336.7,21354.4,21353.1,4498.0,4135.7,469.3,468.8,4967.3,4604.4,164.5,705.3,653.8,339.7,1095.8,159.0,229.7,59.3,716.3,1189.4,308.4,436122.1,436122.1,100.0,436061.2,436061.2,358152.6,297972.7,358152.6,358152.6,99.8,99.8,1.629927018,1.629927018,358815.3,358815.3,101.6,358815.3,290353.5,77969.5,64868.4,77969.5,77969.5,100.9,100.9,0.351045652,0.351045652,77245.9,77245.9,100.4,77245.9,62507.4,605798.1,605798.1,601440.0,601440.0,169676.0,169676.0,102.6,165378.7,165378.7,174088.2,144836.4,174088.2,174088.2,99.2,99.2,2.918256613,2.918256613,175556.9,175556.9,102.9,175556.9,142060.7,174088.2,174088.2,175556.9,175556.9,,,,,,,,,-6186.7,-6186.7,-4412.2,-4412.2,1774.5,1774.5,450154.4,374515.6,450154.4,450154.4,100.2,100.2,6.511148485,6.511148485,449090.6,449090.6,106.5,449090.6,363404.3,321677.4,321677.4,319063.2,319063.2,128477.0,128477.0,130027.4,130027.4,370511.5,308255.0,370511.5,370511.5,102.6,102.6,5.311059352,5.311059352,360974.9,360974.9,105.3,360974.9,292101.0,261388.1,261388.1,253150.5,253150.5,109123.4,109123.4,107824.4,107824.4,8378.9,8378.9,1.20196,0.0,0.0,0.0,0.0,-4412.2,0.0,0.0,0.0,0.0,-10178.1,0.0,0.0
2017,75540.0,75540.0,89783.5,89783.5,672740.8,672740.8,678876.0,678876.0,4321.8,4321.8,4092.0,4092.0,136121.3,136121.3,141827.6,141827.6,123884.7,123884.7,129257.2,129257.2,33808.2,33808.2,34306.8,34306.8,144913.3,144913.3,143540.3,143540.3,498489.4,498489.4,498684.2,498684.2,29959.9,29959.9,30662.9,30662.9,65434.2,65434.2,68094.7,68094.7,46078.7,46078.7,44908.4,44908.4,70225.0,70225.0,69949.2,69949.2,126043.0,126043.0,125905.7,125905.7,15835.4,15835.4,15611.8,15611.8,693694.1,693694.1,700483.9,700483.9,693694.1,584052.3,693694.1,693694.1,99.0,99.0,1.584819589,1.584819589,69062.1,67025.8,700483.9,700483.9,103.7,700483.9,566831.8,693694.1,693694.1,277364.2,277364.2,399170.6,399170.6,336784.2,336784.2,62386.3,62391.4,399170.6,399170.6,36256.6,36256.6,37007.5,37007.5,20953.3,20953.3,21603.9,21603.9,38966.2,38966.2,17159.4,17159.4,15303.2,15303.2,15397.0,15397.0,21806.8,21806.8,21603.9,21629.7,4543.2,4167.8,469.3,468.9,5012.6,4636.7,155.3,701.5,650.0,344.0,1094.3,161.7,228.3,62.1,737.0,1214.3,314.2,443878.3,443878.3,100.7,440679.6,440679.6,365272.3,307539.2,365272.3,365272.3,100.6,100.6,1.162189161,1.162189161,362985.4,362985.4,102.8,362985.4,293727.9,78606.0,66181.9,78606.0,78606.0,101.2,101.2,0.585615032,0.585615032,77698.3,77698.3,100.9,77698.3,62873.5,618154.1,618154.1,610489.5,610489.5,174275.8,174275.8,102.7,169761.0,169761.0,180176.9,151699.0,180176.9,180176.9,99.1,99.1,3.591127874,3.591127874,181861.4,181861.4,106.6,181861.4,147162.3,180176.9,180176.9,181861.4,181861.4,,,,,,,,,-7759.4,-7759.4,-5901.1,-5901.1,1858.4,1858.4,451454.6,380100.0,451454.6,451454.6,100.9,100.9,-0.333536728,-0.333536728,447592.8,447592.8,106.2,447592.8,362192.2,322983.2,322983.2,317449.4,317449.4,128471.4,128471.4,130154.5,130154.5,375914.6,316499.4,375914.6,375914.6,105.1,105.1,-0.876980571,-0.876980571,357809.2,357809.2,104.4,357809.2,289539.4,260117.2,260117.2,247435.3,247435.3,115797.4,115797.4,110444.7,110444.7,8456.9,8456.9,1.18773,0.0,0.0,4.0,4.0,-5901.1,0.0,0.0,255.7,255.7,-11844.7,0.0,0.0
2018,88719.8,88719.8,102323.1,102323.1,698917.0,698917.0,699602.0,699602.0,4567.5,4567.5,4440.7,4440.7,143103.1,143103.1,150233.5,150233.5,129511.3,129511.3,135842.8,135842.8,34343.9,34343.9,35463.6,35463.6,149215.8,149215.8,143083.3,143083.3,516902.4,516902.4,509651.2,509651.2,30765.2,30765.2,31587.6,31587.6,69507.7,69507.7,69512.8,69512.8,46050.5,46050.5,44703.4,44703.4,75254.4,75254.4,74881.2,74881.2,127741.7,127741.7,127530.6,127530.6,18367.1,18367.1,18362.5,18362.5,719271.6,719271.6,720916.4,720916.4,719271.6,610138.7,719271.6,719271.6,99.8,99.8,2.916905078,2.916905078,71631.2,68488.0,720916.4,720916.4,106.7,720916.4,583365.8,719271.6,719271.6,294813.7,294813.7,407874.6,407874.6,344199.5,344199.5,63675.2,63653.3,407874.6,407874.6,36056.0,36056.0,37041.1,37041.1,20354.6,20354.6,21290.1,21290.1,38800.3,38800.3,16583.3,16583.3,15701.4,15701.4,15736.3,15736.3,22217.0,22217.0,21662.1,21684.1,4594.3,4206.4,470.3,468.9,5064.5,4675.3,152.4,705.2,653.4,345.9,1095.2,165.7,224.3,64.3,755.6,1236.7,319.2,452078.8,452078.8,101.9,443848.7,443848.7,372225.4,315748.7,372225.4,372225.4,101.9,101.9,0.662295726,0.662295726,365389.4,365389.4,103.5,365389.4,295673.3,79853.4,67737.5,79853.4,79853.4,101.8,101.8,0.983245707,0.983245707,78462.2,78462.2,101.9,78462.2,63491.7,630551.8,630551.8,618080.6,618080.6,178473.0,178473.0,102.5,174138.9,174138.9,183963.7,156051.5,183963.7,183963.7,99.8,99.8,1.30954358,1.30954358,184242.9,184242.9,108.0,184242.9,149089.4,183963.7,183963.7,184242.9,184242.9,,,,,,,,,-2409.6,-2409.6,-5490.7,-5490.7,-3081.1,-3081.1,475838.9,403641.3,475838.9,475838.9,102.9,102.9,3.332703715,3.332703715,462509.7,462509.7,109.7,462509.7,374263.0,337339.4,337339.4,324799.0,324799.0,138499.5,138499.5,137821.7,137821.7,387119.0,328382.6,387119.0,387119.0,107.5,107.5,0.664416402,0.664416402,360186.6,360186.6,105.1,360186.6,291463.1,267320.1,267320.1,250538.6,250538.6,119799.0,119799.0,109715.3,109715.3,8517.8,8517.8,1.17887,0.0,0.0,24.2,24.2,-5490.7,0.0,0.0,602.7,602.7,-9501.4,0.0,0.0
2019,86159.2,86159.2,99507.9,99507.9,707357.1,707357.1,708537.9,708537.9,4585.1,4585.1,4147.6,4147.6,146599.2,146599.2,154705.4,154705.4,132533.4,132533.4,139906.0,139906.0,34864.8,34864.8,35938.6,35938.6,147247.1,147247.1,142930.8,142930.8,521308.0,521308.0,514097.0,514097.0,31683.9,31683.9,32392.8,32392.8,69199.0,69199.0,70692.8,70692.8,48927.3,48927.3,46621.9,46621.9,76116.8,76116.8,75081.1,75081.1,131372.0,131372.0,129995.8,129995.8,16761.9,16761.9,16420.5,16420.5,727212.1,727212.1,729646.6,729646.6,727212.1,617711.3,727212.1,727212.1,99.7,99.7,1.21099224,1.21099224,72002.4,68822.5,729646.6,729646.6,108.0,729646.6,590430.3,727212.1,727212.1,290811.6,290811.6,419971.1,419971.1,353429.9,353429.9,66541.2,66354.6,419971.1,419971.1,35908.5,35908.5,37051.7,37051.7,19855.0,19855.0,21063.3,21063.3,38959.7,38959.7,16429.5,16429.5,16053.5,16053.5,15964.0,15964.0,22530.2,22530.2,22018.8,22039.7,4651.2,4256.3,450.5,449.5,5101.7,4705.8,132.7,710.0,657.0,348.0,1093.0,170.2,224.1,64.4,773.9,1259.6,325.9,457156.9,457156.9,101.7,449385.2,449385.2,375926.3,319320.7,375926.3,375926.3,101.5,101.5,1.359304808,1.359304808,370356.2,370356.2,104.9,370356.2,299692.4,81230.6,68999.2,81230.6,81230.6,102.8,102.8,0.725802702,0.725802702,79031.7,79031.7,102.7,79031.7,63952.5,641053.0,641053.0,629421.6,629421.6,183896.1,183896.1,102.2,179925.4,179925.4,185414.8,157495.7,185414.8,185414.8,100.0,100.0,0.595815137,0.595815137,185340.7,185340.7,108.7,185340.7,149977.7,185414.8,185414.8,185340.7,185340.7,,,,,,,,,1083.4,1083.4,-1518.7,-1518.7,-2602.1,-2602.1,476554.5,404796.7,476554.5,476554.5,103.8,103.8,-0.781963425,-0.781963425,458893.0,458893.0,108.8,458893.0,371336.4,339863.6,339863.6,324319.3,324319.3,136691.0,136691.0,134614.7,134614.7,390395.3,331611.1,390395.3,390395.3,108.6,108.6,-0.222511101,-0.222511101,359385.1,359385.1,104.8,359385.1,290814.6,269733.6,269733.6,248156.1,248156.1,120661.8,120661.8,111254.6,111254.6,8579.0,8579.0,1.17727,0.0,0.0,45.3,45.3,-1518.7,0.0,0.0,825.3,825.3,-4589.9,0.0,0.0
2020,62111.4,62111.4,88260.0,88260.0,686864.6,686864.6,692974.8,692974.8,4869.0,4869.0,4059.2,4059.2,143404.9,143404.9,150287.3,150287.3,128111.1,128111.1,135750.9,135750.9,34890.5,34890.5,35019.0,35019.0,135423.0,135423.0,134398.5,134398.5,503700.1,503700.1,503879.5,503879.5,30466.4,30466.4,31147.4,31147.4,66508.5,66508.5,74645.4,74645.4,50844.0,50844.0,47558.0,47558.0,72481.3,72481.3,71171.0,71171.0,133004.6,133004.6,131002.4,131002.4,14972.2,14972.2,14209.1,14209.1,706241.8,706241.8,712187.4,712187.4,706241.8,619632.5,706241.8,706241.8,99.2,99.2,-2.392826051,-2.392826051,71687.3,66674.3,712187.4,712187.4,105.4,712187.4,576302.3,706241.8,706241.8,274755.7,274755.7,415515.4,415515.4,346047.8,346047.8,69467.6,69513.0,415515.4,415515.4,35466.4,35466.4,35273.6,35273.6,19377.2,19377.2,19086.2,19086.2,38620.8,38620.8,15970.7,15970.7,16089.2,16089.2,16103.7,16103.7,22650.1,22650.1,,,4637.1,4257.0,439.8,439.2,5077.0,4696.1,132.3,703.2,649.6,347.1,1067.9,172.9,225.0,66.8,764.7,1284.3,312.7,443862.2,443862.2,101.2,438531.7,438531.7,360019.6,315869.0,360019.6,360019.6,100.9,100.9,-3.685529327,-3.685529327,356706.6,356706.6,101.0,356706.6,288647.1,83842.6,73560.7,83842.6,83842.6,102.5,102.5,3.463800234,3.463800234,81769.2,81769.2,106.2,81769.2,66167.7,644130.4,644130.4,623040.0,623040.0,200268.2,200268.2,108.6,184369.1,184369.1,181795.2,159500.9,181795.2,181795.2,99.9,99.9,-1.768922205,-1.768922205,182062.1,182062.1,106.7,182062.1,147324.7,181795.2,181795.2,182062.1,182062.1,,,,,,,,,4350.7,4350.7,18473.0,18473.0,14122.2,14122.2,440285.4,386291.4,440285.4,440285.4,102.1,102.1,-6.00437181,-6.00437181,431339.4,431339.4,102.3,431339.4,349040.0,329481.7,329481.7,315976.8,315976.8,110803.7,110803.7,115044.8,115044.8,378174.0,331797.0,378174.0,378174.0,110.2,110.2,-4.537116475,-4.537116475,343079.4,343079.4,100.1,343079.4,277620.0,271947.0,271947.0,244039.4,244039.4,106227.0,106227.0,99048.6,99048.6,8643.5,8643.5,1.13978,0.0,0.0,126.4,126.4,18473.0,0.0,0.0,1082.5,1082.5,3389.4,0.0,0.0
2021,,,,,,,,,,,,,,,,,,,,,,,,,,,,,,,,,,,,,,,,,,,,,,,,,,,,,,,,,,,,,,,,,,,,,,,,,,,,,,,,,,,,,,,,,,,,,,,,,,,,,,,,,,,,,,,,,,,,,,,,,,,,,,,,,,,,,,,,,,,,,,,,,,,,,,,,,,,,,,,,,,,,,,,,,,,,,,,,,,,,,,,,,,,,,,,,,,,,,,,,,,,,,,,,,,,,,,,,,,,,,,,,,,,,,,,,,,,,,,,,1.10931,,,,,,,,,,,,
